rank,docstoc_upload_count,template_family,example_original_slug
1,4,.. msds inst alpha stp apex manual detergent. euk,.._MSDS0_INST_ALPHA_STP_APEX-MANUAL-DETERGENT.999174-02-EUK
2,4,merchandise order form,Merchandise-Order-form-_10-11_
3,4,product sheet,Product-Sheet-Template
4,4,project implementation plan,Project-Implementation-Plan
5,4,clips report,CLIPS-REPORT
6,4,program guide,program-guide
7,4,high school resume,High-school-resume
8,4,energy audit,energy_audit
9,4,final project report,Final-Project-Report
10,4,acceptance form,Acceptance-Form
11,4,integrated marketing communications plan,Integrated-Marketing-Communications-Plan-Template
12,4,policies and procedures manual,Policies-and-Procedures-manual
13,4,email marketing secrets guide,Email_Marketing_Secrets_Guide
14,4,maximizing business application functionality,maximizing-business-application-functionality
15,4,munis release notes version,MUNIS-Release-Notes---Version-82
16,4,haccp plan,HACCP_plan
17,4,private equity,Private-Equity
18,4,invoice format,Invoice-Format
19,4,resignation letter format,Resignation-Letter-Format
20,4,government finance statistics manual appendix (russian),Government-Finance-Statistics-Manual-2001----Appendix-1-(Russian)
21,4,certificate of service certificate of service california,Certificate-Of-Service-Certificate-Of-Service---California
22,4,request for dismissal request for dismissal california,Request-For-Dismissal-Request-For-Dismissal---California
23,4,tenants handbook,tenants-handbook
24,4,plan operativo,plan_operativo
25,4,combination resume,combination-resume
26,4,us government rental car pocs,US-Government-Rental-Car-POCs
27,4,counseling intake form,counseling_intake_form
28,4,form misc,Form-1099-MISC
29,4,complete report [],Complete-Report-1997[258]
30,4,consent letter,Consent-Letter
31,4,form ss,Form-1040-SS
32,4,moving checklist,MOVING-CHECKLIST
33,4,budget narrative,SAMPLE---Budget-Narrative---SAMPLE
34,4,privacy and confidentiality,Privacy-and-Confidentiality
35,4,draft agenda,Draft-Agenda
36,4,hotel reservation form,Hotel-Reservation-Form
37,4,briefing note,Briefing-Note
38,4,behavior intervention plan,Behavior-Intervention-Plan
39,4,contoh cv,Contoh-CV
40,4,x dvd rw dl dvd writer comparison guide,16x-Dvd+-rw-Dl-Dvd-Writer-Comparison-Guide
41,4,basic guide to the internet,A-Basic-Guide-to-the-Internet
42,4,detailed resume,Example-detailed-Resume
43,4,maintenance schedule,Maintenance-Schedule
44,4,end of new order regime and the birth of reformation,End-of-New-Order-Regime-and-the-Birth-of-Reformation
45,4,offer to purchase real estate,OFFER-TO-PURCHASE-REAL-ESTATE
46,4,purchase and assumption agreement,Purchase-And-Assumption-Agreement---GREAT-SOUTHERN-BANCORP-INC---11-7-2011
47,4,stock data mffaiscom,Download-Stock-Data---Mffaiscom
48,4,plant checklist,Plant-Checklist
49,4,account statement,Account-Statement-Template
50,4,feasibility study,Feasibility-Study-Template
51,4,purchasing manual,Purchasing-Manual
52,4,sales invoice,Sales-Invoice
53,4,presidents report,Presidents-Report
54,4,assumption agreement,Assumption-Agreement---POSTROCK-ENERGY-CORP---11-9-2011
55,4,employee termination checklist,Employee-Termination-Checklist
56,4,statement of significance,Statement-of-Significance
57,4,cv download as,CV---Download-as-DOC
58,4,direct deposit,direct_deposit
59,4,web design agreement,Sample-Web-Design-Agreement
60,4,deposit form,Deposit-form
61,4,ec declaration of conformity,EC-Declaration-of-Conformity
62,4,non competition and non solicitation agreement,NON-COMPETITION-AND-NON-SOLICITATION-AGREEMENT
63,4,facebook,facebook-template
64,4,printable schedule,Printable-Schedule
65,4,sailing schedule,SAILING-SCHEDULE
66,4,debt settlement,DEBT-SETTLEMENT
67,4,stock pledge agreement,Stock-Pledge-Agreement---EXCEL-GLOBAL----11-14-2011
68,4,company cash flow statement,Company-cash-flow-statement
69,4,world shipping,Download---World-Shipping
70,4,emergency contact form,EMERGENCY-CONTACT-FORM---DOC
71,4,editable newspapers,Editable-Newspapers-Template
72,4,plan print excel,plan_print---Excel-4
73,4,microsoft windows ce release notes,Microsoft-Windows-CE-50-Release-Notes
74,4,receipt on distribution receipt on distribution illinois,Receipt-On-Distribution-Receipt-On-Distribution---Illinois
75,4,multiple choice identify the letter of the choice that best,Multiple-Choice---Identify-the-letter-of-the-choice-that-best-
76,4,small estate affidavit small estate affidavit illinois,Small-Estate-Affidavit-Small-Estate-Affidavit---Illinois
77,4,board of chiropractic medicine will hold a duly noticed,The-Board-of-Chiropractic-Medicine-will-hold-a-duly-noticed
78,4,summary excel,Summary---Excel-2
79,4,daycare handbook,Daycare-Handbook
80,4,interior design contract,Interior-Design-Contract
81,4,penny stock,Penny-Stock
82,4,application for certificate of transfer application for certificate of transfer ohio,Application-For-Certificate-Of-Transfer-Application-For-Certificate-Of-Transfer---Ohio
83,4,real estate forms offer to purchase form,Free-Real-Estate-Forms---Offer-to-Purchase-Form
84,4,project request form,Project-Request-Form
85,4,car show registration form,Car_Show_Registration_Form
86,4,scholarship application form,Scholarship-Application-Form
87,4,fax cover,fax-cover
88,4,creative brief,Creative-Brief-Template
89,4,bwcc guide for rare coin collectors,BWCC-guide-for-rare-coin-collectors
90,4,investor relations consulting agreement,Investor-Relations-Consulting-Agreement---CAR-CHARGING-GROUP----11-21-2011
91,4,field trip permission form,Field_Trip_Permission_Form
92,4,ipl schedule,2010_ipl_schedule
93,4,marriage contract,The-Marriage-Contract
94,4,small business resource guide,Small-Business-Resource-Guide
95,4,power of attorney form,Power-of-Attorney-Form
96,4,plan de compras,PLAN-DE-COMPRAS
97,4,public notice,PUBLIC-NOTICE
98,4,notice to vacate,Notice-to-Vacate
99,4,recission letter,Sample-Recission-Letter
100,4,access,Access-Template
101,4,consent agenda,Consent-Agenda
102,4,constitution of the,Constitution-of-the
103,4,audit checklist,AUDIT-CHECKLIST
104,4,plan de clase,Plan-de-clase
105,4,plan de negocios,Plan-de-Negocios
106,4,budget justification,BUDGET-JUSTIFICATION
107,4,statement of motivation,Statement-of-Motivation
108,4,bid proposal forms,Bid-Proposal-Forms
109,4,demand forecasting,Demand-Forecasting
110,4,manual de calidad,MANUAL-DE-CALIDAD
111,4,supplier registration form,Supplier-Registration-Form
112,4,financial markets and institutions saunders cornett th edition solutions manual,Financial-Markets-and-Institutions-Saunders-Cornett-4th-Edition-Solutions-Manual
113,4,requirements traceability matrix template v,Requirements_Traceability_Matrix_Template_v2
114,4,ap lab %ef%bf%bd lab report,AP-2-Lab-01-%EF%BF%BD-Lab-Report
115,4,plan de cours,Plan-de-cours
116,4,cartoon analysis worksheet,CARTOON-ANALYSIS-WORKSHEET
117,4,proposal contract,PROPOSAL-CONTRACT
118,4,voluntary product accessibility,Voluntary-Product-Accessibility-Template
119,4,developing nuclear power as alternative energy,Developing-Nuclear-Power-as-Alternative-Energy
120,4,day plan,A-60-Day-Plan
121,4,montana deq air quality permit northwestern,MONTANA-DEQ---Air-Quality-Permit---NorthWestern
122,4,montana deq air quality permit treasure state construction,Montana-DEQ---AIR-QUALITY-PERMIT---Treasure-State-Construction
123,4,nursing skills checklist,Nursing-Skills-Checklist-2
124,4,memorandum no,MEMORANDUM-NO
125,4,standard contract,STANDARD-CONTRACT
126,4,cv europeo italiano,Cv-Europeo-Italiano
127,4,evaluation report,Evaluation-Report
128,4,revocation of power of attorney,Revocation-of-Power-of-Attorney
129,4,supply demand,supply-demand
130,4,personal loan agreement,Personal-Loan-Agreement-Template
131,4,accommodation booking form,ACCOMMODATION-BOOKING-FORM
132,4,seo consultant,Seo-Consultant
133,4,waiver of liability form,Waiver-of-Liability-Form
134,4,subrogation agreement,Subrogation-Agreement
135,4,living trust,Living-Trust
136,4,beta test agreement,Beta-Test-Agreement
137,4,aggregate demand and aggregate supply,Aggregate-Demand-and-Aggregate-Supply
138,4,standing order form,A_Standing_Order_form_1
139,4,cv anglais,cv-anglais
140,4,marketing newsletter,Marketing-Newsletter-Template-1
141,4,agm minutes,2009-AGM-Minutes
142,4,yillik plan,YILLIK-PLAN-2007
143,4,workshop agenda,Workshop-Agenda---DOC
144,4,cv in word easy cv,CV-in-Word---Easy-CV
145,4,metamorphosis weekly status report,MetamorphoSIS-Weekly-Status-Report
146,4,irs form es,IRS-Form-1040-ES---2011
147,4,certificate of conformance,CERTIFICATE-OF-CONFORMANCE
148,4,bid proposal,BID-PROPOSAL
149,4,requisition proposal,REQUISITION-PROPOSAL
150,4,senior project proposal,Senior-Project-Proposal
151,4,commercial proposal,Commercial-proposal
152,4,enrollment report fall,Enrollment-Report-Fall-2009
153,4,apparel order form,APPAREL-ORDER-FORM
154,4,seminar registration form,Seminar-Registration-Form
155,4,roberts rules of order,Roberts-Rules-of-Order
156,4,volunteer form,Volunteer-Form
157,4,stock transfer form,STOCK-TRANSFER-FORM
158,4,iata airport invoice xml,IATA-Airport-Invoice-XML
159,4,expression of wish form,EXPRESSION-OF-WISH-FORM
160,4,current contract information form,Current-Contract-Information-Form
161,4,plan de accion,PLAN-DE-ACCION
162,4,rental forms,Rental-Forms
163,4,property brochure,Property-Brochure-Template
164,4,srs,srs_template
165,4,illinois nature preserves commission agenda,ILLINOIS-NATURE-PRESERVES-COMMISSION-AGENDA
166,4,sponsorship request,Sponsorship-Request
167,4,position statement,POSITION-STATEMENT-TEMPLATE
168,4,geographic mobility migration report%b%d,Geographic-Mobility--Migration-Report%5B20%5D
169,4,stock exchange,stock-exchange
170,4,demand supply and market equilibrium,Demand-Supply-and-Market-Equilibrium
171,4,summary table,Summary----Table
172,4,pharmacy technician resume,pharmacy-technician-resume
173,4,minutes of the,MINUTES-OF-THE
174,4,template press release,TEMPLATE-PRESS-RELEASE
175,4,cash flow statement excel,Cash-flow-statement---Excel
176,4,order sheet,Order-Sheet
177,4,justice department guide to the freedom of information act,Justice-Department-Guide-to-the-Freedom-of-Information-Act
178,4,wind power,WIND-POWER
179,4,doj it strategic plan,DOJ-IT-Strategic-Plan-2008---2013
180,4,website worksheet,Website-Worksheet
181,4,hseep aar ip,HSEEP-AAR-IP-Template
182,4,user acceptance test plan,User-Acceptance-Test-Plan
183,4,customer letter,Customer_letter
184,4,career plan,Career-Plan
185,4,demand and supply,demand_and_supply
186,4,customer worksheet,CUSTOMER-WORKSHEET
187,4,formal letter,Formal-Letter-Template
188,4,nhs letter for headed paper,NHS-Letter-for-Headed-Paper
189,4,gift letter,GIFT-LETTER
190,4,cover letter guide,COVER-LETTER-GUIDE
191,4,warning letter,WARNING-LETTER
192,4,letter format,LETTER-FORMAT
193,4,usda food and nutrition service fy annual program performance report,USDA-Food-and-Nutrition-Service-FY-1999-Annual-Program-Performance-Report
194,4,sustainability report,Sustainability-Report
195,4,candidates bio data form,CANDIDATES-BIO-DATA-FORM
196,4,symptom checklist,Symptom-Checklist
197,4,graduate handbook,GRADUATE-HANDBOOK
198,4,audit committee charter,AUDIT-COMMITTEE-CHARTER
199,4,auditors report,Auditors-Report
200,4,accident report,Accident-report
201,4,permission letter,sample_permission_letter
202,4,can you really get a free credit report,Can_You_Really_Get_A_Free_Credit_Report_
203,4,report card,Sample-Report-Card-Template
204,4,credit card payment authorization form,Credit_Card_Payment_Authorization_Form
205,4,search engine optimization guide for bloggers,Search-Engine-Optimization-Guide-for-Bloggers
206,4,menu,Menu-Template
207,4,summary writing,Summary-Writing
208,4,capability statement,CAPABILITY-STATEMENT
209,4,privacy statement,PRIVACY-STATEMENT
210,4,statement of cash flows,STATEMENT-OF-CASH-FLOWS
211,4,letter of authority,LETTER-OF-AUTHORITY
212,4,route sheet,Route-Sheet-Template
213,4,fact sheet template (),Fact-Sheet-Template-(090731)
214,4,gap analysis,Gap-Analysis-Template
215,4,cancellation letter,Sample-Cancellation-Letter
216,4,stock options,Stock-Options
217,4,guide to buying wholesale cubic zirconia jewelry,A-Guide-to-Buying-Wholesale-Cubic-Zirconia-Jewelry
218,4,validation report,Validation-Report
219,4,activity report,Activity-Report
220,4,year end report,YEAR-END-REPORT-2007
221,4,seo checklist,SEO-Checklist
222,4,updated weekly report format,Updated-Weekly-Report-Format
223,4,advertising agreement form,Advertising-Agreement-Form
224,4,maintenance agreement,MAINTENANCE-AGREEMENT
225,4,business associate agreement,A-BUSINESS-ASSOCIATE-AGREEMENT
226,4,grant agreement,GRANT-AGREEMENT
227,4,property management agreement,Property-Management-Agreement
228,4,terms of service agreement,Terms-of-Service-Agreement
229,4,brokerage agreement,BROKERAGE-AGREEMENT
230,4,merchant agreement,Merchant-Agreement
231,4,trainer resume,Sample-Trainer-Resume---DOC
232,4,coaching contract,Sample-Coaching-Contract
233,4,adoption contract,Adoption-Contract
234,4,bridal contract,BRIDAL-CONTRACT
235,4,supply contract contract notice pl,Supply-contract---Contract-notice---233991-2009---PL
236,4,benefit restoration plan,Benefit-Restoration-Plan---COMMERCIAL-METALS-CO---12-19-2011
237,4,collaborative research and license agreement,Collaborative-Research-And-License-Agreement---PSIVIDA----12-27-2011
238,4,consultancy agreement,Consultancy-Agreement---AVG-TECHNOLOGIES-NV---1-13-2012
239,4,privacy notice,SAMPLE-PRIVACY-NOTICE
240,4,cut health plan costs by cutting out the managed care middleman,Cut_Health_Plan_Costs_By_Cutting_Out_the_Managed_Care_Middleman
241,4,day notice to quit,30-Day-Notice-to-Quit
242,4,rental property focus,Rental-Property-Focus
243,4,stress and strain spreadsheet,Stress-and-Strain-Spreadsheet
244,4,ma construction work authorization form,Ma-Construction-Work-Authorization-Form
245,4,madera county at issue memorandum,Madera-County-at-Issue-Memorandum
246,4,appreciation letter samples,Appreciation-Letter-Samples
247,4,depreciation schedule,Depreciation-Schedule
248,4,letter of request,Letter-of-Request
249,4,media release for immediate release,Media-release-For-immediate-release
250,4,insanity nutrition guide,Insanity-Nutrition-Guide
251,4,leave of absence request form,Leave-of-Absence-Request-Form
252,4,medical form,MEDICAL-FORM
253,4,medical report,MEDICAL-REPORT
254,4,job application documents,job-application-documents-2
255,4,equipment lease,sample----------equipment-lease
256,4,minority report,Minority-Report
257,4,release notes,Release-notes
258,4,osi reference model,OSI-Reference-Model
259,4,design document,design_document_template
260,4,real estate sales contract,Real-Estate-Sales-Contract
261,4,developing a business plan,Developing_a_Business_Plan_
262,4,corretions impact statement,Corretions-Impact-Statement
263,4,administrator guide,Administrator-Guide
264,4,it is considered that the proposed development will not cause,It-is-considered-that-the-proposed-development-will-not-cause
265,4,exhibitors manual,EXHIBITORS-MANUAL
266,4,asx listing rules appendix c quarterly report for entities,ASX-Listing-Rules-Appendix-4C---Quarterly-Report-for-Entities
267,4,monetary policy,Monetary-Policy
268,4,lbd template modules an introduction,LBD-Template-Modules-An-Introduction
269,4,nda,Sample_NDA
270,4,brandingzen session agenda,BRANDINGZEN-Session-1-Agenda
271,4,employee handbook receipt,Employee-handbook-receipt-2010-11
272,4,personal financial statement form,Personal-Financial-Statement-Form
273,4,template letter,Template_Letter
274,4,schedule a,SCHEDULE---A
275,4,disclosure statement,Disclosure-Statement
276,4,aaa urges drivers to heed dashboard warning lights,AAA_Urges_Drivers_to_Heed_Dashboard_Warning_Lights
277,4,monthly report format,Monthly-report-format
278,4,westvale primary school %ef%bf%bd physical education medium term plan,WESTVALE-PRIMARY-SCHOOL-%EF%BF%BD-PHYSICAL-EDUCATION-MEDIUM-TERM-PLAN
279,4,muzik yillik plan,5-Muzik-Yillik-Plan
280,4,expanded statement,Expanded-Statement
281,4,mt cover letter,MT9-Cover-Letter
282,4,case report,Case-Report
283,4,non employee director compensation plan,Non-employee-Director-Compensation-Plan---BAXTER-INTERNATIONAL-INC---2-23-2012
284,4,real estate terms from pre approval letter to townhouse,Real_Estate_Terms___From_Pre-Approval_Letter_to_Townhouse
285,4,uses of solar power,Uses_of_Solar_Power
286,4,plan pracy,Plan-pracy
287,4,public inspection and maintenance checklist,Public-Inspection-and-Maintenance-Checklist
288,4,article,Article-Template
289,4,blank document,Blank-Document-Template
290,4,monthly status report,Monthly-Status-Report-Template
291,4,job profile,Job-Profile-template
292,4,social media marketing plan,Social-Media-Marketing-Plan
293,4,beverly hills fingerprint form,Beverly-Hills-Fingerprint-Form
294,4,commercial supply agreement,Commercial-Supply-Agreement---UNIVERSAL-DISPLAY-CORP-PA---2-28-2012
295,4,fifth amendment to lease,Fifth-Amendment-To-Lease---IRONWOOD-PHARMACEUTICALS-INC---2-29-2012
296,4,accident attorney,Accident-Attorney
297,4,split dollar insurance agreement,Split-Dollar-Insurance-Agreement---SUSQUEHANNA-BANCSHARES-INC---2-29-2012
298,4,project closure report,Project-Closure-Report
299,4,clinical trial agreement,CLINICAL-TRIAL-AGREEMENT
300,4,casual games association ppt,Casual-Games-Association-ppt-Template
301,4,web design contract,Sample-Web-Design-Contract
302,4,intellectual property security agreement,Intellectual-Property-Security-Agreement---VERENIUM-CORP---3-5-2012
303,4,letter of invitation (loi),Sample-Letter-of-Invitation-(LOI)
304,4,executive order,Executive-Order-9066
305,4,discipline policy,Discipline-policy
306,4,all world shipping,ALL-WORLD-SHIPPING
307,4,yanmar tnv series service repair troubleshooting manual,10102_YANMAR_TNV_SERIES_SERVICE_REPAIR_TROUBLESHOOTING_MANUAL
308,4,derbi boulevard service repair manual,Derbi_Boulevard_125-150-200__Service_Repair_Manual
309,4,ford mondeo mk service repair manual,Ford_Mondeo_Mk3_2000-2007_Service_Repair_Manual
310,4,harley davidson touring service repair manual,Harley_Davidson_Touring_2010_Service_Repair_Manual
311,4,kawasaki kx f service repair manual,Kawasaki_Kx-250f_2003-2005_Service_Repair_Manual
312,4,kia rio dc service repair manual,Kia_Rio_Dc_2000-2005_Service_Repair_Manual
313,4,nissan titan service repair manual,Nissan_Titan_2004-2007_Service_Repair_Manual
314,4,renault megane scenic service repair manual,Renault_Megane_Scenic_1995-1999_Service_Repair_Manual
315,4,suzuki burgman an service repair manual,Suzuki_Burgman_An650_2003-2006_Service_Repair_Manual
316,4,suzuki grand vitara service repair manual,Suzuki_Grand_Vitara_1998-2005_Service_Repair_Manual
317,4,business consultant agreement,BUSINESS-CONSULTANT-AGREEMENT
318,4,public private partnership,Public_Private_partnership_
319,4,business plan for,Business-Plan-for
320,4,management plan,MANAGEMENT-PLAN
321,4,irrevocable master fee protection agreement,Irrevocable-Master-Fee-Protection-Agreement
322,4,disciplinary notice,Disciplinary-Notice
323,4,loan finance,Loan-Finance
324,4,for immediate release october,For-Immediate-Release-October-27-2006
325,4,cell phone policy,Cell-Phone-Policy
326,4,support letter,Support-Letter-Sample
327,4,customer agreement,Customer-Agreement
328,4,definitive guide to google adwords,Definitive-Guide-to-Google-AdWords
329,4,power of positive thinking,The-power-of-positive-thinking
330,4,computer consulting profit secrets,Computer_Consulting_Profit_Secrets
331,4,notice explicative,notice-explicative-2007
332,4,invoice to,INVOICE-TO
333,4,honda prelude service repair manual,honda_prelude_1983-1987_service_repair_manual
334,4,hyundai accent service repair manual,hyundai_accent_2000-2005_service_repair_manual
335,4,jeep grand cherokee zj service repair manual,jeep_grand_cherokee_zj_1994_service_repair_manual
336,4,kawasaki ninja zx r service repair manual,kawasaki_ninja_zx-10r_2006-2010_service_repair_manual
337,4,land rover discovery service repair manual,land_rover_discovery_3_2004-2008_service_repair_manual
338,4,subaru legacy service repair manual,subaru_legacy_1_1989-1994_service_repair_manual
339,4,mitsubishi colt lancer service repair manual,mitsubishi_colt_lancer_1992-1996_service_repair_manual
340,4,toyota echo service repair manual,toyota_echo_2000-2002_service_repair_manual
341,4,corrective action plan,Corrective-Action-Plan-template
342,4,employment opportunity,Employment-Opportunity
343,4,abacus manual part,Abacus-Manual-Part-1
344,4,advertising agency agreement,Advertising-Agency-Agreement
345,4,interview evaluation form,Interview-Evaluation-Form
346,4,jasper report tutorial,Jasper-Report-Tutorial
347,4,website development agreement,Website-Development-Agreement
348,4,bankruptcy worksheet,BANKRUPTCY-WORKSHEET
349,4,change management plan,Change-Management-Plan
350,4,project schedule,Project-Schedule-Template
351,4,planning application no,Planning-Application-No
352,4,best resume sample,Best-resume-sample-template
353,4,adelaide employee handbook nov,Adelaide-Employee-Handbook-Nov-2011
354,4,discovery request,Discovery-Request
355,4,rating worksheet statewide insurance corp,Rating-Worksheet---Statewide-Insurance-Corp
356,4,mental health treatment plan,Mental-Health-Treatment-Plan
357,4,style guide,Style-Guide
358,4,power pdf,Power---PDF
359,4,home buyers handbook,Home-Buyers-Handbook
360,4,quality assurance plan,Quality-Assurance-Plan---DOC
361,4,prospectus ishares comex gold trust,Prospectus-ISHARES-COMEX-GOLD-TRUST---4-16-2012
362,4,claremont weekly news letter issue,Claremont-Weekly-News-Letter-issue-39-2012
363,4,fundraising guide,Fundraising-Guide
364,4,meeting summary,Meeting-Summary
365,4,expense,EXPENSE_TEMPLATE
366,4,technical proposal,TECHNICAL-PROPOSAL
367,4,plan de acci%ef%bf%bdn tutorial,PLAN-DE-ACCI%EF%BF%BDN-TUTORIAL
368,4,letter of compliance,Letter-of-Compliance-Sample-1
369,4,promissory notes,PROMISSORY-NOTES
370,4,essential guide to internet marketing,the-essential-guide-to-internet-marketing
371,4,business loan agreement,BUSINESS-LOAN-AGREEMENT
372,4,procedure manual,Procedure-Manual
373,4,user requirements,USER-REQUIREMENTS-TEMPLATE
374,4,restaurant business plan,Restaurant-Business-Plan-Template
375,4,acceptable use policy,Acceptable-Use-Policy-Template
376,4,expression of interest letter,expression-of-interest-letter
377,4,resume writing tips,100-Resume-Writing-Tips
378,4,tops tips for techies making your resume stand out,Tops-Tips-For-Techies_-Making-Your-Resume-Stand-Out_
379,4,executive employment agreement employment agreement,Executive-Employment-Agreement-Employment-Agreement---AOL----5-9-2012
380,4,college student budget,College-Student-Budget
381,4,budget request,Budget-request
382,4,inquiry form,inquiry_form
383,4,east japan earthquake and tsunami disaster year report,85048248-East-Japan-Earthquake-and-Tsunami-Disaster-1-Year-Report
384,4,home affordable modification agreement,Home-Affordable-Modification-Agreement
385,4,long range plan,Long-Range-Plan
386,4,non profit bylaws,Non-Profit-Bylaws
387,4,letter of motivation,letter-of-motivation
388,4,memorandum to,MEMORANDUM-TO
389,4,mandm contractor name address phone,MandM-contractor-name-address-phone
390,4,visual basic guide for newbie season,Visual-Basic-60-Guide-For-Newbie-Season-1
391,4,letter of termination,Letter-of-Termination
392,4,dashboard,Free-Dashboard-Template
393,4,tips when considering a payday loan,10_Tips_When_Considering_a_Payday_Loan
394,4,project management guide,Project-Management-guide
395,4,consultant invoice,consultant-invoice
396,4,limited liability company operating agreement,Limited-Liability-Company-Operating-Agreement
397,4,employee application form,Employee_Application_Form
398,4,transfer of copyright agreement,TRANSFER-OF-COPYRIGHT-AGREEMENT
399,4,copyright transfer agreement,Copyright-Transfer-Agreement---DOC
400,4,meeting minute,Meeting-Minute-Template
401,4,team usa mortgage llc,TEAM-USA-MORTGAGE-LLC
402,4,stock rankings,Stock-Rankings-6122012
403,4,loan officer,Loan-Officer
404,4,plan de acci%ef%bf%bdn,Plan-de-Acci%EF%BF%BDn-2009
405,4,work experience certificate,work-experience-certificate
406,4,constitution day,Constitution-Day
407,4,curriculum vitae cv,Curriculum-Vitae---CV
408,4,th grade curriculum guide in english,7th-Grade-Curriculum-Guide-in-English
409,4,grant application,GRANT-APPLICATION
410,4,sponsor letter,sponsor-letter-2012
411,4,handpunch manual,HandPunch-4000-Manual
412,4,certificate of participation,Certificate-of----------Participation
413,4,dfee normal,DFEE-Normal-Template
414,4,motivational letter,motivational-letter
415,4,adsense guide,Adsense-Guide
416,4,application for rental,APPLICATION-FOR-RENTAL
417,4,tenant handbook,Tenant-Handbook
418,4,account,ACCOUNT-TEMPLATE
419,4,business plan templates,Business-Plan-Templates
420,4,reference letter consent form,REFERENCE-LETTER-CONSENT-FORM
421,4,project idea note or pin,Project-Idea-Note-or-PIN
422,4,quickstart resume template,Quickstart-Resume-Template---DOC-10
423,4,partnership contract,Download-Partnership-Contract-Template1
424,4,proposal template download as,PROPOSAL-TEMPLATE---Download-as-DOC
425,4,internship cover letter,internship-cover-letter
426,4,teacher cover letter,teacher-cover-letter-template
427,4,irrevocable letter of credit,IRREVOCABLE-LETTER-OF-CREDIT
428,4,checkpoint report,Checkpoint-Report
429,4,financial analyst resume,Financial-Analyst-Resume
430,4,banking resume,Banking-Resume
431,4,cfo resume,CFO-Resume
432,4,cpa resume,CPA-Resume
433,4,data analyst resume,Data-Analyst-Resume
434,4,financial advisor resume,Financial-Advisor-Resume
435,4,investment analyst resume,Investment-Analyst-Resume
436,4,it manager resume,IT-Manager-Resume-Sample
437,4,loan officer resume,Loan-Officer-Resume
438,4,management resume,Management-Resume
439,4,network engineer resume,Network-Engineer-Resume
440,4,untitled spreadsheet,Untitled-spreadsheet-_3_
441,4,residential leaserental agreement,RESIDENTIAL-LEASERENTAL-AGREEMENT
442,4,certificate of incorporation of,CERTIFICATE-OF-INCORPORATION-OF
443,4,client engagement letter,Sample-Client-Engagement-Letter
444,4,for immediate release date,For-Immediate-Release-DATE---DOC
445,4,mission statement worksheet,Mission-Statement-Worksheet
446,4,affidavit of domicile,Affidavit-of-Domicile---DOC
447,4,opt application guide los angeles southwest college,OPT-Application-Guide---Los-Angeles-Southwest-College
448,4,parental consent,Parental-Consent
449,4,bio data form,Bio-data-Form
450,4,irrevocable documentary credit application,Irrevocable-Documentary-Credit-Application---DOC
451,4,blank invoice,blank-invoice
452,4,in the acknowledgement letter to the applicant,In-the-acknowledgement-letter-to-the-applicant---DOC
453,4,abstract,Abstract-Template
454,4,monthly budget,Monthly-Budget
455,4,evaluation report and counseling record,EVALUATION-REPORT-and-COUNSELING-RECORD
456,4,manualsmania brother dcp c users guide,ManualsMania--Brother-DCP-135C---Users-Guide---
457,4,cv dubai guide travel property jobs hotels,DOWNLOAD-CV---Dubai-Guide---Travel-Property-Jobs-Hotels
458,4,manualsmania brother dcp c quick setup guide,ManualsMania--Brother-DCP-150C---Quick-Setup-Guide---
459,4,comments on the proposal,Comments-on-the-proposal
460,4,bylaws of the,Bylaws-of-the
461,4,excel worksheet,Excel-worksheet
462,4,agenda item no,Agenda-Item-No
463,4,formal memorandum,FORMAL-MEMORANDUM
464,4,master services agreement,Master-Services-Agreement---CELL-THERAPEUTICS-INC---8-2-2012
465,4,letter customer purchase thank you letter,Letter-Customer_Purchase_Thank_You_Letter
466,4,freelance copywriting jobs,Freelance-Copywriting-Jobs
467,4,course schedule,COURSE-SCHEDULE
468,4,cash flow,Cash-flow-template
469,4,deposit receipt,deposit-receipt-template
470,4,template executive summary,Template-Executive-Summary---DOC
471,4,certificate a,Certificate-A_
472,4,payroll accountant resume,Payroll-Accountant-Resume
473,4,personal assistant resume,Personal-Assistant-Resume
474,4,production supervisor resume,Production-Supervisor-Resume
475,4,regional manager resume,Regional-Manager-Resume
476,4,vp sales resume,VP-Sales-Resume
477,4,senior administrative assistant resume,Senior-Administrative-Assistant-Resume
478,4,senior consultant resume,Senior-Consultant-Resume
479,4,senior project manager resume,Senior-Project-Manager-Resume-Example
480,4,software designer resume,Software-Designer-Resume
481,4,software developer resume,Software-Developer-Resume
482,4,store manager resume,Store-Manager-Resume
483,4,systems analyst resume,Systems-Analyst-Resume
484,4,warehouse manager resume,Warehouse-Manager-Resume
485,4,underwriter resume,Underwriter-Resume
486,4,europe note,Europe-Note
487,4,orientation checklist,ORIENTATION-CHECKLIST---DOC
488,4,manualsmania brother mfc quick setup guide fran%ef%bf%bdais,ManualsMania--Brother-MFC-8420---Quick-Setup-Guide---Fran%EF%BF%BDais
489,4,baltic amber handbook,Baltic-Amber-Handbook
490,4,cost report,Cost-Report-template
491,4,pledge and security agreement,Pledge-And-Security-Agreement---OMNI-BIO-PHARMACEUTICAL----8-14-2012
492,4,visa application,Visa-Application
493,4,manualsmania brother mfc cn quick setup guide,ManualsMania--Brother-MFC-410CN---Quick-Setup-Guide---
494,4,manualsmania brother mfc cn quick setup guide deutsch ( schweiz ),ManualsMania--Brother-MFC-465CN---Quick-Setup-Guide---Deutsch-(-Schweiz-)
495,4,preliminary project scope statement,Preliminary-Project-Scope-Statement-Template
496,4,bank guarantee,Bank-Guarantee-Template
497,4,excel,Excel-Template
498,4,goals worksheet,Goals-Worksheet
499,4,derivative worksheet,Derivative-Worksheet
500,4,stock recommendation and price target,Stock-Recommendation-and-Price-Target-091007
501,4,coupon,Coupon-Template
502,4,copyright release form,Copyright-Release-Form
503,4,blank employment application,Blank-Employment-Application
504,4,manual welcome to shivaji university kolhapur,Manual---Welcome-to-Shivaji-University-Kolhapur
505,4,phd project proposal,PhD-Project-Proposal
506,4,asset transfer form,Asset-Transfer-Form
507,4,student loan forgiveness programs,5-Student-Loan-Forgiveness-Programs
508,4,layout westmount independent,Layout-2---Westmount-Independent
509,4,creating agreat business plan,Creating-AGreat-Business-Plan
510,4,request for proposal format,2010-Request-For-Proposal-Format
511,4,cs position description form,CS-214-Position-Description-Form---DOC-7
512,4,task worksheet,TASK-WORKSHEET
513,4,copyright form,Copyright-Form
514,4,letter to the editor,LETTER-TO-THE-EDITOR
515,4,agreement of purchase and sale,Agreement-of-Purchase-and-Sale
516,4,corporate sponsorship form,Corporate-Sponsorship-form
517,4,partnership dissolution agreement,Partnership-Dissolution-Agreement
518,4,project scope statement,PROJECT-SCOPE-STATEMENT
519,4,loan money without income,loan-money-without-income
520,4,in kind donation receipt,In-kind-donation-receipt-2009
521,4,model cv,model-cv
522,4,switching power supply,Switching-Power-Supply---DOC
523,4,agenda october,agenda-october-8
524,4,option to purchase real estate,OPTION-TO-PURCHASE-REAL-ESTATE
525,4,project proposal format,PROJECT-PROPOSAL-FORMAT---DOC
526,4,yoga thought power,Yoga---Thought-Power
527,4,sweat equity,Sweat-Equity
528,4,letter of confirmation,letter-of-confirmation
529,4,will and testament,will-and-testament
530,4,loan agreement world bank,LOAN-AGREEMENT-World-Bank
531,4,bankruptcy attorney nc,bankruptcy-attorney-nc
532,4,market report,Market-Report
533,4,monthly project report,Monthly-Project-Report
534,4,nikon coolpix s coolpix s quick start guide,Nikon---COOLPIX-S6---COOLPIX-S6-Quick-Start-Guide
535,4,attachment report solihull metropolitan borough council,Attachment-Report-Solihull-Metropolitan-Borough-Council
536,4,administrative services agreement,ADMINISTRATIVE-SERVICES-AGREEMENT
537,4,quality assurance handbook,Quality-Assurance-Handbook
538,4,moon phases worksheet,MOON-PHASES-WORKSHEET
539,4,out of stock notice,Out-of-Stock-Notice
540,4,real estate lease,REAL-ESTATE-LEASE
541,4,notice to proceed,Notice-to-Proceed
542,4,consent agreement,Sample-Consent-Agreement
543,4,consent,SAMPLE-CONSENT
544,4,web proposal,web-proposal
545,4,mole conversions worksheet,Mole-Conversions-Worksheet---DOC-1
546,4,credit card authorization,Credit-Card-Authorization
547,4,marketing proposal,Marketing-Proposal
548,4,absolute return letter,The_Absolute_Return_Letter_1012
549,4,letter of personal reference,Letter-of-Personal-Reference
550,4,analysis,Analysis-Template
551,4,minutes hamilton county indiana,Minutes-Hamilton-County-Indiana
552,4,federal national mortgage association fannie mae,FEDERAL-NATIONAL-MORTGAGE-ASSOCIATION-Fannie-Mae
553,4,cost benefit analysis,Cost-Benefit-Analysis-Template
554,4,debt settlement agreement,Debt-Settlement-Agreement
555,4,nfl power rankings week,NFL-Power-Rankings-Week-7
556,4,relocation letter,Relocation-Letter-_03_
557,4,broadcast letter,Broadcast-Letter-_17_
558,4,los angeles immigration attorney,Los-Angeles-Immigration-Attorney
559,4,pension plan,Pension-Plan
560,4,at will employment agreement,At-will-Employment-Agreement---CBEYOND----11-6-2012
561,4,how to write a proposal,How-To-Write-a-Proposal
562,4,honda cbrrr fireblade service repair manual,Honda-CBR929RR-Fireblade-Service-_-Repair-Manual-2000-2001
563,4,david hawkins power vs force,David-Hawkins---Power-Vs-Force
564,4,note and warrant purchase agreement,Note-And-Warrant-Purchase-Agreement---BIBB-CORP---11-19-2012
565,4,seadoo sea doo personal watercraft service repair manual,1989-Seadoo-Sea-Doo-Personal-Watercraft-Service-Repair-Manual-DOWNLOAD
566,4,international bachelor degree extension bachelor degree program,International-Bachelor-Degree-Extension-Bachelor-Degree-Program
567,4,irs administrative forms fincen form,2005-IRS-Administrative-Forms-FinCEN-Form-101
568,4,irs business forms form pol,2002-IRS-Business-Forms-Form-1120-POL
569,4,forms only form [],1040-Forms-Only-Form-1040[558]
570,4,iras retirement plans and exempt organizations form,IRAs-Retirement-Plans-and-Exempt-Organizations-Form-990
571,4,white cyc rental los angeles,white-cyc-rental-los-angeles
572,4,annual report annual report south dakota,Annual-Report-Annual-Report---South-Dakota
573,4,finance the whiz kids perfect credit guide,Finance-101-The-Whiz-Kids-Perfect-Credit-Guide
574,4,website redesign proposal,Website-Redesign-Proposal
575,4,scan diy cr pro users manual,SCAN-DIY-CR-PRO-Users-Manual
576,4,co branding agreement,Co-Branding-Agreement
577,4,aeg dk d dk d (pnc ) manual,AEG---310-DK-D---310-DK-D---(PNC-611527701)---Manual
578,4,aeg dk w dk w (pnc ) manual,AEG---610-DK-W---610-DK-W---(PNC-611527551)---Manual
579,4,aeg santo ka glassline santo ka glassline (pnc ) manual,AEG---Santo-2332-KA-Glassline---Santo-2332-KA-Glassline---(PNC-621572806)---Manual
580,4,counterdrug media summary,Counterdrug-Media-Summary
581,4,service business price quote,Service-Business-Price-Quote
582,4,pharmaceutical benefits [substance] amendment determination,Pharmaceutical-Benefits-[substance]-Amendment-Determination-2007
583,4,second amendment to lease,Second-Amendment-To-Lease---BLUE-NILE-INC---2-25-2013
584,4,entertainment contract,ENTERTAINMENT-CONTRACT
585,4,investors rights agreement,Investors-Rights-Agreement---ORCKIT-COMMUNICATIONS---3-13-2013
586,4,comex report daily by epic research,COMEX-REPORT-DAILY-BY-EPIC-RESEARCH
587,4,form k,FORM-K
588,4,placement agent agreement,Placement-Agent-Agreement---CADIZ-INC---3-15-2013
589,4,sales proposal,Sales-Proposal
590,4,daily agri report by epicresearch,daily-agri-report-by-epicresearch-19-3-2013
591,4,annual report with images gerry weber,Annual-Report-with-images-Gerry-Weber
592,4,legend each certificate representing shares of transfer stock,Legend-Each-certificate-representing-shares-of-Transfer-Stock
593,4,invitation,Invitation-Template
594,4,morgan stanley us equity strategy,Morgan-stanley----US-Equity-Strategy
595,4,twenty,Twenty--Third-Amendment-To-Employment-Agreement---PRICESMART-INC---4-9-2013
596,4,group fitness schedule,Group-Fitness-Schedule
597,4,peugeot service and repair manual,Peugeot-405-Service-and-Repair-Manual-1987-1997
598,4,form of indemnification agreement,Form-Of-Indemnification-Agreement---SPHERION-CORP---11-8-1999
599,4,fast cash on first day start up guide,fast-cash-on-first-day-start-up-guide
600,4,nissan pathfinder service and repair manual,2007-2009-Nissan-Pathfinder-Service-and-Repair-Manual-21000
601,4,job statistical report nycgov,Job-Statistical-Report---NYCgov
602,4,printable receipt form,Free-Printable-Receipt-Form-Template
603,4,transcript,Transcript-Template
604,4,pitch letter,SAMPLE-PITCH-LETTER-TEMPLATE
605,4,limited liability company agreement,Limited-Liability-Company-Agreement---VECTOR-GROUP-LTD---4-8-1999
606,4,microsoft word resume templates,Microsoft-Word-Resume-Templates
607,4,project management templates project execution plan,Project-Management-Templates---Project-Execution-Plan
608,4,"%), to the credit agreement","%2522),-To-The-Credit-Agreement---GUESS-INC---8-13-2002"
609,4,savings investment plan,Savings-Investment-Plan---CABOT-OIL-&-GAS-CORP---3-6-2006
610,4,black grouper data summary southeast fisheries science center,Black-Grouper-Data-Summary---Southeast-Fisheries-Science-Center
611,4,contract awards millennium challenge corporation,Contract-Awards---Millennium-Challenge-Corporation
612,4,supplemental retirement benefit plan,Supplemental-Retirement-Benefit-Plan---KEYCORP-NEW---3-28-1997
613,4,retirement agreement,Retirement-Agreement---CIRCOR-INTERNATIONAL-INC---8-2-2007
614,4,product supply agreement,Product-Supply-Agreement---KING-PHARMACEUTICALS-INC---5-10-2006
615,4,gas purchase agreement,Gas-Purchase-Agreement---DOMINION-RESOURCES-BLACK-WARRIOR-TRUST---3-29-2000
616,4,credit agreement quantum corp,Credit-Agreement---QUANTUM-CORP-
617,4,and restated credit agreement,And-Restated-Credit-Agreement---CULP-INC---3-12-1997
618,4,special compensation and non compete agreement,Special-Compensation-And-Non-compete-Agreement---SPRINT-NEXTEL-CORP---8-14-2001
619,4,executive bonus plan of,Executive-Bonus-Plan-Of---MGIC-INVESTMENT-CORP---3-29-2000
620,4,agreement american tower corp,Agreement---AMERICAN-TOWER-CORP-
621,4,registration rights agreement american tower corp,Registration-Rights-Agreement---AMERICAN-TOWER-CORP-
622,4,"commercial deed of trust, security agreement","Commercial-Deed-Of-Trust,-Security-Agreement---DOVER-MOTORSPORTS-INC---3-10-2004"
623,4,change of control agreement bard c r inc,Change-Of-Control-Agreement---BARD-C-R-INC-
624,4,executive deferred compensation agreement,Executive-Deferred-Compensation-Agreement---UNITED-STATES-CELLULAR-CORP---4-23-2007
625,4,restated bylaws,Restated-Bylaws---UNITED-STATES-CELLULAR-CORP---11-13-1997
626,4,standard form of agreement,Standard-Form-Of-Agreement---HEADWATERS-INC---1-13-1997
627,4,amended and restated agreement,Amended-And-Restated-Agreement---FORD-MOTOR-CO---2-28-2007
628,4,promissory note weingarten realty investors,Promissory-Note---WEINGARTEN-REALTY-INVESTORS-
629,4,option award agreement,Option-Award-Agreement---GLIMCHER-REALTY-TRUST---3-11-2005
630,4,tax deferred savings plan,Tax-deferred-Savings-Plan---GENUINE-PARTS-CO---3-3-2006
631,4,supplemental retirement plan,Supplemental-Retirement-Plan---GENUINE-PARTS-CO---2-27-2009
632,4,long term management incentive plan,1989-Long-term-Management-Incentive-Plan---CBS-CORP---3-31-1997
633,4,employment agreement stillwater mining co,Employment-Agreement---STILLWATER-MINING-CO-
634,4,stock based incentive compensation plan,Stock-based-Incentive-Compensation-Plan---CARPENTER-TECHNOLOGY-CORP---8-20-2009
635,4,amendment to executive employment agreement,Amendment-To-Executive-Employment-Agreement---CHESAPEAKE-UTILITIES-CORP---3-9-2009
636,4,job application cover letter,JOB-APPLICATION-Cover-letter
637,4,acquisition agreement,Acquisition-Agreement---STIFEL-FINANCIAL-CORP---1-17-2006
638,4,morgan stanley european equity strategy,Morgan-Stanley----European-Equity-Strategy
639,4,rental offices in south delhi,Rental-Offices-in-South-Delhi
640,4,best press release writing service,Best-press-release-writing-Service
641,4,techdays it pro template microsoft,TechDays-2012-IT-Pro-Template---Microsoft_1_
642,4,search engine optimization consultant,Search-engine-optimization-consultant
643,4,hrm week individual assignment management challenges and concerns report,HRM-498-Week-1-Individual-Assignment-Management-Challenges-and-Concerns-Report
644,4,trends template for joomla,Trends-Template-for-Joomla
645,4,under construction html,Under-Construction-HTML-Template
646,4,amendment to convertible promissory note,Amendment-To-Convertible-Promissory-Note---MILLSTREAM-VENTURES----7-15-2013
647,4,hca week assignment operating budget,HCA-311-Week-4-Assignment-Operating-Budget
648,4,non competition agreement,Non-competition-Agreement---EQT-CORP---7-25-2013
649,4,daily equity report aug by capitalparamount,daily-equity-report-1aug-by-capitalparamount
650,4,daily equity report by epicresearch august,daily-equity-report-by-epicresearch-5-august--2013
651,4,catastrophe aggregate excess of loss reinsurance contract,Catastrophe-Aggregate-Excess-Of-Loss-Reinsurance-Contract---HOMEOWNERS-CHOICE----8-7-2013
652,4,catastrophe excess of loss reinsurance contract,Catastrophe-Excess-Of-Loss-Reinsurance-Contract---HOMEOWNERS-CHOICE----8-7-2013
653,4,nissan versa (nissan tiida) c series workshop repair service manual,200820092011-Nissan-Versa-(Nissan-Tiida)-C11-Series-Workshop-Repair-Service-Manual
654,4,kohort manual baru,9-Kohort-manual-baru_9_
655,4,visa reward card w purchase,FREE-10-Visa-Reward-Card-w-Purchase
656,4,kouzon invoice,Kouzon-invoice-2
657,4,incentive compensation plan performance grant,1998-Incentive-Compensation-Plan-Performance-Grant---AMERICAN-EXPRESS-CO---5-3-2005
658,4,stock subscription agreement,Stock-Subscription-Agreement
659,4,consent of independent,Consent-Of-Independent---ON-TRACK-INNOVATIONS-LTD---5-4-2005
660,4,amendment no to revolving credit agreement,Amendment-No-1-To-Revolving-Credit-Agreement---GUARANTY-BANCORP---3-31-2006
661,4,how to put together a marketing plan,How-to-put-together-a-Marketing-Plan
662,4,sponsor request letter,Sponsor-Request-Letter
663,4,emergence bonus agreement,Emergence-Bonus-Agreement---LEAP-WIRELESS-INTERNATIONAL-INC---5-16-2005
664,4,power system protection ch,Power-System-Protection-CH20
665,4,prospectus,Prospectus---H-POWER-CORP---372003---H-POWER-CORP---3-7-2003
666,4,release,Release---TITAN-TRADING-ANALYTICS-INC---11-4-2009
667,4,live performance agreement,Live-Performance-Agreement
668,4,standard letter,Standard-Letter-Template
669,4,unsecured promissory note[],UNSECURED-PROMISSORY-NOTE[2]
670,4,software licensing policy,Software-Licensing-Policy
671,4,general release for employment termination,General-Release-For-Employment-Termination
672,4,letter of rejection,LETTER-OF-REJECTION
673,4,unsecured promissory note,Unsecured-Promissory-Note
674,4,business,Sample-Business-Template
675,4,schedule h codebtors[],Schedule-H---Codebtors[2]
676,4,project plan template[],Project-Plan-Template[1]
677,4,investors cash trust,INVESTORS-CASH-TRUST---Notes-to-Mutual-Funds-Financial-Statements---7-28-1995
678,4,sales order form,Sales-Order-Form
679,4,apple ipod itunes anti trust litigation,The-Apple-iPod-iTunes-Anti-Trust-Litigation---46
680,4,science yearly plan year,Science-Yearly-Plan-Year-5
681,4,delinquency collection letter,Delinquency-collection-letter-1-template
682,4,restaurant operations manual,Restaurant-Operations-Manual
683,3,nanny application,nanny-application
684,3,apar form i,APAR_Form-I
685,3,small business handbook,Small-Business-Handbook
686,3,launch press release,53_Launch_Press_Release
687,3,diwali offer diwali offers diwali offers diwali dhan dhana dhan offer,Diwali-Offer-Diwali-2011-offers-Diwali-Offers-Diwali-Dhan-Dhana-Dhan-Offer
688,3,elasticity of demand,elasticity-of-demand
689,3,cost estimate worksheet,Cost-Estimate-Worksheet
690,3,advantages to indemnity health insurance plans,Advantages-to-Indemnity-Health-Insurance-Plans
691,3,graduate student handbook,GRADUATE-STUDENT-HANDBOOK
692,3,speaker confirmation letter,Speaker_Confirmation_Letter_Template
693,3,projected balance sheet,Projected-Balance-Sheet-Template
694,3,template fact sheet,Template-Fact-Sheet
695,3,one sheet,One-Sheet-Template
696,3,template info sheet vc,TEMPLATE---Info-Sheet---VC
697,3,database administrator resume,Database-Administrator-Resume
698,3,summary sheet,Summary-Sheet-Example
699,3,edewg meeting minutes,EDEWG-Meeting-Minutes
700,3,color book cover template perfect bound x,Color-Book-Cover-Template-Perfect-Bound-7-x-10
701,3,e mail policy,E-mail-Policy
702,3,meeting notes,Meeting-Notes-Template
703,3,book cover,book_Cover
704,3,acting resume,acting_resume
705,3,new book proposal,New-Book-Proposal
706,3,summer reading book report,SUMMER-READING-BOOK-REPORT---DOC
707,3,share transfer form,Share-transfer-form
708,3,vat invoice,vat-invoice
709,3,power of concentration,The-Power-of-Concentration
710,3,real estate business plan,Real-Estate-Business-Plan
711,3,d game programming note,3D-Game-Programming-Note
712,3,marketing request form,Marketing-Request-Form
713,3,debt consolidation mortgage loan pros and cons,Debt_Consolidation_Mortgage_Loan_-_Pros_And_Cons
714,3,marketing resume,sample-marketing-resume-template
715,3,statement of charges,Statement_of_Charges
716,3,market research report juice market in india,Market-Research-Report--Juice-Market-in-India-2011
717,3,electrical power monitoring and control,ELECTRICAL-POWER-MONITORING-AND-CONTROL
718,3,copyright notice,Copyright-Notice
719,3,wireless guide to wireless communications,Wireless_-Guide-to-Wireless-Communications
720,3,hospital marketing plan,Hospital-marketing-plan
721,3,letter of the law,LETTER-of-the-LAW
722,3,financial summary,Financial-Summary
723,3,demand for money,The-Demand-for-Money
724,3,elegant memo,Elegant-Memo
725,3,articulation agreement,Articulation-Agreement
726,3,resume short,resume_short
727,3,pre conference agenda,Pre-Conference-Agenda
728,3,attendance report,Attendance-Report
729,3,manual of government finance statistics (chinese version),Manual-of-Government-Finance-Statistics-1986-(chinese-version)
730,3,at issue memorandum at issue memorandum california,At-Issue-Memorandum-At-Issue-Memorandum---California
731,3,garnishment notice garnishment notice illinois,Garnishment-Notice-Garnishment-Notice---Illinois
732,3,scholarship form,scholarship-form
733,3,schedule c,Schedule-C
734,3,form w wage and tax statement,Form-W-2-Wage-and-Tax-Statement
735,3,your guide to healthy sleep,Your-Guide-to-Healthy-Sleep
736,3,form pf instructions,Form-990-PF-Instructions
737,3,checklist for issuing stock,Checklist-for-Issuing-Stock
738,3,domain name purchase agreement,Domain-Name-Purchase-Agreement
739,3,independent contractors agreement,Independent-Contractors-Agreement
740,3,installment agreement request,9465-Installment-Agreement-Request
741,3,employee stock ownership plans,Employee-Stock-Ownership-Plans
742,3,renewal cover letter,renewal_cover_letter
743,3,forum report,Forum-Report
744,3,cover letter business analyst,Sample-Cover-Letter-Business-Analyst
745,3,underwriting guide,Underwriting-guide
746,3,project change request form,Project-Change-Request-Form
747,3,managers report,MANAGERS-REPORT
748,3,imf annual report part of,IMF-Annual-Report-1998---part-8-of-13
749,3,follow up thank you letter,Follow-Up-Thank-You-Letter
750,3,interview follow up letter,Interview-follow-up-letter
751,3,agenda and presentations presentation[],agenda---and-presentations-Presentation[113]
752,3,product medical product guide,Product---Medical-product-guide
753,3,visa letter,Visa_letter
754,3,backlink report,The-Backlink-Report
755,3,application for participation of tender in bsnl,APPLICATION-FOR-PARTICIPATION-OF-TENDER-IN-BSNL-
756,3,customer service action plan,Customer-Service-Action-Plan
757,3,cv marco donkersloot english,CV---Marco-Donkersloot-_English_
758,3,credit memo,Download-Credit-Memo-Template
759,3,process engineer resume,Download-Process-engineer-resume-template
760,3,machine plant checklist technology studies forklift truck,Machine-Plant-Checklist---Technology-Studies---Forklift-Truck
761,3,immunization form,immunization_form
762,3,iee report cor,IEE_Report_Cor_31
763,3,lease calculator,Lease-Calculator
764,3,small business plan,small-business-plan
765,3,procedure,procedure-template
766,3,agenda get now,Agenda---Get-Now-DOC
767,3,london ambulance service nhs trust,London-Ambulance-Service-NHS-Trust
768,3,report of the directors,Report-of-the-Directors
769,3,safeguarding policy,Safeguarding-Policy
770,3,exclusive right to sell agreement,EXCLUSIVE-RIGHT-TO-SELL-AGREEMENT
771,3,corporate responsibility report,Corporate-Responsibility-Report-2009
772,3,faculty handbook,FACULTY-HANDBOOK
773,3,travel policy,Travel-Policy
774,3,cash flow spreadsheet,Cash-Flow-Spreadsheet
775,3,and non solicitation agreement,And-Non-solicitation-Agreement---USANA-HEALTH-SCIENCES-INC---11-9-2011
776,3,quantitative datacall survey,quantitative-datacall-survey-template
777,3,resume download as,DOWNLOAD-RESUME---Download-as-DOC
778,3,krs order,KRS_Order
779,3,vendor listing,Vendor_Listing
780,3,transmittal letter no volume i to heads of,Transmittal-Letter-No-592-Volume-I-To-Heads-of
781,3,guide to federal government ach payments and collections,A-Guide-to-Federal-Government-ACH-Payments-and-Collections
782,3,proposal form,PROPOSAL-FORM
783,3,resume web,Resume_Web
784,3,committee on audit,Committee-on-Audit
785,3,ebook essentials humanities collection,eBook_essentials_humanities_collection
786,3,australia information technology report q,Australia-Information-Technology-Report-Q4-2011
787,3,mitosis worksheet,mitosis_worksheet
788,3,authorization form,authorization-form
789,3,gmp checklist,123-GMp-checklist
790,3,employee information form,Employee-Information-Form
791,3,disaster plan,disaster-plan
792,3,sba form,SBA-Form-2241
793,3,model partnership agreement,Model-Partnership-Agreement
794,3,promissory note payable on demand,PROMISSORY-NOTE-PAYABLE-ON-DEMAND
795,3,introduction and scope of application,Introduction-and-Scope-of-Application
796,3,convention registration form,2008_Convention_Registration_Form
797,3,expense reimbursement form,2010-Expense-Reimbursement-Form
798,3,nss operating capital budget,NSS-Operating-_-Capital-Budget
799,3,method statement procedure of civil works,Method-Statement-Procedure-of-Civil-Works
800,3,working papers no bank runs welfare and policy implications,Working-Papers-No-107---Bank-runs-welfare-and-policy-implications
801,3,affidavit of residency,AFFIDAVIT-of-RESIDENCY
802,3,registration and hotel reservation form,Registration-and-Hotel-Reservation-Form
803,3,bis policy papers monetary policy operating procedures in colombia mar,BIS-Policy-Papers---Monetary-policy-operating-procedures-in-Colombia---Mar-1999
804,3,bis policy papers monetary policy operating procedures in india mar,BIS-Policy-Papers---Monetary-policy-operating-procedures-in-India---Mar-1999
805,3,summer camp application,2011_Summer_Camp_Application
806,3,quotation document,QUOTATION-DOCUMENT
807,3,bisnis plan,Bisnis-Plan
808,3,fashion designer resume,Download-Fashion-Designer-Resume-Template
809,3,mutual release and settlement agreement,MUTUAL-RELEASE-AND-SETTLEMENT-AGREEMENT
810,3,power of now,The-Power-of-Now
811,3,daily newsletter equity,Daily-Newsletter-Equity
812,3,user form,user-form
813,3,compton heights homeowners association handbook,Compton-Heights-Homeowners-Association-Handbook
814,3,shipping and returns,Shipping-and-Returns
815,3,liability release,LIABILITY-RELEASE
816,3,manual de,Manual-de---DOC
817,3,irr lccc booking summary,IRR0139----LCCC-Booking-Summary
818,3,general affidavit form,General-Affidavit-Form
819,3,order of discharge order of discharge illinois,Order-Of-Discharge-Order-Of-Discharge---Illinois
820,3,notice of motion notice of motion illinois,Notice-Of-Motion-Notice-Of-Motion---Illinois
821,3,notice of appeal notice of appeal illinois,Notice-Of-Appeal-Notice-Of-Appeal---Illinois
822,3,preferred vendor list,Preferred-Vendor-List
823,3,pcab form no,PCAB-Form-No
824,3,continuous assessment plan,Continuous-Assessment-Plan
825,3,format for compliance report for the year to be submitted,Format-for-Compliance-Report-for-the-year-20010-11-to-be-submitted-
826,3,notice of appeal parking notice of appeal parking california,Notice-Of-Appeal-Parking-Notice-Of-Appeal-Parking---California
827,3,citation notice citation notice illinois,Citation-Notice-Citation-Notice---Illinois
828,3,exhibit a sow,Exhibit-A-SOW-Template
829,3,results summary,Results-Summary
830,3,spreadsheet modeling and decision analysis,Spreadsheet-Modeling-and-Decision-Analysis
831,3,last will and testament forms,Last-Will-And-Testament-Forms
832,3,nato ukraine annual target plan for,NATO-UKRAINE-ANNUAL-TARGET-PLAN-FOR-2006
833,3,chairmans summary on the ad hoc committee on depleted uranium,CHAIRMANS-SUMMARY-ON-THE-AD-HOC-COMMITTEE-ON-DEPLETED-URANIUM
834,3,fact sheet,fact-sheet-template
835,3,tactical marketing plan,Tactical-Marketing-Plan
836,3,constitution of,CONSTITUTION-OF
837,3,customer registration form,customer-registration-form
838,3,iso osi reference model,THE-ISO-OSI-REFERENCE-MODEL
839,3,invitation to request rectification invitation to request rectification official federal forms,Invitation-To-Request-Rectification-Invitation-To-Request-Rectification---Official-Federal-Forms
840,3,job hazard analysis,Job-hazard-analysis-template
841,3,sap payroll hr audit program,SAP_Payroll_HR_Audit_Program_Sample
842,3,individual learning plan,Individual-Learning-Plan
843,3,phd project proposal wageningen agricultural,PhD-PROJECT-PROPOSAL-WAGENINGEN-AGRICULTURAL
844,3,budget worksheets,Free-Budget-Worksheets
845,3,monthly budget planner,Monthly-Budget-Planner
846,3,template uat plan,TEMPLATE_UAT_Plan
847,3,quotation format,Quotation-Format
848,3,it consultant,it_consultant
849,3,avitas structured settlement update,Avitas-Structured-Settlement-Update
850,3,launch checklist,Launch-Checklist
851,3,medical consent form,Medical-Consent-Form
852,3,rental agreements,Rental-Agreements
853,3,block style business letter,Block_Style_Business_Letter
854,3,stock transfer,Stock-Transfer
855,3,durable power of attorney for health care,Durable-Power-of-Attorney-for-Health-Care
856,3,printable lease agreement,Free-Printable-Lease-Agreement
857,3,modele cv,modele-cv-13
858,3,fourth grade pacing guide second nine weeks,Fourth-Grade-Pacing-Guide-Second-Nine-Weeks
859,3,court character reference letter,Court-Character-Reference-Letter
860,3,emergency action plan,Emergency_Action_Plan_2003
861,3,application guide,APPLICATION_Guide
862,3,proposal for professional services,Proposal-for-Professional-Services
863,3,letter grade calculator flow chart,Letter-Grade-Calculator-Flow-Chart
864,3,vendor and base unit information,Vendor-and-Base-Unit-Information
865,3,plan de manejo ambiental,PLAN-DE-MANEJO-AMBIENTAL---DOC
866,3,evaluation plan format,Evaluation-Plan-Format
867,3,cross reference table,Cross-reference-table
868,3,tennessee school improvement plan,Tennessee-School-Improvement-Plan
869,3,informed consent format,Sample-Informed-Consent-Format
870,3,worksheet excel,Worksheet---Excel
871,3,business plan for non profit organisation funding,BUSINESS-PLAN-FOR-NON-PROFIT-ORGANISATION-FUNDING
872,3,christmas letter,Christmas-Letter-2007
873,3,internal audit program,Internal-Audit-Program
874,3,master plan,MASTER-PLAN
875,3,application server,Application-Server
876,3,cv pdf,cv---PDF
877,3,self assessment report,Self-Assessment-Report
878,3,press release press release,press-release-PRESS-RELEASE
879,3,affidavit of common law marriage,552-0690-Affidavit-of-Common-Law-Marriage
880,3,practical guide to free energy devices,A-Practical-Guide-to-Free-Energy-Devices
881,3,board of directors meeting agenda,Board-of-Directors-Meeting-Agenda
882,3,outline and questions for e government report,Outline-and-Questions-for-E-Government-Report
883,3,bd summary,121907-Bd-Summary
884,3,phd research proposal,PhD-research-proposal
885,3,software project management plan,SOFTWARE-PROJECT-MANAGEMENT-PLAN
886,3,team contract,TEAM-CONTRACT
887,3,trifold brochure,TRIFOLD-BROCHURE-TEMPLATE
888,3,pmp hours worksheet,PMP_HOURS_WORKSHEET_template
889,3,guide pratique,Guide-pratique
890,3,financial statement analysis and security valuation penman th edition solutions manual,Financial-Statement-Analysis-and-Security-Valuation-Penman-4th-Edition-Solutions-Manual
891,3,introductory econometrics wooldridge th edition solutions manual,Introductory-Econometrics-Wooldridge-4th-Edition-Solutions-Manual
892,3,management information systems laudon laudon th edition solutions manual,Management-Information-Systems-Laudon--Laudon-11th-Edition-Solutions-Manual
893,3,operations management stevenson th edition solutions manual,Operations-Management-Stevenson-10th-Edition-Solutions-Manual
894,3,tender schedule,TENDER-SCHEDULE
895,3,minutes agm,Minutes-2010-AGM
896,3,alphabetical order,Alphabetical-Order
897,3,authorized adp schedule pricelist,_AUTHORIZED-ADP-SCHEDULE-PRICELIST
898,3,montana deq air quality permit colstrip energy limited partnership,MONTANA-DEQ---Air-Quality-Permit---Colstrip-Energy-Limited-Partnership
899,3,cash flow surge letter,1-Cash-Flow-Surge-Letter
900,3,application for the fulbright scholar program,2004-2005-Application-for-the-Fulbright-Scholar-Program
901,3,manual de primeros auxilios,Manual-De-Primeros-Auxilios
902,3,make money online report,free-make-money-online-report
903,3,certificate of compliance,Certificate-of-Compliance
904,3,letter of recommendation request,Letter-of-Recommendation-Request
905,3,certificate of attendance,Certificate-of-Attendance
906,3,special adjustment aid computation worksheet pi form,Special-Adjustment-Aid-Computation-Worksheet---PI-1554-Form
907,3,payslip,Download-Payslip-Template
908,3,office space for lease,Office-Space-For-Lease
909,3,montana deq air quality permit ppl montana,MONTANA-DEQ---Air-Quality-Permit---PPL-Montana
910,3,montana deq air quality permit rockwall inc,Montana-DEQ---AIR-QUALITY-PERMIT---Rockwall-Inc
911,3,mba application,mba-application
912,3,montana deq air quality permit kob general partnership,Montana-DEQ-Air-Quality-Permit-KOB-General-Partnership
913,3,cissp prep guide,CISSP_Prep_Guide
914,3,memorandum to the,MEMORANDUM-TO-THE
915,3,montana deq air quality permit mt limestone co,Montana-DEQ---AIR-QUALITY-PERMIT---MT-Limestone-Co
916,3,transmittal letter,transmittal_letter
917,3,concentrating solar power,Concentrating-solar-power
918,3,red flags risk assessment,Red-Flags-Risk-Assessment-TEMPLATE
919,3,mod%ef%bf%bdle de cv,Mod%EF%BF%BDle-de-CV
920,3,project schedule gantt chart,Project-Schedule-Gantt-Chart
921,3,graduate school letter of intent,Graduate-School-Letter-of-Intent
922,3,web development contract,Web-Development-Contract
923,3,statement of need,Statement-of-Need
924,3,permit to dig,023-Permit-to-Dig
925,3,zoomtext quick reference guide,ZoomText-91-Quick-Reference-Guide
926,3,computer repair request form,computer-repair-request-form
927,3,form es estimated tax for individuals,FORM-1040ES-ESTIMATED-TAX-FOR-INDIVIDUALS
928,3,purchase order excel,Purchase-Order-Excel-Template
929,3,tour booking form,Tour-2011-booking-form
930,3,news release news release,News-Release-News-Release
931,3,request for information rfi,Request-for-Information-RFI-Template
932,3,notice paper,NOTICE-PAPER
933,3,indemnity benefits,INDEMNITY-BENEFITS
934,3,staff report for the proposed east lakeshore sewage treatment project,Staff-Report-For-The-Proposed-East-Lakeshore-Sewage-Treatment-Project
935,3,draft press release,Draft-Press-Release
936,3,testimonial consent and release,Testimonial-Consent-and-Release
937,3,software maintenance agreement,Software-Maintenance-Agreement
938,3,technology sale agreement non exclusive,Technology-Sale-Agreement_-Non-Exclusive
939,3,resignation letter by employee employer acceptance,Resignation-Letter-by-Employee_-Employer-Acceptance
940,3,truck lease and service agreement,Truck-lease-and-service-agreement
941,3,simple promissory note,Simple-Promissory-Note
942,3,beginners guide to drupal,Beginners-Guide-To-Drupal
943,3,mitchell phoenix %governing change% the only management training you will need,Mitchell-Phoenix-%2522Governing-Change%2522---The-only-management-training-you-will-need
944,3,repair estimate,repair-estimate
945,3,repair order form,Repair-Order-Form
946,3,iceland tonne kilometre report,Iceland_tonne_kilometre_REPORT
947,3,research report,RESEARCH-REPORT
948,3,guide to firewalls and network security with intrusion detection and,Guide-to-Firewalls-and-Network-Security-with-Intrusion-Detection-and-
949,3,user needs analysis report,User-Needs-Analysis-Report
950,3,performance audit midyear report,Performance-Audit-Midyear-Report-2005
951,3,life plan,Sample-Life-Plan
952,3,superintendents letter,SUPERINTENDENTS-LETTER---DOC
953,3,waiver form,Waiver-Form
954,3,internship agreement,INTERNSHIP-AGREEMENT
955,3,balanced scorecard,balanced-scorecard-template
956,3,form bg,form_bg
957,3,excel invoice,excel-invoice-template-
958,3,schengen visa application form,Schengen-Visa-Application-form
959,3,group policy documentation,Group-Policy-Documentation
960,3,change log,Change-Log-Template
961,3,movie review worksheet,MOVIE-REVIEW-WORKSHEET
962,3,board of veterinary medicine minutes,Board-of-Veterinary-Medicine-Minutes-8-21-2008
963,3,extension of notice h calculating imputed income from assets,Extension-of-Notice-H-Calculating-Imputed-Income-From-Assets
964,3,ssim guide ver,SSIM_Guide_ver2
965,3,family child care policy,Family-Child-Care-Policy-Sample
966,3,bursary application form,BURSARY-APPLICATION-FORM-2012
967,3,stock market basics,Stock-Market-Basics
968,3,memorandum city of san jose,Memorandum---City-of-San-Jose
969,3,power of words,Power-of-Words
970,3,elegant report,Elegant-Report
971,3,sample letter of reference,Free-Sample-Letter-of-Reference
972,3,joint marketing agreement,Joint-Marketing-Agreement
973,3,lien release,Lien-Release
974,3,bursary application,Bursary-application
975,3,stationery order form,stationery-order-form
976,3,phreakers handbook,Phreakers-Handbook
977,3,certificate of compliance assurance under the cpsia,Certificate-of-Compliance-Assurance-Under-the-CPSIA
978,3,certificate of merit,Certificate-of-Merit
979,3,health certificate,3a-Health-Certificate
980,3,greetings subject datamatix barter deal sponsorship proposal i,Greetings-Subject-Datamatix-Barter-Deal-Sponsorship-Proposal-I
981,3,catering proposal,Catering-Proposal
982,3,phd proposal,PhD-Proposal
983,3,dance resume,Dance-Resume
984,3,pedoman penulisan proposal penelitian,PEDOMAN-PENULISAN-PROPOSAL-PENELITIAN
985,3,format of seo proposal,Format-of-seo-proposal
986,3,request for proposals (rfp),REQUEST-FOR-PROPOSALS-(RFP)
987,3,mla,MLA-Template
988,3,health insurance claim form,Health-Insurance-Claim-Form
989,3,submission form,Sample-Submission-Form
990,3,cohabitation agreement,COHABITATION-AGREEMENT
991,3,silent auction donation form,Silent-Auction-Donation-Form
992,3,budget proposal,Budget-Proposal-Template
993,3,commercial security agreement,Commercial-Security-Agreement
994,3,jury duty policy,Jury-Duty-Policy
995,3,non disclosure and non circumvention agreement,Non-Disclosure-and-Non-Circumvention-Agreement
996,3,ach form,ACH-form
997,3,recruitment agreement,Recruitment-Agreement
998,3,web design proposal,Web-Design-Proposal
999,3,grant deed,Grant-Deed
1000,3,confirmation form,Confirmation-Form
1001,3,ielts application form,IELTS-Application-Form
1002,3,teacher application form,Teacher-Application-Form
1003,3,telephone sales order form,Telephone-Sales-Order-Form
1004,3,form i,FORM-I-9
1005,3,referee report form,2003-Referee-Report-Form
1006,3,expression of interest form,Expression-of-Interest-Form
1007,3,retail report,RETAIL-REPORT
1008,3,stock trader,Stock-trader
1009,3,after action report,AFTER-ACTION-REPORT
1010,3,form c,FORM-C-9
1011,3,parts lists schematic diagrams and warranty,PARTS-LISTS-SCHEMATIC-DIAGRAMS-AND-WARRANTY
1012,3,how to write a press release,How-to-Write-a-Press-Release
1013,3,fitment guide,fitment_guide_20110301
1014,3,grocery list,Download-Grocery-List-Template
1015,3,outcome budget,OUTCOME-BUDGET
1016,3,parent consent,Parent-consent
1017,3,inter office memo,INTER-OFFICE-MEMO
1018,3,contract between,CONTRACT-BETWEEN
1019,3,deed of conservation easement,DEED-OF-CONSERVATION-EASEMENT
1020,3,flat fee agreement,Sample-Flat-Fee-Agreement
1021,3,introductory letter,introductory-letter
1022,3,outline,Outline-Template
1023,3,seo starter guide,SEO-starter-guide
1024,3,course completion certificate,Course-Completion-Certificate-Template
1025,3,annual project work plan,Annual-project-work-plan
1026,3,expression of interest,Expression-of-Interest-template
1027,3,progress report template dec,Progress-Report-Template-22-Dec-03
1028,3,reference no,Reference-No
1029,3,new patient intake form,NEW-PATIENT-INTAKE-FORM
1030,3,meeting minutes download as,Sample-Meeting-Minutes---Download-as-DOC
1031,3,european cv,EUROPEAN-CV-Sample
1032,3,plan de trabajo anual,Plan-de-Trabajo-Anual
1033,3,ics dreamteam member no cv,ICS-DreamTeam-Member-No-1468-CV
1034,3,izvedbeni nastavni plan i program engleskog jezika,Izvedbeni-nastavni-plan-i-program-engleskog-jezika
1035,3,textile industry report,textile_industry_report
1036,3,method statement download now,METHOD-STATEMENT---Download-Now-DOC
1037,3,internal audit,Internal-Audit
1038,3,business plan worksheet,Business-Plan-Worksheet
1039,3,how to write an ib lab report,How-to-Write-An-IB-Lab-Report
1040,3,team final report,team8-final-report
1041,3,statement of the case,STATEMENT-OF-THE-CASE
1042,3,slope intercept form,3-Slope-intercept-form
1043,3,google seo report card,Google-SEO-Report-Card
1044,3,complaint and request for injunctive relief,COMPLAINT-AND-REQUEST-FOR-INJUNCTIVE-RELIEF
1045,3,"long term retardant, wildland fire, aircraft or ground application","Long-Term-Retardant,-Wildland-Fire,-Aircraft-or-Ground-Application"
1046,3,letter of understanding,Letter-of-Understanding
1047,3,letter of confirmation of participation,Letter-of-Confirmation-of-Participation
1048,3,reo offer worksheet,REO-Offer-Worksheet
1049,3,latest cv,latest_cv
1050,3,emars budget info,EMARS_BUDGET_INFO
1051,3,nomination letter,Sample-Nomination-Letter
1052,3,eagle scout reference request sample letter,Eagle-Scout-Reference-Request---Sample-Letter
1053,3,model client care letter to the client,Model-client-care-letter-to-the-client
1054,3,e letter,E-LETTER
1055,3,mobile application development company,Mobile-Application-Development-Company
1056,3,elegant letter,Elegant-Letter
1057,3,back to school letter,back-to-school-letter
1058,3,global plastics letter,GLOBAL-PLASTICS-LETTER
1059,3,sponsorship solicitation letter,Sponsorship-Solicitation-Letter
1060,3,cover letter writing,Cover-Letter-Writing
1061,3,notification letter,NOTIFICATION-LETTER
1062,3,tax letter,Tax-Letter
1063,3,oklahoma general durable power of attorney,Oklahoma-General-Durable-Power-of-Attorney
1064,3,stock tips signal trading,Stock-Tips-Signal-Trading
1065,3,usda farm service agency fy annual program performace report,USDA-Farm-Service-Agency-FY-1999-Annual-Program-Performace-Report
1066,3,usda natural resources conservation service fy annual program performance report,USDA-Natural-Resources-Conservation-Service-FY-1999-Annual-Program-Performance-Report
1067,3,business plan for insurance,Business-Plan-for-Insurance
1068,3,usda forest service fy annual program performance report,USDA-Forest-Service-FY-1999-Annual-Program-Performance-Report
1069,3,residential rental agreement,05-06-RESIDENTIAL-RENTAL-AGREEMENT
1070,3,acknowledgment letter,Acknowledgment-Letter
1071,3,hazard communication plan,HAZARD-COMMUNICATION-PLAN
1072,3,website plan,Website-Plan
1073,3,employee vacation request form,Employee-Vacation-Request-Form
1074,3,shareholder agreement,Shareholder-Agreement
1075,3,resume copy,resume-copy
1076,3,contoh proposal usaha bisnis sembako,CONTOH-PROPOSAL-USAHA-BISNIS-SEMBAKO
1077,3,request for quotation rfq q,request-for-quotation-rfq-q115-2011
1078,3,notice to quit,NOTICE-TO-QUIT
1079,3,weekly report,THE-WEEKLY-REPORT
1080,3,proposal usaha kecil bisnis warung ayam goreng kremes,PROPOSAL-USAHA-KECIL-BISNIS-WARUNG-AYAM-GORENG-KREMES
1081,3,wireless application development,Wireless-Application-Development
1082,3,ipad application development,iPad-2-Application-Development
1083,3,subcontract agreement,SUBCONTRACT-AGREEMENT
1084,3,membership manual,membership_manual
1085,3,modest proposal,A-Modest-Proposal
1086,3,remedies for breach of contract,remedies-for-breach-of-contract
1087,3,beginner%e%%s guide to golf,The-Beginner%E2%80%99s-Guide-To-Golf
1088,3,discover pontoon boat cover part,Discover-Pontoon-Boat-Cover-PART13
1089,3,conference calls minutes,Conference-calls-Minutes
1090,3,crisis management plan,crisis-management-plan
1091,3,are you sure you want a student loan consolidation,Are_You_Sure_You_Want_A_Student_Loan_Consolidation_
1092,3,boost up your business with business loan,Boost_up_Your_Business_with_Business_Loan
1093,3,dos and don ts for residential mortgage,Dos_and_Don_ts_for_Residential_Mortgage
1094,3,writing a personal statement,Writing-a-Personal-Statement
1095,3,streamyx application form,Streamyx-Application-Form
1096,3,insurance verification form,Insurance-Verification-Form
1097,3,learning plan,learning-plan
1098,3,biznes plan,Biznes-plan
1099,3,tata form book pages,Tata-Form-book-7Pages
1100,3,sponsorship proposal letter,Sponsorship-Proposal-Letter-2
1101,3,addendum to,ADDENDUM-TO
1102,3,depository trust company,The-Depository-Trust-Company
1103,3,storage space rental agreement,STORAGE-SPACE-RENTAL-AGREEMENT
1104,3,thailand travel guide,thailand-travel-guide
1105,3,online guide to herbal remedies,An-Online-Guide-to-Herbal-Remedies
1106,3,ovcsa annual report fy,OVCSA-Annual-Report-FY-2008
1107,3,instant payday loan,Instant-Payday-Loan
1108,3,one page summary,One-Page-Summary
1109,3,insurance legislative summary,Insurance-Legislative-Summary-2009
1110,3,three online giants that will affect your business in [part ],Three-Online-Giants-That-WILL-Affect-Your-Business-In-2012-[Part-1]
1111,3,board of county commissioners agenda,Board-of-County-Commissioners-Agenda
1112,3,resume sales representative,Resume-Sales--Representative-010212
1113,3,ultimate guide to video ipod,The-Ultimate-Guide-to-Video-iPod
1114,3,blank resume form free,Blank-Resume-Form-Free
1115,3,planning checklist,planning_checklist
1116,3,build it and they will come,BUILD-IT-AND-THEY-WILL-COME
1117,3,copy of weekly report,Copy-of-Weekly-Report-TEMPLATE
1118,3,real estate use agreement,Sample-Real-Estate-Use-Agreement
1119,3,ez tax form,1040EZ-Tax-Form
1120,3,guide to small business factoring,Guide_To_Small_Business_Factoring
1121,3,it consulting steps to a gradual business launch,IT_Consulting__Steps_to_a_Gradual_Business_Launch
1122,3,ccna lab manual corvit,CCNA-LAB-Manual-Corvit
1123,3,sfi compensation plan,SFI-Compensation-Plan
1124,3,community report,2007-Community-Report
1125,3,donor report,Donor-Report
1126,3,workshop report,Workshop-Report
1127,3,draft report,Draft-Report
1128,3,conference report,Conference-report
1129,3,rig contract status report,Rig-Contract-Status-Report
1130,3,post event report,POST-EVENT-REPORT
1131,3,post show report,POST-SHOW-REPORT
1132,3,school report card,2007-08-School-Report-Card
1133,3,vendor registration form,2011Vendor-Registration-Form
1134,3,future of ncuas call report,Future-of-NCUAs-5300-Call-Report
1135,3,bank of england inflation report august,Bank-of-England-Inflation-Report-August-2009
1136,3,report desiger excel file excel,Report-Desiger-Excel-File---Excel-1
1137,3,signs statistical report,Signs-Statistical-Report
1138,3,authorization agreement for credit card payment,Authorization-Agreement-for-Credit-Card-Payment
1139,3,financial agreement,FINANCIAL-AGREEMENT
1140,3,listing agreement,Listing-Agreement
1141,3,equipment loan agreement,Equipment-Loan-Agreement
1142,3,producer agreement,Producer-Agreement
1143,3,atm processing agreement,ATM-PROCESSING-AGREEMENT
1144,3,storage agreement,storage-agreement
1145,3,merchant processing application and agreement,MERCHANT-PROCESSING-APPLICATION-AND-AGREEMENT
1146,3,interconnection agreement,INTERCONNECTION-AGREEMENT
1147,3,teaming agreement,TEAMING-AGREEMENT
1148,3,tour agreement,Tour-Agreement
1149,3,pronoun antecedent agreement,Pronoun-Antecedent-Agreement
1150,3,conference agenda,conference-agenda-template
1151,3,reinstatement letter,Sample-Reinstatement-Letter
1152,3,request discount letter,Sample-Request-Discount-Letter
1153,3,order form for a printer,Sample-Order-Form-for-a-Printer
1154,3,proposal koperasi,Sample-Proposal-Koperasi
1155,3,av waiver,Av-Waiver
1156,3,avon grove strategic plan,Avon-Grove-Strategic-Plan
1157,3,mortgage broker fee disclosure,Mortgage-Broker-Fee-Disclosure
1158,3,contract for sale and purchase,CONTRACT-FOR-SALE-AND-PURCHASE
1159,3,internship contract,INTERNSHIP-CONTRACT
1160,3,daycare contract,Daycare-Contract
1161,3,room and board contract,ROOm-AND-BOARD-CONTRACT-2009-2010
1162,3,contract cadru,Contract-Cadru
1163,3,contract de vanzare cumparare,CONTRACT-DE-VANZARE-CUMPARARE
1164,3,toronto stock exchange (venture) symbol,Toronto-Stock-Exchange-(venture)-Symbol----WESTERN-WIND-ENERGY-CORP---1-11-2012
1165,3,what is a medicare summary notice,What-Is-a-Medicare-Summary-Notice
1166,3,website development contract,Website-Development-Contract
1167,3,day notice to terminate month to month tenancy,30-DAY-NOTICE-TO-TERMINATE-MONTH-TO-MONTH-TENANCY
1168,3,deep research report on china wind power converter industry,2012-Deep-Research-Report-on-China-Wind-Power-Converter-Industry
1169,3,landlords five day notice,LANDLORDS-FIVE-DAY-NOTICE
1170,3,your minutes daily program to stress management,Your-5-minutes-daily-program-to-Stress-management
1171,3,vacate notice,Vacate-Notice
1172,3,bac de stock francais,Bac-De-Stock-Francais
1173,3,backflow test form,Backflow-Test-Form
1174,3,microsoft office employment test,Microsoft-Office-2007-Employment-Test-Sample
1175,3,memorandum for employees workplace violence policy,Memorandum-for-Employees-Workplace-Violence-Policy
1176,3,rv rental agreement,Rv-Rental-Agreement-1
1177,3,donor thank you letter,Donor-Thank-You-Letter
1178,3,rental applications,rental-applications
1179,3,contrat de location rental contract,CONTRAT-DE-LOCATION-RENTAL-CONTRACT
1180,3,room rental agreement,Room-Rental-Agreement
1181,3,stiga multiclip s rental,Stiga---Multiclip-53-S-Rental
1182,3,retail for lease,RETAIL-FOR-LEASE
1183,3,bad format cv,Bad-Format-Cv
1184,3,domain name lease agreement,Domain-Name-Lease-Agreement
1185,3,loi acquisition,Loi-Acquisition-Template
1186,3,msc it resume format model,MSc-It-Resume-Format-Model
1187,3,loan contract template private,Loan-Contract-Template-Private
1188,3,auditoria informatica plan maestro,Auditoria-Informatica-Plan-Maestro
1189,3,maintenance schedule excel templates,Maintenance-Schedule-Excel-Templates
1190,3,loan application format for employee,Loan-Application-Format-for-Employee
1191,3,supplier calculator,Supplier-Calculator
1192,3,loan repayment resume,Loan-Repayment-Resume
1193,3,transcript request,Transcript-Request
1194,3,management agreement for commercial property,Management-Agreement-for-Commercial-Property
1195,3,loan agreement atlanta personal,Loan-Agreement-Atlanta-Personal
1196,3,sustainable marketing plan,Sustainable-Marketing-Plan-Template
1197,3,authorization to get transcript of records,Authorization-to-Get-Transcript-of-Records
1198,3,authorization to represent the company,Authorization-to-Represent-the-Company
1199,3,how to make a resume,How-to-Make-a-Resume
1200,3,portrait contract,Portrait_Contract
1201,3,derivatives report,Derivatives-Report
1202,3,dailytech report,DailyTech-Report
1203,3,mobile application developer,Mobile-Application-Developer
1204,3,terms and conditions template plumbing,Terms-and-Conditions-Template-Plumbing
1205,3,template daily progress report downtime,Template-Daily-Progress-Report-Downtime
1206,3,official memorandum,official-memorandum
1207,3,weight loss plan,Weight-Loss-Plan
1208,3,online purchase nsf to pst software,Online-Purchase-NSF-to-PST-Software
1209,3,call of duty black ops strategy guide,Call-of-Duty-Black-Ops-Strategy-Guide
1210,3,oled technology license agreement,Oled-Technology-License-Agreement---UNIVERSAL-DISPLAY-CORP-PA---1-27-2012
1211,3,advantages of a mooring boat cover part,The-Advantages-Of-A-Mooring-Boat-Cover-PART14
1212,3,chalkboard,Chalkboard-Template
1213,3,fully disclosed clearing agreement,Fully-Disclosed-Clearing-Agreement---SOUTHERN-TRUST-SECURITIES-HOLDING-CORP---1-30-2012
1214,3,risk management worksheet,Risk-Management-Worksheet
1215,3,cover proposal,cover-proposal
1216,3,notice of proposed class action settlement and,NOTICE-OF-PROPOSED-CLASS-ACTION-SETTLEMENT-AND
1217,3,stipulation of settlement,Stipulation-of-Settlement
1218,3,secret report,_Secret_Report_
1219,3,risk assessment and policy,Risk-assessment-and-policy-template
1220,3,used car loan rates,USED-CAR-LOAN-RATES
1221,3,diploma certificate format,Diploma-Certificate-Format-2
1222,3,open letter to president barack obama,An-Open-Letter-to-President-Barack-Obama
1223,3,friendly letter,The-Friendly-Letter
1224,3,san jose entertainment permit,San-Jose-Entertainment-Permit
1225,3,developer resume,Developer-Resume
1226,3,loan application,Loan-Application
1227,3,medical consent forms,Free-Medical-Consent-Forms
1228,3,ultimate guide to making money and getting referrals using youtube,The_Ultimate_Guide_to_Making_Money_and_Getting_Referrals_Using_Youtube
1229,3,placement agency agreement,Placement-Agency-Agreement
1230,3,dewey electronics corporation defense company profile swot and financial report,Dewey-Electronics-Corporation-Defense-Company-Profile-SWOT-and-Financial-Report
1231,3,annotated bibliography,Annotated-Bibliography-Template
1232,3,proposal usaha,proposal-usaha
1233,3,informal letter,informal-letter
1234,3,application pack,Application-Pack
1235,3,charter agreement,Charter-Agreement
1236,3,how to write a nomination letter,How-to-Write-a-Nomination-Letter
1237,3,abc primetime schedule thru th march,ABC-Primetime-Schedule-thru-11th-March-2012
1238,3,rental application form,Rental-Application-Form
1239,3,wholesale order,Wholesale-order
1240,3,gsa schedule,GSA-SCHEDULE
1241,3,using this,Using-this-template
1242,3,price quotation,Price-Quotation
1243,3,guide to project management,A-Guide-to-Project-Management
1244,3,money making guide,Money-Making-Guide
1245,3,expert guide to cashing in on ebay,The-Expert-Guide-to-Cashing-in-on-eBay
1246,3,irs e file refund cycle chart,IRS-e-file-Refund-Cycle-Chart
1247,3,certificate of experience,Certificate-of-Experience
1248,3,surrender form,surrender_form
1249,3,room hire booking form,Room-Hire-Booking-Form
1250,3,daily tech report,Daily-Tech-Report-160212
1251,3,nhs tayside %ef%bf%bd agenda for change,NHS-TAYSIDE-%EF%BF%BD-AGENDA-FOR-CHANGE
1252,3,m project plan summary schedule,M102-project-plan-summary-schedule-template
1253,3,medium term planning,Medium-term-Planning-Template
1254,3,returns form,Returns-form
1255,3,gis sc project status report,GIS_SC_Project_Status_Report
1256,3,indesign power,InDesign-Power
1257,3,acknowledgement of receipt of,SAMPLE-ACKNOWLEDGEMENT-OF-RECEIPT-OF
1258,3,w form,W-4-Form
1259,3,if you build it will they come,If-You-Build-It_-Will-They-Come
1260,3,training schedule,Training-Schedule
1261,3,release of all claims,RELEASE-OF-ALL-CLAIMS---DOC
1262,3,labor and delivery,Labor-and-Delivery
1263,3,permission to excuse letter,Sample-Permission-to-Excuse-Letter
1264,3,business proposal letters,Business-Proposal-Letters
1265,3,mandatory disclosure by institutions running pgdbmpgdmmba,Mandatory-Disclosure-by-Institutions-running-PGDBMPGDMMBA---DOC
1266,3,spirit wear order form,Spirit-Wear-Order-Form-11-2
1267,3,mar earth charterrio de janeiro declaration oneness of,1992-Mar-05_-Earth-CharterRio-De-Janeiro-Declaration-Oneness-of
1268,3,ansal megapolis independent floors ansal megapolis floors greater noida,Ansal-Megapolis-Independent-Floors-9999684905-Ansal-Megapolis-Floors-Greater-Noida
1269,3,website order form,Website-Order-Form
1270,3,job safety analysis worksheet,Job-Safety-Analysis-Worksheet---DOC
1271,3,notice no,NOTICE-NO
1272,3,copyright release,COPYRIGHT-RELEASE
1273,3,sell structured settlement annuity,sell-structured-settlement-annuity
1274,3,year strategic plan,3-YEAR-STRATEGIC-PLAN
1275,3,offer of employment letter,100622-Offer-of-Employment-Letter
1276,3,stock market and its profits potentials compared to other investments,The_Stock_Market_And_Its_Profits_Potentials_Compared_To_Other_Investments
1277,3,website development proposal,Website-Development-Proposal-Template
1278,3,building completion certificate,3-building-completion-certificate
1279,3,maintenance daily checklist,Maintenance_Daily_Checklist
1280,3,associate member application,Associate-Member-Application
1281,3,rfp,RFP-Template
1282,3,ci sales presentation,CI-Sales-Presentation-Template
1283,3,refund request,Refund-Request-Template
1284,3,page,24-page-template
1285,3,order,Order-Template
1286,3,bc general,BC-General-Template
1287,3,requirements document,Requirements-Document-Template
1288,3,roster,Roster-Template
1289,3,standard format,A4-Standard-format-Template
1290,3,staffer day,Staffer-Day-Template
1291,3,job posting template (),Job-Posting-Template-(1)
1292,3,bio,bio-template
1293,3,addendum rfq,Addendum-RFQ-Template
1294,3,risk mgmt worksheet cdtcmd,Risk-Mgmt-Worksheet---CDTCMD-385-2
1295,3,district of columbia application for insurance verification request,District-of-Columbia-Application-for-Insurance-Verification-Request
1296,3,hr policy,HR-POLICY
1297,3,object oriented analyis design training agenda,Object-Oriented-Analyis-_-Design-Training-Agenda_13_
1298,3,subconscious mind power,Subconscious-Mind-Power
1299,3,bergey s manual of determinative bacteriology,-Bergey-s-manual-of-Determinative-Bacteriology-1923-1984-1
1300,3,policy and procedures,POLICY-AND-PROCEDURES
1301,3,acknowledgement of receipt,ACKNOWLEDGEMENT-OF-RECEIPT---DOC
1302,3,permission request letter,Sample-Permission-Request-Letter
1303,3,bank reconciliation statement,bank-reconciliation-statement
1304,3,massage therapy intake form,Massage_Therapy_Intake_Form
1305,3,consent of qualified person,Consent-Of-Qualified-Person---CROSSHAIR-EXPLORATION-&-MINING-CORP---3-5-2012
1306,3,plant sale order form,Plant-Sale-Order-Form
1307,3,new client intake form,New-Client-Intake-Form---DOC
1308,3,new employee onboarding checklist,New-Employee-Onboarding-Checklist
1309,3,long decision template with disclaimer,Long-Decision-template-with-disclaimer
1310,3,tournament schedule,The-Tournament-Schedule
1311,3,new microsoft office excel worksheet,New-Microsoft-Office-Excel-Worksheet
1312,3,dell inspiron service manual,Dell-Inspiron-4150-Service-Manual
1313,3,solid waste facility permit,Solid-Waste-Facility-Permit
1314,3,manual de evaluaci%ef%bf%bdn,Manual-de-Evaluaci%EF%BF%BDn
1315,3,dodge ram truck service repair manual,Dodge_Ram_Truck_2003_Service_Repair_Manual
1316,3,kia rio service repair manual,Kia_Rio_2006-2008_Service_Repair_Manual
1317,3,chevrolet tracker factory service manual,Chevrolet_Tracker_1999_2004_Factory_Service_Manual
1318,3,honda cl service manual repair manual,HONDA_CL360_SERVICE_MANUAL_REPAIR_MANUAL_1974_1979
1319,3,honda hornet service manual cbf manual,HONDA_HORNET_SERVICE_MANUAL_CB600F_MANUAL_1998_2006
1320,3,hyundai yanmar tne tne tne industrial engine service repair workshop manual,HYUNDAI_YANMAR_4TNE94_4TNE98_4TNE106_INDUSTRIAL_ENGINE_SERVICE_REPAIR_WORKSHOP_MANUAL
1321,3,mac pro cosmetics training manual bible deluxe edition,MAC_Pro_Cosmetics_Training_Manual_Bible_Deluxe_Edition
1322,3,massey ferguson mf s tractor parts manual pdf,MASSEY_FERGUSON_MF_240S_TRACTOR_PARTS_MANUAL_pdf
1323,3,suzuki gsf service repair workshop manual,SUZUKI_GSF400_SERVICE_REPAIR_WORKSHOP_MANUAL_1991_1997
1324,3,toyota avalon service repair workshop manual,TOYOTA_AVALON_SERVICE_REPAIR_WORKSHOP_MANUAL_2000_2004
1325,3,toyota camry service repair workshop manual,TOYOTA_CAMRY_SERVICE_REPAIR_WORKSHOP_MANUAL_1999_2003
1326,3,yamaha xv virago full service repair manual,YAMAHA_XV1000_VIRAGO_FULL_SERVICE_REPAIR_MANUAL_1984_1999
1327,3,canon ir service repair manual,Canon_Ir_600__Service_Repair_Manual
1328,3,chevrolet express service repair manual,Chevrolet_Express_2003-2010_Service_Repair_Manual
1329,3,ford freestyle service repair manual,Ford_Freestyle_2005-2007_Service_Repair_Manual
1330,3,harley davidson sportster service repair manual,Harley_Davidson_Sportster_2004-2006_Service_Repair_Manual
1331,3,kymco yup service repair manual,Kymco_Yup_50__Service_Repair_Manual
1332,3,land rover freelander service repair manual,Land_Rover_Freelander_1997-2006_Service_Repair_Manual
1333,3,opel vectra calibra service repair manual,Opel_Vectra_Calibra_1988-1995_Service_Repair_Manual
1334,3,suzuki burgman an german service repair manual,Suzuki_Burgman_An400_German_1998-2002_Service_Repair_Manual
1335,3,honda crv service repair manual,Honda_CRV_2001-2006_Service_Repair_Manual
1336,3,toyota tundra service repair manual,Toyota_Tundra_2001-2006_Service_Repair_Manual
1337,3,hp laptop service manual,HP-Laptop-Service-Manual
1338,3,amendment to agreement,Amendment-To-Agreement---INFOSPACE-INC---3-9-2012
1339,3,edition psa membership news passenger shipping association,Edition-44---PSA-Membership-News---Passenger-Shipping-Association
1340,3,general cv format,General-CV-Format-1
1341,3,contract farming,Contract-Farming
1342,3,page of agenda district of roxbury township,Page-1-of-17-AGENDA-DISTRICT-OF-ROXBURY-TOWNSHIP
1343,3,bank letter of guarantee,Sample_Bank_Letter_of_Guarantee
1344,3,proposal pkm,Proposal-PKM
1345,3,billing invoice,Billing-Invoice
1346,3,individual development plan,Individual-Development-Plan-Template
1347,3,g%ef%bf%bdnl%ef%bf%bdk plan,G%EF%BF%BDNL%EF%BF%BDK-PLAN---DOC-2
1348,3,retention agreement,Retention-Agreement---PARKWAY-PROPERTIES-INC---3-12-2012
1349,3,year plan,YEAR-PLAN
1350,3,strategic plan business plan,2008-2011-Strategic-Plan-BUSINESS-PLAN
1351,3,software development plan,Software-Development-Plan
1352,3,notice of non renewal of lease,NOTICE-OF-NON-RENEWAL-OF-LEASE-SAMPLE
1353,3,izvedbeni mjesecni plan ip rogram za,IZVEDBENI-MJESECNI-PLAN-IP-ROGRAM-ZA-3
1354,3,pen pc technology report,51597764-5-Pen-PC-Technology-report
1355,3,slf resume,SLF-resume
1356,3,pc maintenance guide,PC-Maintenance-Guide
1357,3,tips to help you select your custom car cover,7_Tips_To_Help_You_Select_Your_Custom_Car_Cover
1358,3,sales consulting agreement,Sales-Consulting-Agreement---CAREVIEW-COMMUNICATIONS-INC---3-15-2012
1359,3,software quality assurance plan,Software-Quality-Assurance-Plan-Template
1360,3,cover letter for teaching job,Cover-Letter-for-Teaching-Job
1361,3,los angeles general contractor,Los-Angeles-general-contractor
1362,3,assured shorthold tenancy,ASSURED-SHORTHOLD-TENANCY
1363,3,letter to self,Letter-to-Self
1364,3,founders agreement,FOUNDERS-AGREEMENT-sample-1
1365,3,image consultant,Image-consultant
1366,3,how to prepare a business plan that guarantees big profits,How-To-Prepare-A-Business-Plan-That-Guarantees-Big-Profits
1367,3,income tax deduction checklist realtors,Income-Tax-Deduction-Checklist-----REALTORS
1368,3,constitution scavenger hunt,Constitution-Scavenger-Hunt
1369,3,contract model,CONTRACT-MODEL
1370,3,how to get most out of the rental cars,How-to-get-most-out-of-the-Rental-Cars
1371,3,step web design and development contract agreement,10_Step_Web_Design_and_Development_Contract_Agreement
1372,3,your affiliate marketing guide,Your-Affiliate-Marketing-Guide
1373,3,triple net lease,Triple-Net-Lease---DOC
1374,3,firefox extension development,Firefox-Extension-Development
1375,3,target corporation marketing plan,Target-Corporation-Marketing-Plan
1376,3,semiannual guide to expert witnesses los angeles county bar,Semiannual-Guide-to-Expert-Witnesses---Los-Angeles-County-Bar-
1377,3,canon powershot a manual,Canon-PowerShot-A85-Manual
1378,3,case tractor parts manual pdf,CASE_1194_TRACTOR_PARTS_MANUAL_8_2183_pdf
1379,3,kawasaki ninja zx r service manual,Kawasaki_Ninja_ZX-9R_Service_Manual
1380,3,toshiba e studio service and repair manual,Toshiba-e-Studio-120-150-Service-and-Repair-Manual
1381,3,toshiba e studio service manual handbook parts list,Toshiba-e-Studio-3511-Service-Manual-Handbook-Parts-List
1382,3,mpaa hotfile summary,Mpaa-Hotfile-Summary
1383,3,chevrolet aveo service repair manual,chevrolet_aveo_2002-2008_service_repair_manual
1384,3,ford focus service repair manual,ford_focus_2000-2007_service_repair_manual
1385,3,honda trx tm te fe fm atv service repair manual,honda_trx350_tm_te_fe_fm_atv_2004-2006_service_repair_manual
1386,3,mitsubishi montero pajero service repair manual,mitsubishi_montero_pajero_2000-2006_service_repair_manual
1387,3,porsche boxster service repair manual,porsche_boxster_986_1996-2004_service_repair_manual
1388,3,toyota pickup service repair manual,toyota_pickup_1993_service_repair_manual
1389,3,husaberg all models service repair manual,husaberg_all_models_2001-2003_service_repair_manual
1390,3,kymco super service repair manual,kymco_super_8_50__service_repair_manual
1391,3,mazda miata mx service repair manual,mazda_miata_mx-5_1999-2005_service_repair_manual
1392,3,nissan frontier d service repair manual,nissan_frontier_d22_2001-2004_service_repair_manual
1393,3,toyota corolla service repair manual,toyota_corolla_1993-1997_service_repair_manual
1394,3,proposal web contoh situs,Proposal-Web---Contoh-Situs2
1395,3,applicant information release,Applicant-Information-Release
1396,3,assignment of contract,Assignment-of-Contract
1397,3,assignment of mortgage,Assignment-of-Mortgage
1398,3,computer service agreement,Computer-Service-Agreement
1399,3,copyright assignment agreement,Copyright-Assignment-Agreement
1400,3,direct deposit authorization,Direct-Deposit-Authorization
1401,3,employee non compete agreement,Employee-Non-Compete-Agreement
1402,3,appeal letter,appeal-letter
1403,3,north essex partnership nhs foundation trust,NORTH-ESSEX-PARTNERSHIP-NHS-FOUNDATION-TRUST---DOC
1404,3,siebel consultant exam,Siebel-8-Consultant-Exam
1405,3,letter of intent for business transactions,Letter-of-Intent-for-Business-Transactions
1406,3,public service loan forgiveness,Public-Service-Loan-Forgiveness
1407,3,code review,Code-Review-Template
1408,3,continuing agreement,Continuing-Agreement---PETROBRAS---PETROLEO-BRASILEIRO-SA---4-2-2012
1409,3,budget highlights,Budget-2012-Highlights
1410,3,audio control xs manual,Audio-Control-4-XS-Manual
1411,3,how to write a complaint letter,How_to_Write_a_Complaint_Letter
1412,3,hr onboarding checklist,HR-Onboarding-Checklist
1413,3,shareholders letter,2001-Shareholders-Letter
1414,3,business plan draft,Business-plan-draft
1415,3,bank guarantee for advance payment,bank-guarantee-for-advance-payment
1416,3,annual meeting minutes,annual-meeting--minutes-2001
1417,3,exclusive distributorship agreement,Exclusive-Distributorship-Agreement
1418,3,price elasticity of demand,Price-elasticity-of-demand
1419,3,titlelist collection,titlelist_collection
1420,3,budget rate sheet,budget_rate_sheet_2011-2012
1421,3,hbl report,HBL-REPORT
1422,3,monthly budget worksheet,monthly-budget-worksheet
1423,3,account closure request form,Account-Closure-Request-Form
1424,3,lease to purchase option agreement,Lease-to-Purchase-Option-Agreement
1425,3,warranty bill of sale,Warranty-Bill-of-Sale
1426,3,case summary,Case-Summary
1427,3,statement of changes in equity,Statement-of-changes-in-equity
1428,3,detailed work plan,Detailed-Work-Plan
1429,3,postgraduate conference poster,Postgraduate-Conference-Poster-Template
1430,3,what is vendor finance,What-Is-Vendor-Finance
1431,3,release of liability form,Release-of-Liability-Form
1432,3,log only,Log-Only-Template
1433,3,written document analysis worksheet,written_document_analysis_worksheet
1434,3,partnership deed,Partnership-deed
1435,3,recommendation report,210-recommendation-report
1436,3,installment promissory note,Installment-Promissory-Note
1437,3,project change request,Project-Change-Request
1438,3,annual report and accounts,Annual-Report-and-Accounts-2011
1439,3,intellectual property license agreement,Intellectual-Property-License-Agreement---GMV-WIRELESS----4-16-2012
1440,3,subscription agreement subscription agreement,Subscription-Agreement-Subscription-Agreement---GOENERGY-INC---4-16-2012
1441,3,direct deposit form,Direct-Deposit-Form_1_
1442,3,event contract,event-Contract
1443,3,guide to hair extension salons,A_Guide_to_Hair_Extension_Salons
1444,3,tuzhilin report,Tuzhilin_Report
1445,3,principal letter,Principal-Letter
1446,3,manual usuario,Manual-Usuario
1447,3,spree order status summary,6Spree-Order-Status-Summary
1448,3,cash flow projection worksheet,cash_flow_projection_worksheet
1449,3,nurse resume,nurse-resume
1450,3,strategic plan outline,Strategic-Plan-Outline
1451,3,indemnity letter,Indemnity_letter
1452,3,job order form,job--------order-form
1453,3,purchase requisition form,PURCHASE-REQUISITION-FORM
1454,3,personal budget planner,Personal-Budget-Planner
1455,3,minutes of the meeting of the board of directors,Minutes-of-the-Meeting-of-the-Board-of-Directors
1456,3,letter of consent,Letter-Of-Consent
1457,3,resume objective,Sample-Resume-Objective
1458,3,michaelgasiorek resume,MichaelGasiorek---Resume
1459,3,cash budget,Cash-Budget
1460,3,wedding booking form,Wedding-Booking-Form-2009
1461,3,honda civic service repair manual,1992-1995-Honda-Civic-Service-Repair-Manual
1462,3,professional installation or sweat equity,Professional-Installation-or-Sweat-Equity
1463,3,clrc normal,CLRC-Normal-Template
1464,3,alfa romeo service repair manual,Alfa_Romeo_164_1991-1993_Service_Repair_Manual
1465,3,harley davidson fxd dyna service repair manual,Harley_Davidson_Fxd_Dyna_1999-2005_Service_Repair_Manual
1466,3,honda accord service repair manual,Honda_Accord_1998-2002_Service_Repair_Manual
1467,3,toyota sienna service repair manual,Toyota_Sienna_1998-2003_Service_Repair_Manual
1468,3,toyota yaris service repair manual,Toyota_Yaris_2005-2008_Service_Repair_Manual
1469,3,yamaha xv virago service repair manual,Yamaha_Xv-535_Virago_1987-2003_Service_Repair_Manual
1470,3,mazda protege service repair manual,Mazda_Protege_1998-2003_Service_Repair_Manual
1471,3,comprehensive resume,Comprehensive-Resume
1472,3,travel training policy,EXAMPLE-TRAVEL-TRAINING-POLICY
1473,3,credit counseling vs debt settlement,Credit-Counseling-Vs-Debt-Settlement
1474,3,blogger,Blogger-Template
1475,3,constitution of ukraine,Constitution-of-Ukraine
1476,3,completion certificate,completion-certificate
1477,3,certificate no,Certificate-No
1478,3,letter from the president,Letter-from-the-President
1479,3,project communication plan,PROJECT-COMMUNICATION-PLAN
1480,3,mobile application,Mobile-Application
1481,3,independent samples t test,Independent-Samples-t-Test
1482,3,performance share unit agreement,Performance-Share-Unit-Agreement---ATLAS-AIR-WORLDWIDE-HOLDINGS-INC---5-3-2012
1483,3,short term incentive plan,2012-Short-Term-Incentive-Plan---VOLCANO-CORP---5-3-2012
1484,3,press release press release press release press release press,PRESS-RELEASE-PRESS-RELEASE---PRESS-RELEASE-PRESS-RELEASE---PRESS
1485,3,calorie diet plan,2000-Calorie-Diet-Plan
1486,3,financial analysis planning and forecasting theory and application,Financial-Analysis_-Planning-and-Forecasting-Theory-and-Application
1487,3,first amendment to employment agreement,First-Amendment-To-Employment-Agreement---CLEAN-ENERGY-FUELS----5-7-2012
1488,3,business cooperation agreement,Business-Cooperation-Agreement---WINDTAMER-CORP---5-7-2012
1489,3,will insurance cover air ambulance transport,Will-Insurance-Cover-Air-Ambulance-Transport
1490,3,deep research report on global and china lithium ion battery industry,2012-Deep-Research-Report-on-Global-and-China-Lithium-Ion-Battery-Industry
1491,3,ace marketing and promotions inc form d,ACE-MARKETING-and-PROMOTIONS-INC-Form-D---5-8-2012
1492,3,crude oil storage services agreement,Crude-Oil-Storage-Services-Agreement---BLUEKNIGHT-ENERGY-PARTNERS----5-9-2012
1493,3,amended and restated stockholders agreement,Amended-And-Restated-Stockholders-Agreement---ACORN-ENERGY----5-10-2012
1494,3,confidential settlement agreement,Confidential-Settlement-Agreement-Template
1495,3,implementation guide,IMPLEMENTATION-GUIDE
1496,3,software distribution agreement,Software-Distribution-Agreement---APPLIED-DNA-SCIENCES-INC---5-15-2012
1497,3,quick guide to first time home buyers,A-Quick-Guide-to-First-Time-Home-Buyers
1498,3,first national bank home mortgage,First-National-Bank-Home-Mortgage
1499,3,car loan application form,CAR_LOAN_APPLICATION_FORM
1500,3,cash flow projection,Cash-Flow-Projection-Template
1501,3,first time buyers guide,First-Time-Buyers-Guide
1502,3,golf tournament registration form,Golf-Tournament--Registration-Form
1503,3,report on voting results,Report-On-Voting-Results---SUN-LIFE-FINANCIAL-INC---5-16-2012
1504,3,accounting cover letter cv resume,Accounting-Cover-Letter-CV-Resume-Sample-3
1505,3,rental property inventory and condition form,RENTAL-PROPERTY-INVENTORY-AND-CONDITION-FORM
1506,3,agreement between state of california,AGREEMENT-Between-STATE-OF-CALIFORNIA
1507,3,release and hold harmless agreement,RELEASE-AND-HOLD-HARMLESS-AGREEMENT
1508,3,plan unico de cuentas,PLAN-UNICO-DE-CUENTAS
1509,3,plan de cours download as,PLAN-DE-COURS---Download-as-DOC
1510,3,business plan guide,Business-Plan-Guide
1511,3,plan de clase (),Plan-de-clase-(15)
1512,3,amendment of real estate purchase contract[],Amendment-of-Real-Estate-Purchase-Contract[1]
1513,3,freelance writer,The-Freelance-Writer
1514,3,eco schools action plan,Eco-Schools-Action-Plan-Template
1515,3,printable order form,printable-order-form
1516,3,proposal for website design and development,Proposal-for-Website-design-and-development
1517,3,sale of shares agreement,SALE-OF-SHARES-AGREEMENT
1518,3,it strategic plan,IT-Strategic-Plan
1519,3,bad credit car loan,bad-credit-car-loan
1520,3,letter of recommendation download as,LETTER-OF-RECOMMENDATION---Download-as-DOC
1521,3,liberty capital asset management,LIBERTY-CAPITAL-ASSET-MANAGEMENT--Form-D---5-23-2012
1522,3,professional indemnity insurance,Professional-Indemnity-Insurance
1523,3,industrial automation pocket guide,Industrial-Automation-Pocket-guide
1524,3,curriculum vitae template for ikea store zagreb management positions,Curriculum-Vitae-Template-for-IKEA-Store-Zagreb-Management-Positions
1525,3,proposal summary solution to the mortgage and housing crisis,Proposal-Summary-Solution-to-the-Mortgage-and-Housing-Crisis
1526,3,classroom observation checklist,classroom-observation-checklist
1527,3,non disclosure and confidentiality agreement,Non-Disclosure-and-Confidentiality-Agreement
1528,3,non disclosure,NON-DISCLOSURE
1529,3,invitation letter download as,invitation-letter---Download-as-DOC
1530,3,service delivery,Service-Delivery
1531,3,payoff letter,The-Payoff-Letter
1532,3,action plan template,Action-Plan-Template---DOC-2
1533,3,property inspection checklist,Property-Inspection-Checklist---DOC
1534,3,acknowledgement of receipt of notice of privacy practices,Acknowledgement-of-Receipt-of-Notice-of-Privacy-Practices
1535,3,biznis plan,biznis-plan
1536,3,introduction letter download now,INTRODUCTION-LETTER---Download-Now-DOC
1537,3,meeting request letter,Meeting-Request-Letter
1538,3,promotion of access to information act manual,Promotion-of-Access-to-Information-Act-Manual
1539,3,internet marketing full project report,Internet-Marketing-Full-Project-Report
1540,3,ala pipasopaopen ref guide,ALA_pipasopaopen_ref_guide
1541,3,lease application,LEASE-APPLICATION
1542,3,tenant notice to vacate,Tenant-Notice-to-Vacate
1543,3,partnership with parents,PARTNERSHIP-WITH-PARENTS
1544,3,stock photos that sell,Stock_Photos_That_Sell
1545,3,whistleblowing policy,Whistleblowing-policy-2010
1546,3,internship resume,internship-resume-sample
1547,3,rejection of credit card application,Rejection-Of-Credit-Card-Application
1548,3,enrolment form,Enrolment-Form
1549,3,sales agency agreement,SALES_AGENCY_AGREEMENT
1550,3,biznis plan analiza opravdanosti ulaganja u otvaranje skole engleskog jezika,Biznis-plan--Analiza-opravdanosti-ulaganja-u-otvaranje-skole-engleskog-jezika
1551,3,statement of purpose mba example essay,SAMPLE-STATEMENT-OF-PURPOSE---MBA-EXAMPLE-ESSAY
1552,3,sign in form,sign-in-form
1553,3,quality control plan,Quality-Control-Plan-Template
1554,3,general contractor liability insurance,General-Contractor-Liability-Insurance
1555,3,letter heading,LETTER-HEADING-SAMPLE
1556,3,conference budget,Conference-Budget-Template
1557,3,car price guide,CAR-PRICE-GUIDE
1558,3,pet policy,Pet-Policy
1559,3,sustainable ebay income guide,Sustainable-Ebay-Income-Guide
1560,3,credit card payment form,Credit-Card-Payment-Form
1561,3,stock market tips,stock-market-tips
1562,3,rapid hiv test informed consent form,Rapid-HIV-Test-Informed-Consent-Form
1563,3,hp standard light,HP-standard-light-template
1564,3,employee incident report,EMPLOYEE-INCIDENT-REPORT
1565,3,aplication for employment,Aplication-for-Employment
1566,3,pre employment checklist,Pre-Employment-Checklist
1567,3,offshore mobile application development,Offshore-Mobile-Application-Development
1568,3,ral,RAL-Template-20101119
1569,3,liability waiver form,Liability-Waiver-Form
1570,3,return this form signed and marked,RETURN-THIS-FORM-SIGNED-AND-MARKED
1571,3,interoffice memorandum,INTEROFFICE-MEMORANDUM
1572,3,quotation letter,Sample-Quotation-Letter
1573,3,e ticket itinerary receipt,E-ticket---------Itinerary-Receipt
1574,3,homestay agreement,Homestay-Agreement---DOC
1575,3,staff report,STAFF-REPORT
1576,3,modesto business license application,Modesto-Business-License-Application
1577,3,application for homestead exemption,APPLICATION-FOR-10000-HOMESTEAD-EXEMPTION
1578,3,official receipt,official-receipt-
1579,3,scholarship application cover letter,Sample-Scholarship-Application-Cover-Letter
1580,3,cover letter sample,Cover-Letter-Sample---DOC
1581,3,notice of election,Notice-of-Election
1582,3,profit loss statement,PROFIT-LOSS-STATEMENT
1583,3,lessonunit plan format,LessonUnit-Plan-Format
1584,3,executive committee meeting agenda,Executive-Committee-Meeting-Agenda
1585,3,student evaluation form,student-evaluation-form
1586,3,scope statement,16-Scope-Statement-Template
1587,3,project completion certificate,Project-Completion-Certificate
1588,3,proposal ptk,Proposal-PTK-2011
1589,3,request letter,SAMPLE-REQUEST-LETTER
1590,3,quick start guide,Quick-Start-Guide
1591,3,write a resume,Write-a-Resume
1592,3,preparing a budget,Preparing-a-budget
1593,3,beginners guide to fileice,Beginners-guide-to-FileIce
1594,3,inspection request form,Inspection-Request-Form
1595,3,business trip report,Download-Business-Trip-Report-Template
1596,3,re request by heather brooke for information under the freedom of,Re-Request-by-Heather-Brooke-for-Information-under-the-Freedom-of
1597,3,building measuring and managing brand equity,BUILDING-MEASURING-AND-MANAGING-BRAND-EQUITY
1598,3,research grant application this grant application is a,Research-Grant-Application-This-Grant-Application-is-a
1599,3,jisc final report,JISC-final-report-template
1600,3,agency contract,Agency-contract
1601,3,contract proposal,8-1-Contract-Proposal-Template
1602,3,battersea power station report,battersea-power-station-report
1603,3,real estate appraiser resume,real-estate-appraiser-resume-example
1604,3,agreement to lease,AGREEMENT_TO_LEASE
1605,3,monthly status report template,Monthly-Status-Report-Template---DOC
1606,3,invitation letter conference,invitation-letter-conference
1607,3,business plan executive summary,business-plan-executive-summary-template
1608,3,cv short,CV-short
1609,3,revised proforma for annual report,REVISED-PROFORMA-FOR-ANNUAL-REPORT---DOC
1610,3,research proposal outline,Research-Proposal-Outline---DOC
1611,3,letter of intent to dismiss,SAMPLE-LETTER-OF-INTENT-TO-DISMISS
1612,3,travel voucher form,TRAVEL-VOUCHER-FORM
1613,3,project checklist,Project-Checklist
1614,3,autofill,AutoFill-Template
1615,3,step by step,Step-by-Step-Template
1616,3,cover letter download now,SAMPLE-COVER-LETTER---Download-Now-DOC
1617,3,recruitment role profile form,RECRUITMENT-ROLE-PROFILE-FORM
1618,3,professional credential enhancement application form,PROFESSIONAL-CREDENTIAL-ENHANCEMENT-APPLICATION-FORM
1619,3,portfolio,Portfolio-template
1620,3,preliminary report,Preliminary-report
1621,3,is training manual,IS-Training-manual
1622,3,fy course announcement,FY02-Course-Announcement-Template
1623,3,six sigma project charter,download-six-sigma-project-charter-template
1624,3,project proposal template,Project-Proposal-Template---DOC-1
1625,3,annual quality assurance report (aqar) of the iqac,THE-ANNUAL-QUALITY-ASSURANCE-REPORT-(AQAR)-OF-THE-IQAC---DOC
1626,3,partnership agreements,PARTNERSHIP-AGREEMENTS
1627,3,how to write a business report,How-to-Write-a-Business-Report
1628,3,software project proposal,software-project-proposal-template
1629,3,notice of termination of tenancy,NOTICE-OF-TERMINATION-OF-TENANCY
1630,3,account manager resume,Account-Manager-Resume
1631,3,accounts payable resume,Accounts-Payable-Resume
1632,3,ceo operations resume,CEO-Operations-Resume
1633,3,call center director resume,Call-Center-Director-Resume
1634,3,writing a resume weebly com,writing-a-resume-weebly-com
1635,3,claims resume,Claims-Resume
1636,3,clinical director resume,Clinical-Director-Resume
1637,3,construction manager resume,Construction-Manager-Resume
1638,3,customer service director resume,Customer-Service-Director-Resume
1639,3,director resume,Director-Resume
1640,3,sales director resume,Sales-Director-Resume
1641,3,grocery manager resume,Grocery-Manager-Resume
1642,3,economist resume,Economist-Resume
1643,3,electrical engineer resume,Electrical-Engineer-Resume
1644,3,entry level programmer resume,Entry-level-Programmer-Resume
1645,3,event planner resume,Event-Planner-Resume
1646,3,executive assistant resume,Executive-Assistant-Resume
1647,3,export officer resume,Export-Officer-Resume
1648,3,financial services resume,Financial-Services-Resume
1649,3,finance director resume,Finance-Director-Resume
1650,3,financial planner resume,Financial-Planner-Resume
1651,3,flight maintenance resume,Flight-Maintenance-Resume
1652,3,food industry sales resume,Food-Industry-Sales-Resume
1653,3,food service director resume,Food-Service-Director-Resume
1654,3,foreign law policy resume,Foreign-Law-Policy-Resume
1655,3,general manager resume,General-Manager-Resume
1656,3,social enterprise business plan,Social-Enterprise-Business-Plan-Template
1657,3,quotation invited no,QUOTATION-INVITED-No
1658,3,help desk administrator resume,Help-Desk-Administrator-Resume
1659,3,help desk supervisor resume,Help-Desk-Supervisor-Resume
1660,3,help desk support resume,Help-Desk-Support-Resume
1661,3,hr manager resume,HR-Manager-Resume
1662,3,high school teacher resume,High-School-Teacher-Resume
1663,3,industrial engineer resume,Industrial-Engineer-Resume
1664,3,insurance sales resume,Insurance-Sales-Resume
1665,3,interior design resume,Interior-Design-Resume
1666,3,inventory management resume,Inventory-Management-Resume
1667,3,investment resume,Investment-Resume
1668,3,lead developer resume,Lead-Developer-Resume
1669,3,legal assistant resume,Legal-Assistant-Resume
1670,3,oracle developer resume,Oracle-Developer-Resume
1671,3,real estate manager resume,Real-Estate-Manager-Resume
1672,3,manager resume,Manager-Resume-Sample
1673,3,medical transcription resume,Medical-Transcription-Resume
1674,3,movement instructor resume,Movement-Instructor-Resume
1675,3,national sales manager resume,National-Sales-Manager-Resume
1676,3,network support resume,Network-Support-Resume-Sample
1677,3,network technician resume,Network-Technician-Resume
1678,3,obgyn physician resume,OBGYN-Physician-Resume
1679,3,product order form,product-order-form
1680,3,electronics guide part,Electronics-Guide-Part2
1681,3,standing order mandate,Standing-Order-Mandate---DOC
1682,3,affidavit death of joint tenant,Affidavit--Death-of-Joint-Tenant
1683,3,grant application form,Grant-Application-Form
1684,3,buyer guide,BUYER-GUIDE
1685,3,strategic alliance agreement,Strategic-Alliance-Agreement
1686,3,release and waiver of liability and indemnity agreement,Release-and-Waiver-of-Liability-and-Indemnity-Agreement
1687,3,atomic structure worksheet,Atomic-Structure-Worksheet---DOC
1688,3,of cover letter,Sample-of-Cover-Letter
1689,3,form no a,FORM-NO-1A
1690,3,application form for reviewer,Application-Form-for-Reviewer
1691,3,haringey teaching primary care nhs trust,HARINGEY-TEACHING-PRIMARY-CARE-NHS-TRUST
1692,3,salary reduction agreement,SALARY-REDUCTION-AGREEMENT
1693,3,irs instructions for form misc,IRS-Instructions-for-Form-1099-MISC---2012
1694,3,club constitution,Club-Constitution
1695,3,sponsor contract,Sponsor-Contract
1696,3,proposal for a,Proposal-for-a
1697,3,raleigh board of adjustment minutes,04092012-RALEIGH-BOARD-OF-ADJUSTMENT-MINUTES
1698,3,government national mortgage association,GOVERNMENT-NATIONAL-MORTGAGE-ASSOCIATION
1699,3,design manual,Design-Manual
1700,3,letter to visa officer,a-letter-to-visa-officer-3-0
1701,3,triumph paper cutter manual,Triumph-4305--Paper-Cutter-Manual
1702,3,participating addendum,PARTICIPATING-ADDENDUM
1703,3,employment verification form download as,Employment-Verification-Form---Download-as-DOC
1704,3,custom order form,Custom-Order-Form
1705,3,balancing equations worksheet,Balancing-Equations-Worksheet---DOC
1706,3,counter offer,COUNTER-OFFER
1707,3,investment management trust agreement,Investment-Management-Trust-Agreement---INFINITY-CHINA-1-ACQUISITION----7-25-2012
1708,3,exchange agreement,EXCHANGE-AGREEMENT
1709,3,grant in aid application,Grant-in-Aid-Application
1710,3,manualsmania brother dcp cn quick setup guide,ManualsMania--Brother-DCP-9040CN---Quick-Setup-Guide---
1711,3,www extension iastate,www-extension-iastate
1712,3,advertisement letter,Sample-Advertisement-Letter-22
1713,3,in the acknowledgement letter,In-the-acknowledgement-letter---DOC
1714,3,application for irrevocable documentary credit,Application-For-Irrevocable-Documentary-Credit
1715,3,city budget form short,City-Budget-Form---Short
1716,3,affiliation agreement,AFFILIATION-AGREEMENT
1717,3,three day notice,THREE-DAY-NOTICE
1718,3,inspection form,Inspection-Form
1719,3,hefce blank,HEFCE-Blank-template
1720,3,cornell notes template,Cornell-Notes-Template---DOC-8
1721,3,farmers market application,FARMERS-MARKET-APPLICATION
1722,3,proposal kerjasama,PROPOSAL-KERJASAMA
1723,3,investment advisory agreement,INVESTMENT-ADVISORY-AGREEMENT
1724,3,residential tenancy agreement,RESIDENTIAL-TENANCY-AGREEMENT
1725,3,directors service agreement,Directors-Service-Agreement
1726,3,wedding planner checklist,wedding-planner-checklist
1727,3,proposed budget,Proposed-budget
1728,3,sponsorship application,SPONSORSHIP-APPLICATION
1729,3,business license,Business-License
1730,3,exclusivity agreement,Exclusivity-Agreement
1731,3,informed consent get as,Informed-Consent---Get-as-DOC
1732,3,strategic marketing plan,Strategic-Marketing-Plan
1733,3,non disclosure non circumvention agreement,Non-Disclosure-Non-Circumvention-Agreement
1734,3,blank contract,Blank-Contract---DOC
1735,3,new user form,New-User-Form
1736,3,interview assessment form,INTERVIEW-ASSESSMENT-FORM
1737,3,leeds teaching hospitals nhs trust,LEEDS-TEACHING-HOSPITALS-NHS-TRUST
1738,3,lessons learned,Lessons-Learned-Template-2
1739,3,application site and surrounding area,Application-Site-and-Surrounding-Area
1740,3,business consultant %ef%bf%bd sales,Business-Consultant-%EF%BF%BD-Sales
1741,3,loan syndication in banks,loan-syndication-in-banks---DOC
1742,3,nextone client intake form,nextONE-CLIENT-INTAKE-FORM---DOC
1743,3,networking letter,Sample-Networking-Letter-04
1744,3,cat application,CAT-application
1745,3,architect resume,Architect-Resume-Template
1746,3,morgan stanley the commodity manual,Morgan-stanley--The-Commodity-Manual
1747,3,installation manual,installation-manual
1748,3,summary of,A-Summary-of
1749,3,leasing solar power systems impact in the industry,Leasing-Solar-Power-Systems-Impact-In-The-Industry
1750,3,manualsmania brother fax c quick setup guide,ManualsMania--Brother-FAX-1840C---Quick-Setup-Guide---
1751,3,guide to domain name registration,A_Guide_To_Domain_Name_Registration
1752,3,use trampoline equipments and get a guarantee of a healthy future!,Use-Trampoline-Equipments-And-Get-A-Guarantee-Of-A-Healthy-Future!
1753,3,employment employee satisfaction survey,Employment-Employee_Satisfaction_Survey
1754,3,agreement at will employment agreement,Agreement-At_Will_Employment_Agreement
1755,3,manualsmania brother hl n quick setup guide,ManualsMania--Brother-HL-1470N---Quick-Setup-Guide
1756,3,nutrition guide,Nutrition-Guide
1757,3,taking stock,Taking-Stock
1758,3,purchase order terms and conditions,PURCHASE-ORDER-TERMS-and-CONDITIONS
1759,3,vauxhall tower report,vauxhall-tower-report---DOC
1760,3,active projects are summarized in this report,Active-projects-are-summarized-in-this-report
1761,3,wedding planning checklist,Wedding-Planning-Checklist---DOC
1762,3,landing page success guide,Landing-Page-Success-Guide
1763,3,complaints policy,Complaints-Policy
1764,3,stock certificate,Stock-Certificate-Template
1765,3,pension life certificate,PENSION-LIFE-CERTIFICATE
1766,3,mortgage and security agreement,Mortgage-And-Security-Agreement---ADCARE-HEALTH-SYSTEMS-INC---8-7-2012
1767,3,request for expression of interest (eoi),REQUEST-FOR-EXPRESSION-OF-INTEREST-(EOI)
1768,3,certificate of clearance,CERTIFICATE-OF-CLEARANCE
1769,3,classified bulletin,Classified-Bulletin-Template
1770,3,power electronics and devices vol,power-electronics-and-devices-vol-_7_
1771,3,no dues certificate,NO-DUES-CERTIFICATE
1772,3,normal,Normal-Template
1773,3,certified application,certified-application
1774,3,jhda employment certificate,JHDA-Employment-Certificate
1775,3,in kind donation form,In-Kind-Donation-Form
1776,3,certificate of substantial completion,CERTIFICATE-OF-SUBSTANTIAL-COMPLETION---DOC
1777,3,certificate of,Certificate-of
1778,3,flyer template,Flyer-Template---DOC
1779,3,address change form,ADDRESS-CHANGE-FORM
1780,3,articles of incorporation of,ARTICLES-OF-INCORPORATION-OF
1781,3,manualsmania brother hl cn users guide,ManualsMania--Brother-HL-4040CN---Users-Guide---
1782,3,systems manager resume,Systems-Manager-Resume
1783,3,pharmacist resume,Pharmacist-Resume
1784,3,physicist resume,Physicist-Resume
1785,3,police officer resume,Police-Officer-Resume
1786,3,program manager resume,Program-Manager-Resume
1787,3,programmer resume,Programmer-Resume
1788,3,project manager security resume,Project-Manager-Security-Resume
1789,3,project director resume,Project-Director-Resume
1790,3,sales associate resume,Sales-Associate-Resume
1791,3,senior developer resume,Senior-Developer-Resume
1792,3,senior manager resume,Senior-Manager-Resume
1793,3,senior systems manager resume,Senior-Systems-Manager-Resume
1794,3,social worker resume,Social-Worker-Resume
1795,3,software engineer resume,Software-Engineer-Resume
1796,3,sports marketing resume,Sports-Marketing-Resume
1797,3,support manager resume,Support-Manager-Resume
1798,3,support specialist resume,Support-Specialist-Resume
1799,3,vice president resume,Vice-President-Resume-Example
1800,3,visual merchandising resume,Visual-Merchandising-Resume
1801,3,vp finance resume,VP-Finance-Resume
1802,3,vp investments resume,VP-Investments-Resume
1803,3,vp marketing resume,VP-Marketing-Resume
1804,3,team lead resume,Team-Lead-Resume
1805,3,technical services director resume,Technical-Services-Director-Resume
1806,3,technical support resume,Technical-Support-Resume-Template
1807,3,technical support director resume,Technical-Support-Director-Resume-Template
1808,3,technical services manager resume,technical-Services-Manager-Resume-Sample
1809,3,technical writer resume,Technical-Writer-Resume
1810,3,telecom resume,Telecom-Resume
1811,3,trading resume,Trading-Resume
1812,3,training resume,Training-Resume
1813,3,ui developer resume,UI-Developer-Resume
1814,3,subscriber agreement,subscriber_agreement
1815,3,employee separation checklist,Employee-Separation-Checklist
1816,3,spreadsheet,A-spreadsheet
1817,3,manualsmania brother mfc quick setup guide italiano,ManualsMania--Brother-MFC-8220---Quick-Setup-Guide---Italiano
1818,3,manualsmania brother mfc quick setup guide norsk,ManualsMania--Brother-MFC-8220---Quick-Setup-Guide---Norsk
1819,3,manualsmania brother mfc quick setup guide svenska,ManualsMania--Brother-MFC-8220---Quick-Setup-Guide---Svenska
1820,3,letter of recommendation form,Letter-of-recommendation-form
1821,3,manualsmania brother mfc quick setup guide,ManualsMania--Brother-MFC-8440---Quick-Setup-Guide---
1822,3,partnership name,Partnership-name
1823,3,manual handling risk assessments,Manual-Handling-Risk-Assessments
1824,3,deep research report on global and china vitamin d industry,2012-Deep-Research-Report-on-Global-and-China-Vitamin-D3-Industry
1825,3,manualsmania brother mfc cn software users guide deutsch,ManualsMania--Brother-MFC-9420CN---Software-Users-Guide---Deutsch
1826,3,manualsmania brother mfc c quick setup guide deutsch,ManualsMania--Brother-MFC-215C---Quick-Setup-Guide---Deutsch
1827,3,manualsmania brother mfc c quick setup guide,ManualsMania--Brother-MFC-215C---Quick-Setup-Guide---
1828,3,limited warranty,LIMITED-WARRANTY
1829,3,manualsmania brother mfc c quick setup guide portugu%ef%bf%bds,ManualsMania--Brother-MFC-3220C---Quick-Setup-Guide---Portugu%EF%BF%BDs
1830,3,note conversion agreement,Note-Conversion-Agreement---THE-GUITAMMER-MPANY---8-13-2012
1831,3,agreement term sheet for equity investment and strategic alliance,Agreement-Term_Sheet_For_Equity_Investment_and_Strategic_Alliance
1832,3,manualsmania brother mfc cn quick setup guide fran%ef%bf%bdais,ManualsMania--Brother-MFC-410CN---Quick-Setup-Guide---Fran%EF%BF%BDais
1833,3,manualsmania brother mfc cn quick setup guide deutsch,ManualsMania--Brother-MFC-410CN---Quick-Setup-Guide---Deutsch
1834,3,manualsmania brother mfc cn quick setup guide norsk,ManualsMania--Brother-MFC-410CN---Quick-Setup-Guide---Norsk
1835,3,booth rental agreement,BOOTH-Rental-Agreement
1836,3,leave application,leave_application
1837,3,manualsmania brother mfc cn quick setup guide portugu%ef%bf%bds,ManualsMania--Brother-MFC-465CN---Quick-Setup-Guide---Portugu%EF%BF%BDs
1838,3,liability form,liability-form
1839,3,avery,Avery-Template
1840,3,security plan,SECURITY-PLAN-TEMPLATE
1841,3,template offer letter,TEMPLATE-OFFER-LETTER
1842,3,portrait report,Portrait-report-template
1843,3,calendar,Calendar-Template
1844,3,current events worksheet,CURRENT-EVENTS-WORKSHEET
1845,3,disaster preparedness and business continuity worksheet,Disaster-Preparedness-and-Business-Continuity-Worksheet
1846,3,application status vendors approved registered,Application_Status_Vendors_Approved_Registered
1847,3,website hosting agreement,WEBSITE-HOSTING-AGREEMENT
1848,3,template for best practice examples for online database,Template-for-best-practice-examples-for-online-database
1849,3,consortium agreement,Consortium-Agreement
1850,3,accomplishment report,accomplishment-report
1851,3,corpdocs actions taken at board of directors meeting with written notice,CorpDocs-Actions_Taken_at_Board_of_Directors_Meeting_With_Written_Notice
1852,3,license tag,License-tag
1853,3,lease offer letter for lease,Lease-Offer_Letter_For_Lease
1854,3,planner checklist,PLANNER-CHECKLIST
1855,3,lte report,LTE_Report
1856,3,grant proposal writing,Grant-Proposal-Writing
1857,3,proposal to lease,PROPOSAL-TO-LEASE
1858,3,event proposal,Event-Proposal
1859,3,panduan penulisan proposal,Panduan-Penulisan-Proposal
1860,3,manualsmania brother xl users guide nederlands,ManualsMania--Brother-XL-3600---Users-Guide---Nederlands
1861,3,internal memo download as,Internal-memo---Download-as-DOC
1862,3,letter templates,letter-templates
1863,3,cover letter general,Cover-Letter--General
1864,3,resume cv,RESUME---CV
1865,3,harnessing the power of social media,Harnessing-the-Power-of-Social-Media
1866,3,letter of comfort,Letter-of-Comfort
1867,3,webtraffiq press release,WebtraffIQ-Press-Release
1868,3,waiver and release,Waiver-and-Release
1869,3,laptop security policy,LAPTOP-SECURITY-POLICY
1870,3,student resume,Sample-Student-Resume---DOC
1871,3,wedding cake order form,Download-Wedding-Cake-Order-Form
1872,3,geothermal power as alternative energy,Geothermal-Power-as-Alternative-Energy
1873,3,payment schedule,Payment-Schedule
1874,3,letter from pastor,Letter-from-Pastor
1875,3,rolling budget and forecast,Rolling_Budget_and_Forecast
1876,3,template for cdc units,Template-for-CDC-Units---DOC
1877,3,individual professional development plan,Individual-Professional-Development-Plan
1878,3,contractor invoice,Contractor-Invoice
1879,3,wellness policy,WELLNESS-POLICY
1880,3,strategic planning committee agenda may,strategic-planning-committee-agenda-26-may-2005
1881,3,school accountability report card,School-Accountability-Report-Card
1882,3,organic farm plan questionnaire,Organic-Farm-Plan-Questionnaire
1883,3,hosting agreement,HOSTING-AGREEMENT
1884,3,qualified income trust,Qualified-Income-Trust---DOC
1885,3,hand hygiene policy,HAND-HYGIENE-POLICY
1886,3,request bank to close account,REQUEST-BANK-TO-CLOSE-ACCOUNT
1887,3,local table c consolidated plan listing of projects,Local-Table-3C-Consolidated-Plan-Listing-of-Projects
1888,3,invoice no,Invoice-No
1889,3,icf credential renewal application,2012-ICF-Credential-Renewal-Application1
1890,3,letter of endorsement,LETTER-OF-ENDORSEMENT
1891,3,prepositions worksheet,Prepositions-Worksheet
1892,3,project,Project_Template
1893,3,sixth amendment to lease,Sixth-Amendment-To-Lease---PANDORA-MEDIA----9-4-2012
1894,3,international tax letter,The-International-Tax-Letter
1895,3,news letter,NEWS-letter-083
1896,3,business loan,Business-Loan
1897,3,home maintenance checklist,Home-Maintenance-Checklist
1898,3,c programming course %e%% worksheet one,C-PROGRAMMING-COURSE-%E2%80%93-WORKSHEET-ONE
1899,3,collection agreement,Collection-Agreement
1900,3,teaching philosophy statement,Teaching-Philosophy-Statement-Example-1
1901,3,of profit loss statement,SAMPLE-OF-PROFIT-LOSS-STATEMENT
1902,3,urban design statement,01-URBAN-DESIGN-STATEMENT
1903,3,small business loan,Small-Business-Loan
1904,3,automobile rental agreement,Automobile-Rental-Agreement
1905,3,cruise plan,Cruise-Plan
1906,3,grade formal lab report guidelines,GRADE-1112-FORMAL-LAB-REPORT-GUIDELINES
1907,3,software requirements specification (srs),Software-Requirements-Specification-(SRS)-Template
1908,3,price list and order form,Price-List-and-Order-Form
1909,3,canadian companies form,Canadian-Companies-1994-form
1910,3,how to write a resignation letter,how-to-write-a-resignation-letter
1911,3,pakistani mumbai terror attack report,Pakistani-Mumbai-Terror-Attack-Report
1912,3,weekly well activity report,WEEKLY-WELL-ACTIVITY-REPORT
1913,3,speaker letter,SAMPLE-SPEAKER-LETTER---DOC
1914,3,agenda february,agenda-february-5
1915,3,agenda march,agenda-march-5
1916,3,publicity guide,Publicity-Guide
1917,3,marketing report,Marketing-Report
1918,3,agenda september,agenda-september-11
1919,3,minutes of the proceedings of the council meeting held,MINUTES-OF-THE-PROCEEDINGS-OF-THE-COUNCIL-MEETING-HELD
1920,3,redundancy policy,REDUNDANCY-POLICY
1921,3,memo format template multi page,Memo-Format-Template-Multi-Page
1922,3,day notice to terminate tenancy,30-DAY-NOTICE-TO-TERMINATE-TENANCY
1923,3,installment note,INSTALLMENT-NOTE
1924,3,residential lease with option to purchase,RESIDENTIAL-LEASE-WITH-OPTION-TO-PURCHASE
1925,3,extension request form,Extension-Request-Form-08
1926,3,plan de negocio,PLAN-DE-NEGOCIO
1927,3,increment letter,INCREMENT-LETTER-4---DOC
1928,3,employee agreement,EMPLOYEE-AGREEMENT
1929,3,quick guide to,A-QUICK-GUIDE-TO
1930,3,offer letter download as,sample-offer-letter---Download-as-DOC
1931,3,proforma for mandatory disclosure of information,PROFORMA-FOR-MANDATORY-DISCLOSURE-OF-INFORMATION---DOC
1932,3,general tutor application,General-Tutor-Application
1933,3,temporary event notice,Temporary-Event-Notice
1934,3,formal lab report guidelines,Formal-Lab-Report-Guidelines
1935,3,sponsorship request form,Sponsorship-Request-Form---DOC
1936,3,special event application form,SPECIAL-EVENT-APPLICATION-FORM
1937,3,operating lease converter r,Operating-lease-converter-R
1938,3,exclusive agent musician contract,Exclusive-Agent-Musician-Contract
1939,3,writing a business plan,WRITING-A-BUSINESS-PLAN
1940,3,for immediate release contact anthony puglisi,FOR-IMMEDIATE-RELEASE-Contact-Anthony-Puglisi
1941,3,affidavit of truth,Affidavit_of_Truth
1942,3,personal banker resume,personal-banker-resume-example
1943,3,minutes of a meeting of,MINUTES-OF-A-MEETING-OF
1944,3,requirements to form ac hapter,REQUIREMENTS-TO-FORM-AC-HAPTER
1945,3,mileage reimbursement form,Mileage-Reimbursement-form
1946,3,project meeting minutes,Project-Meeting-Minutes-Template
1947,3,automobile bill of sale,Download-Automobile-bill-of-sale-template
1948,3,quote english,quote-english
1949,3,waunafest order of finish,Waunafest2010-Order-Of-Finish
1950,3,activity plan,ACTIVITY-PLAN
1951,3,cover letter samples,Cover-Letter-Samples-2
1952,3,contract pricing,contract-pricing
1953,3,job analysis,JOB-ANALYSIS-TEMPLATE
1954,3,office of the city auditor audit report audit of,Office-of-the-City-Auditor-Audit-Report-AUDIT-OF
1955,3,task order,Task-Order
1956,3,customer service agreement,Customer-Service-Agreement-Template
1957,3,form of agreement,FORM-OF-AGREEMENT
1958,3,end user agreement,End-User-Agreement
1959,3,user agreement,User-Agreement
1960,3,representation agreement,REPRESENTATION-AGREEMENT
1961,3,guarantee agreement,GUARANTEE-AGREEMENT
1962,3,project proposal document,Project-Proposal-Document
1963,3,move in move out checklist,move-in-move-out-checklist
1964,3,project closure checklist,Project-Closure-Checklist
1965,3,bulk promo code request form,Bulk-Promo-Code-Request-Form-2011
1966,3,consulting contract,Consulting-Contract
1967,3,contract for sale,Contract-for-Sale
1968,3,stiga multiclip s rental multiclip,Stiga-Multiclip-50-4S-Rental-MULTICLIP
1969,3,legal disclaimer,Legal-Disclaimer
1970,3,power transformer,POWER-TRANSFORMER
1971,3,essential lifestyle plan,Essential-Lifestyle-Plan-Template
1972,3,ece power electronics,ECE-364---Power-Electronics
1973,3,master fee protection agreement,MASTER-FEE-PROTECTION-AGREEMENT
1974,3,intellectual property policy,Intellectual-Property-Policy
1975,3,bartender resume,Bartender-Resume
1976,3,form internal revenue service,FORM-Internal-Revenue-Service
1977,3,moa,moa-template
1978,3,freelance agreement,FREELANCE-AGREEMENT
1979,3,offer of employment and employment contract,Offer-of-Employment-and-Employment-Contract-SAMPLE
1980,3,hipaa authorization form,Sample-HIPAA-Authorization-Form
1981,3,adult model release,Adult-Model-Release---DOC
1982,3,expense report excel,Expense-Report---Excel-2
1983,3,application cover letter,APPLICATION-COVER-LETTER
1984,3,paradip port trust,PARADIP-PORT-TRUST
1985,3,report format,Sample-Report-Format
1986,3,shares common stock,10700000-Shares-Common-Stock
1987,3,cover letter examples,cover-letter-examples
1988,3,requisition proposal alabama state port authority,REQUISITION-PROPOSAL-Alabama-State-Port-Authority
1989,3,amendment no to research and license agreement,Amendment-No-2-To-Research-And-License-Agreement---MDRNA----10-10-2012
1990,3,landlord eviction notice,Landlord-Eviction-Notice-Template
1991,3,resume cover letters,resume-cover-letters
1992,3,directors report larsen toubro,DIRECTORS-REPORT-Larsen-Toubro
1993,3,hallmarkonsult soap making handbook,Hallmarkonsult-Soap-Making-Handbook
1994,3,ieee copyright form,IEEE-copyright-form
1995,3,speaker letter thanksexample,Speaker-Letter-ThanksExample-1doc
1996,3,nissan sx service manual workshop,Nissan-180SX-Service-Manual-Workshop
1997,3,repair manual hyundai grandeur xg,Repair-Manual-Hyundai-Grandeur-XG250
1998,3,non disclosure agreement general,NON-Disclosure-Agreement---General
1999,3,press release gmt may for immediate release,PRESS-RELEASE---0000-GMT---29May02---For-immediate-release
2000,3,custom web application development company,Custom-Web-Application-Development-Company
2001,3,resignation acknowledgement letter,Resignation-Acknowledgement-Letter-1
2002,3,quotation marks,QUOTATION-MARKS
2003,3,screenplay,SCREENPLAY-TEMPLATE
2004,3,beginners guide to profiting from antique collecting,A-Beginners-Guide-to-Profiting-from-Antique-Collecting
2005,3,acknowledgement of receipt form,ACKNOWLEDGEMENT-OF-RECEIPT-FORM---DOC
2006,3,word resume,word-resume
2007,3,competitor analysis worksheet,COMPETITOR-ANALYSIS-WORKSHEET
2008,3,how to write a good resume,How-To-Write-A-Good-Resume
2009,3,honda cbrrr pdf service repair workshop manual,HONDA-CBR250RR-PDF-SERVICE-REPAIR-WORKSHOP-MANUAL-1990-1998
2010,3,color theory worksheet,Color-Theory-Worksheet
2011,3,honda cbf hornet service repair manual,Honda-CB600F-Hornet-1998-2006-Service-Repair-Manual-Download
2012,3,residential lease agreement rev,RESIDENTIAL-LEASE-AGREEMENT-rev
2013,3,flower news template c forever,Flower-News-Template-844-_1C-Forever_
2014,3,credit suisse global equity strategy,Credit-Suisse--Global-Equity-Strategy
2015,3,statement of work sow,Statement-of-Work-_SOW_-Template
2016,3,monthly market report,MONTHLY-MARKET-REPORT
2017,3,agreement of confidentiality,Agreement-of-Confidentiality
2018,3,business plan workbook,Business-Plan-Workbook
2019,3,farm business plan,Farm-Business-Plan-
2020,3,short form business plan,Sample-Short-Form-Business-Plan
2021,3,minutes of the meeting,Minutes-of-the-Meeting
2022,3,yacht charter dubai,Yacht-Charter-Dubai
2023,3,advertising insertion order,Advertising-Insertion-Order
2024,3,sawan s resume type,Sawan-s-Resume-type-1
2025,3,myanmar independent news journal vol,Myanmar-Independent-News-Journal_Vol-29
2026,3,instructions for form misc,2001-Instructions-for-Form-1099-MISC
2027,3,marketing budget,Marketing-Budget
2028,3,form s,Form-1099-S
2029,3,proper format of resume,Proper-Format-of-Resume
2030,3,pdf format instructions for form,PDF-Format-Instructions-for-Form-8801
2031,3,information returns form ss [],Information-Returns-Form-SS-4[801]
2032,3,estates and trusts taxes form [],Estates-and-Trusts-Taxes-Form-1041[367]
2033,3,forms only instruction for form nr[],1040-Forms-Only-Instruction-for-Form-1040NR[338]
2034,3,information forms such as w s and s form w,Information-Forms-such-as-W-2s-and-1099s-Form-W-2
2035,3,spanish forms pubs and instructions form w pr[],Spanish-Forms-Pubs-and-Instructions-Form-W-3PR[729]
2036,3,business income taxes form x[],Business-Income-Taxes-Form-1120X[612]
2037,3,irs administrative forms instructions notices and publications form [],IRS-Administrative-Forms-Instructions-Notices-and-Publications-Form-2031[886]
2038,3,nuclear power,Nuclear-Power
2039,3,toyota tundra service and repair manual,Toyota-Tundra-Service-and-Repair-Manual-2004-2005-2006
2040,3,general contractor,General-Contractor
2041,3,epson stylus pro gs workshop repair manual,Epson_Stylus_Pro_GS6000_Workshop_Repair_manual
2042,3,honda cr v service repair manual,Honda_CR-V_2007_2008_2009_Service_Repair_Manual
2043,3,kymco scooter service manual zx scout repair,KYMCO_SCOOTER_SERVICE_MANUAL_ZX50_SCOUT_REPAIR
2044,3,honda shadow vt dc service repair manual,Honda_Shadow_VT750_DC_2003_Service_Repair_Manual
2045,3,power supplies,Power-Supplies
2046,3,power supply,Power-Supply
2047,3,joomla cms template creation,Joomla-Cms-Template-Creation
2048,3,stock market for dummies,Stock-Market-For-Dummies
2049,3,will not fit,Will-not-fit
2050,3,unclaimed refund list businesses massgov,Unclaimed-Refund-List-_Businesses_---MassGov
2051,3,missouri alcohol license email addresses,Missouri_Alcohol_License_Email_Addresses
2052,3,toyota matrix workshop service manual,2004-2007-Toyota-Matrix-Workshop-Service-Manual
2053,3,guide to sex toys,Guide-to-Sex-Toys
2054,3,toyota tacoma workshop service manual,2001-2004-Toyota-Tacoma-Workshop-Service-Manual
2055,3,toyota rav workshop repair service manual best,1996-2000-Toyota-RAV4-Workshop-Repair-Service-Manual-BEST-DOWNLOAD
2056,3,standstill agreement,Standstill-Agreement---BIOVEST-INTERNATIONAL-INC---12-26-2012
2057,3,jeep liberty cherokee kj service repair manual,Jeep_Liberty_Cherokee_KJ_2005_Service_Repair_Manual
2058,3,honda cbrrr workshop service repair manual dowload,2004-2005_Honda_CBR1000RR_Workshop_Service_Repair_Manual_DOWLOAD
2059,3,intraday stock futures tips,Intraday-Stock-Futures-tips
2060,3,total stress management guide for nurses dr shriniwas kashalikar,Total-Stress-Management-Guide-For-Nurses-Dr-Shriniwas-Kashalikar
2061,3,toyota tacoma repair manual,Toyota_Tacoma_1998-2000_Repair_Manual
2062,3,individual health insurance policy,Individual-Health-Insurance-Policy
2063,3,notice to terminate tenancy at will,Notice-to-Terminate-Tenancy-at-Will
2064,3,yacht charter greece,Yacht-Charter-Greece
2065,3,raci template xls spreadsheets,RACI-Template---XLS-spreadsheets
2066,3,johnson evinrude outboard service manual,JOHNSON-EVINRUDE-1956-1972-OUTBOARD-SERVICE-MANUAL-DOWNLOAD
2067,3,global disclosure of economics and business (gdeb),Global-Disclosure-of-Economics-and-Business-(GDEB)
2068,3,oxford guide to english grammar,Oxford_Guide_to_English_Grammar
2069,3,wedding video contract,WEDDING-VIDEO-CONTRACT
2070,3,pledge agreement,Pledge-Agreement---VELOCITY-OIL-and-GAS----1-25-2013
2071,3,personal loan contract,Personal-Loan-Contract
2072,3,wedding worksheet,wedding-worksheet
2073,3,vp international sales business development in international resume bruno carlier,VP-International-Sales-Business-Development--in-International-Resume-Bruno-Carlier
2074,3,letter for authorization,Sample-Letter-For-Authorization
2075,3,contest winner assignment and release lineage ii the chaotic,Contest-Winner-Assignment-and-Release---Lineage-II-The-Chaotic
2076,3,eagle scout commendation letter addresses michigan,Eagle-Scout-Commendation-Letter-Addresses---Michigan
2077,3,site inspection checklist,Site-Inspection-Checklist-Template
2078,3,key employee agreement,Key-Employee-Agreement---PAREXEL-INTERNATIONAL-CORP---2-4-2013
2079,3,employee confidentiality agreement,Employee-Confidentiality-Agreement
2080,3,whittington hospital nhs trust,The-Whittington-Hospital-NHS-Trust
2081,3,web design bradford to offer dynamic marketing options,Web-Design-Bradford-to-Offer-Dynamic-Marketing-Options
2082,3,liability disclaimer,Sample-Liability-Disclaimer
2083,3,budget worksheet arizona saves,Budget-Worksheet---Arizona-Saves
2084,3,hsbc premier credit card application contract,HSBC-PREMIER-CREDIT-CARD-APPLICATION--CONTRACT
2085,3,maybank credit card application for credit limit increase,Maybank-Credit-Card-Application-for-Credit-Limit-Increase
2086,3,loan comparison chart,Loan-Comparison-Chart
2087,3,amendment to trust,Amendment-To-Trust
2088,3,manual de utilizare,MANUAL-DE-UTILIZARE
2089,3,common stock warrant,Common-Stock-Warrant---INTEGRATED-HEALTHCARE-HOLDINGS-INC---2-12-2013
2090,3,business transfer agreement,Business-Transfer-Agreement---HOSPIRA-INC---2-13-2013
2091,3,marital settlement agreement,Marital--Settlement-Agreement
2092,3,human rights watch world report,Human-Rights-Watch-World-Report-1999
2093,3,viscose annual report china national chemical fiber,Viscose-Annual-Report-_2010_---China-National-Chemical-Fiber
2094,3,personal loan application,Personal-Loan-Application
2095,3,planning and zoning notice october,Planning-and-Zoning-Notice-October-21-2008
2096,3,written warning,written-warning-template
2097,3,purchase order request form,SAMPLE-PURCHASE-ORDER-REQUEST-FORM
2098,3,vendor contacts,Vendor-Contacts
2099,3,loan amortization,Loan-Amortization
2100,3,real estate agreement,Free-Real-Estate-Agreement
2101,3,lease purchase agreement,Free-Lease-Purchase-Agreement
2102,3,aeg dea w dea w (pnc ) manual,AEG---DEA-60-W---DEA-60-W---(PNC-610419948)---Manual
2103,3,statement of accounts,Statement-of-Accounts
2104,3,business administration resume,business-administration-resume-example
2105,3,chief technology officer resume,chief-technology-officer-resume-example
2106,3,system administrator resume,system-administrator-resume-example
2107,3,sales follow up,Sales-Follow-Up-template
2108,3,work order request for quote,Work-Order---Request-for-Quote
2109,3,java resume,Java-Resume
2110,3,infosys warranty management rules engine,Infosys-Warranty-Management-Rules-Engine
2111,3,debt collection letter,Debt-Collection-Letter
2112,3,self directed ira application packet ira innovations,Self-Directed-IRA-Application-Packet---IRA-Innovations
2113,3,waiver agreement,Waiver-Agreement---WIRELESS-RONIN-TECHNOLOGIES-INC---3-1-2013
2114,3,fy annual report,FY-2012-Annual-Report
2115,3,amended and restated subordination agreement,Amended-And-Restated-Subordination-Agreement---CLARUS-CORP---3-12-2013
2116,3,city disaster management plan of ghaziabad,City-Disaster-Management-Plan-of-Ghaziabad00005
2117,3,change of control agreement,Change-of-Control-Agreement
2118,3,timeless jewelry collection buy initial diamond pendant ny,Timeless-Jewelry-Collection---Buy-Initial-Diamond-Pendant-NY
2119,3,english aeg power solutions,English-AEG-Power-Solutions
2120,3,special delivery,Special-Delivery_
2121,3,jeep wrangler service repair manual,1998-Jeep-Wrangler-Service-Repair-Manual-DOWNLOAD-98
2122,3,docx resume disposable techie,Docx-Resume---Disposable-Techie
2123,3,kb textbook test banks solution manual,KB-Textbook-Test-Banks-Solution-manual
2124,3,full press release creditunionscom,Download-Full-Press-Release---CreditUnionscom
2125,3,us certificate of origin,US-Certificate-of-Origin
2126,3,suzuki gsxr hayabusa service repair manual,2008-2009-Suzuki-GSX1300R-Hayabusa-Service-Repair-Manual-DOWNLOAD
2127,3,character reference,Sample-Character-reference
2128,3,intraday stock tips,INTRADAY-STOCK-TIPS
2129,3,jeep wrangler service manual,Jeep-Wrangler-Service-Manual-2004
2130,3,peugeot service manual,Peugeot-205-Service-Manual
2131,3,honda accord coupe service manual,Honda-Accord-Coupe-Service-Manual-1996
2132,3,ccna case study proposal,CCNA3-Case-Study-Proposal
2133,3,california rental agreement,CALIFORNIA-RENTAL-AGREEMENT
2134,3,model mba fresher resume for finance,Model-MBA-Fresher-Resume-for-Finance
2135,3,mcd report freescale,Download-MCD-Report---Freescale
2136,3,fashion industry guide,fashion_industry_guide
2137,3,robi cv logosworld com,Robi_CV_logosworld_com
2138,3,website terms of service and privacy policy,Website-Terms-of-Service-and-Privacy-Policy
2139,3,cost estimate worksheetxlsx,Cost-Estimate-Worksheetxlsx
2140,3,white house targets wikileaks and lulzsec in cyber espionage report,White-House-targets-WikiLeaks-and-LulzSec-in-cyber-espionage-report
2141,3,assessing readiness to offer new degree programs,Assessing-Readiness-to-Offer-New-Degree-Programs
2142,3,excel spreadsheet listing each tool by category premier inc,Excel-spreadsheet-listing-each-tool-by-category---Premier_-Inc
2143,3,chauffeur manual entourage limousine,Chauffeur-Manual---Entourage-Limousine
2144,3,links small business consulting management consultant internet,Links---Small-Business-Consulting_-Management-Consultant_-Internet
2145,3,project management,project-management-template
2146,3,group policy settings reference spreadsheet adm files,Group-Policy-Settings-Reference-Spreadsheet-_ADM-Files_
2147,3,executive severance plan,Executive-Severance-Plan---MCGRAW-HILL-COMPANIES-INC---2-25-2005
2148,3,employee retirement plan supplement,Employee-Retirement-Plan-Supplement---MCGRAW-HILL-COMPANIES-INC---2-25-2005
2149,3,senior executive severance plan,Senior-Executive-Severance-Plan---MCGRAW-HILL-COMPANIES-INC---2-28-2007
2150,3,director deferred compensation plan,Director-Deferred-Compensation-Plan---MCGRAW-HILL-COMPANIES-INC---2-29-2008
2151,3,receivables sale agreement,Receivables-Sale-Agreement---SPHERION-CORP---11-8-1999
2152,3,stock option tips,STOCK-OPTION-TIPS
2153,3,commodity report today,Commodity-Report-Today
2154,3,marketing services agreement,Marketing-Services-Agreement---NB-MANUFACTURING----4-16-2013
2155,3,rental flats south in delhi,Rental-Flats-South-in-Delhi
2156,3,what happened to the men who signed the declaration of independence,What-Happened-to-the-Men-Who-Signed-the-Declaration-of-Independence
2157,3,american contract bridge league,1---American-Contract-Bridge-League
2158,3,three day notice to tenant,THREE-DAY-NOTICE-TO-TENANT
2159,3,day notice of intent to vacate,30-DAY-NOTICE-OF-INTENT-TO-VACATE
2160,3,excel timesheet,Excel-TimeSheet-Template
2161,3,amendment to credit agreement,Amendment-To-Credit-Agreement---INTERNATIONAL-RECTIFIER-CORP----4-30-2013
2162,3,day notice to move out,30-DAY-NOTICE-TO-MOVE-OUT
2163,3,peak oil texaco internal memo,Peak-Oil-Texaco-Internal-Memo
2164,3,concept,Concept-Template
2165,3,employment agreement health care reit inc,Employment-Agreement---HEALTH-CARE-REIT-INC-
2166,3,eva incentive compensation plan,Eva-Incentive-Compensation-Plan---GENESCO-INC---4-2-2008
2167,3,stock appreciation rights agreement,Stock-Appreciation-Rights-Agreement---CABOT-OIL-&-GAS-CORP---5-8-2006
2168,3,creative brief worksheet,Creative-Brief-Worksheet
2169,3,donor report department of strategy and donor coordination,donor-report_20_---Department-of-Strategy-and-Donor-Coordination
2170,3,rental application cover letter,Rental-Application-Cover-Letter
2171,3,% free html,100-%25-free-HTML-template
2172,3,beta test agreement and cover letter,SAMPLE-BETA-TEST-AGREEMENT-AND-COVER-LETTER
2173,3,project proposal template v,Project-Proposal-Template-v20
2174,3,stock plan for non employee directors,1997-Stock-Plan-For-Non-employee-Directors---OLIN-CORP---2-27-2007
2175,3,credit card and epayment activity request,Credit-Card-and-ePayment-Activity-Request
2176,3,nonqualified stock option plan,2001-Nonqualified-Stock-Option-Plan---CHESAPEAKE-ENERGY-CORP---11-7-2006
2177,3,using trust deed for real estate investing,Using-Trust-Deed-For-Real-Estate-Investing
2178,3,second amendment to employment agreement,Second-Amendment-To-Employment-Agreement---ARCH-CAPITAL-GROUP-LTD---3-2-2009
2179,3,restricted share agreement,Restricted-Share-Agreement---ARCH-CAPITAL-GROUP-LTD---5-11-2009
2180,3,amendment to the adoption agreement,Amendment-To-The-Adoption-Agreement---ARCH-CAPITAL-GROUP-LTD---3-30-1999
2181,3,retirement and consulting agreement,Retirement-And-Consulting-Agreement---KING-PHARMACEUTICALS-INC---8-9-2005
2182,3,executive life insurance plan,Executive-Life-Insurance-Plan---SEMPRA-ENERGY---8-7-2008
2183,3,first amendment to loan agreement,First-Amendment-To-Loan-Agreement---DIEBOLD-INC---3-13-2001
2184,3,master supply and intellectual property license agreement quantum corp,Master-Supply-And-Intellectual-Property-License-Agreement---QUANTUM-CORP-
2185,3,contribution agreement,Contribution-Agreement---PENNSYLVANIA-REAL-ESTATE-INVESTMENT-TRUST---8-10-2009
2186,3,change in control severance plan,Change-In-Control-Severance-Plan---COUNTRYWIDE-FINANCIAL-CORP---8-11-2008
2187,3,loan purchase and administrative services agreement,Loan-Purchase-And-Administrative-Services-Agreement---COUNTRYWIDE-FINANCIAL-CORP---5-31-1994
2188,3,amended and restated loan agreement,Amended-And-Restated-Loan-Agreement---MOOG-INC---5-4-2005
2189,3,cdpserp plan,Cdpserp-Plan---DOLLAR-GENERAL-CORP---11-22-2005
2190,3,amendment to loan agreement,Amendment-To-Loan-Agreement---FRANKLIN-COVEY-CO---7-15-1997
2191,3,long term incentive compensation plan,Long-term-Incentive-Compensation-Plan---NACCO-INDUSTRIES-INC---3-27-2003
2192,3,unfunded benefit plan,Unfunded-Benefit-Plan---NACCO-INDUSTRIES-INC---3-27-2003
2193,3,to the ncr nonqualified excess plan,To-The-Ncr-Nonqualified-Excess-Plan---NCR-CORP---3-10-2006
2194,3,day credit agreement,364-day-Credit-Agreement---SPRINT-NEXTEL-CORP---11-14-2002
2195,3,excess benefit plan,Excess-Benefit-Plan---AMERICAN-ELECTRIC-POWER-CO-INC---11-13-1997
2196,3,minutes of meetings,Minutes-of-Meetings
2197,3,retirement savings plan,Retirement-Savings-Plan---BELDEN-INC---3-1-2007
2198,3,amended and restated loan agreement american tower corp,Amended-And-Restated-Loan-Agreement---AMERICAN-TOWER-CORP-
2199,3,equity compensation plan,Equity-Compensation-Plan---CSS-INDUSTRIES-INC---3-25-1996
2200,3,deferred compensation contract bard c r inc,Deferred-Compensation-Contract---BARD-C-R-INC-
2201,3,agreement bard c r inc,Agreement---BARD-C-R-INC-
2202,3,master distribution agreement lions gate entertainment corp,Master-Distribution-Agreement---LIONS-GATE-ENTERTAINMENT-CORP-
2203,3,addendum to employment agreement,Addendum-To-Employment-Agreement---KANSAS-CITY-SOUTHERN---2-15-2008
2204,3,stock unit agreement,Stock-Unit-Agreement---FORD-MOTOR-CO---2-27-2008
2205,3,and change in control agreement weingarten realty investors,And-Change-In-Control-Agreement---WEINGARTEN-REALTY-INVESTORS-
2206,3,revolving credit note weingarten realty investors,Revolving-Credit-Note---WEINGARTEN-REALTY-INVESTORS-
2207,3,amended and restated promissory note,Amended-And-Restated-Promissory-Note---TEREX-CORP---3-28-2003
2208,3,executive management incentive compensation plan,2003-Executive-Management-Incentive-Compensation-Plan---HUMANA-INC---2-25-2008
2209,3,schedule to change in control agreement horace mann educators corp,Schedule-To-Change-In-Control-Agreement---HORACE-MANN-EDUCATORS-CORP-
2210,3,nonqualified deferred compensation plan,Nonqualified-Deferred-Compensation-Plan---HASBRO-INC---2-25-2009
2211,3,severance and settlement agreement,Severance-And-Settlement-Agreement---HASBRO-INC---3-29-1996
2212,3,reimbursement agreement,Reimbursement-Agreement---WILLIAMS-SONOMA-INC---4-26-1996
2213,3,day collection letter,60-Day-Collection-Letter
2214,3,non qualified stock option agreement universal corp,Non-qualified-Stock-Option-Agreement---UNIVERSAL-CORP-
2215,3,executive stock plan universal corp,1997-Executive-Stock-Plan---UNIVERSAL-CORP-
2216,3,annual incentive bonus plan,2004-Annual-Incentive-Bonus-Plan---GENUINE-PARTS-CO---2-29-2008
2217,3,business product marketing plan,Business-Product-Marketing-Plan
2218,3,contract for advertisement,CONTRACT-FOR-ADVERTISEMENT
2219,3,deferred share make up plan,Deferred-Share-Make-up-Plan---QUESTAR-CORP---3-7-2005
2220,3,stock option plan for directors,Stock-Option-Plan-For-Directors---QUESTAR-CORP---8-13-1996
2221,3,mvdwi best duidwi drunk driving attorney and law firm in new jersey,MVDWI--Best-DUIDWI-Drunk-Driving-Attorney-and-Law-Firm-in-New-Jersey
2222,3,special severance agreement,Special-Severance-Agreement---CARPENTER-TECHNOLOGY-CORP---9-24-2001
2223,3,pledge and escrow agreement,Pledge-And-Escrow-Agreement---REVOLUTIONS-MEDICAL-CORP---5-21-2013
2224,3,daily equity report by capital paramount may,Daily-Equity-Report-By-Capital-Paramount-23-May-2013
2225,3,radian group inc savings incentive plan,Radian-Group-Inc-Savings-Incentive-Plan---RADIAN-GROUP-INC---3-21-2003
2226,3,creative industy spreadsheet,Creative-industy-spreadsheet
2227,3,stock plan,1984-Stock-Plan---NATIONAL-FUEL-GAS-CO---12-18-1996
2228,3,stock option plan for outside directors,2000-Stock-Option-Plan-For-Outside-Directors---CBS-CORP---5-14-2001
2229,3,amended restated credit agreement,Amended-Restated-Credit-Agreement---COMFORT-SYSTEMS-USA-INC---8-2-2004
2230,3,amended and restated equity participation plan,Amended-And-Restated-Equity-Participation-Plan---SAFEWAY-INC---7-29-2004
2231,3,public notice and tendres,public-notice-and-tendres
2232,3,power of attorney revocation,POWER-OF-ATTORNEY-REVOCATION
2233,3,yacht rental dubai,Yacht-Rental-Dubai
2234,3,cloud computing saas contract template stephen guth,Cloud-Computing-_SaaS_-Contract-Template---Stephen-Guth
2235,3,sars ny nurses issue dire warning share of cover up in progress,SARS--NY-Nurses-Issue-Dire-Warning-_-Share-Of-Cover-Up-In-Progress
2236,3,corporate minutes,Corporate-Minutes
2237,3,doctors note,The-Doctors-Note
2238,3,scientific report united kingdom,Scientific-Report-United-Kingdom
2239,3,one page responsive wedding invitation template free,One-Page-Responsive-Wedding-Invitation-Template-Free-Download
2240,3,stock equity tips,Stock-equity-tips
2241,3,gujarat agro industrial policy gujarat agro industries corporation,gujarat-agro-industrial-policy-Gujarat-Agro-Industries-Corporation
2242,3,fin week checkpoint credit policy decisions,FIN-200-Week-6-Checkpoint-Credit-Policy-Decisions
2243,3,resume kasus,Resume-Kasus
2244,3,consent of expert,Consent-Of-Expert---SILVERCORP-METALS-INC---6-28-2013
2245,3,daily equity report by capital paramount july,Daily-Equity-Report-By-Capital-Paramount-2-July-2013
2246,3,acc week learning team assignment reporting requirements memo,ACC-548-Week-5-Learning-Team-Assignment-Reporting-Requirements-Memo
2247,3,cinema camera manual,Cinema_Camera_Manual
2248,3,daily equity report by epicresearch july,DAILY-EQUITY-REPORT-BY-EPICRESEARCH-9-JULY-2013
2249,3,sublease termination agreement,Sublease-Termination-Agreement---ADCARE-HEALTH-SYSTEMS-INC---7-8-2013
2250,3,rent to own contract,RENT-TO-OWN-CONTRACT
2251,3,usa sweden nsa spying agreement,USA-Sweden-NSA-Spying-Agreement
2252,3,hertz receipt oct,Hertz-Receipt-Oct-09-10
2253,3,hertz receipt sep,Hertz-Receipt-Sep-9-12
2254,3,template for joomla,Template-for-joomla
2255,3,slow computer it services austin will find a solution,Slow-computer-IT-Services-Austin-will-find-a-solution
2256,3,toronto stock exchange vg,Toronto-Stock-Exchange-Vg---YUKON-NEVADA-GOLD----7-29-2013
2257,3,reinstatement premium protection reinsurance contract,Reinstatement-Premium-Protection-Reinsurance-Contract---HOMEOWNERS-CHOICE----8-7-2013
2258,3,performance unit award agreement,Performance-Unit-Award-Agreement---CITY-NATIONAL-CORP---8-8-2013
2259,3,report of independent registered,Report-Of-Independent-Registered---STANDARD-REGISTER-CO---8-9-2013
2260,3,repurchase agreement,Repurchase-Agreement---PENNYMAC-MORTGAGE-INVESTMENT-TRUST---8-9-2013
2261,3,plan of merger,Plan-Of-Merger---SUNGAME-CORP---8-14-2013
2262,3,demand promissory note,Demand-Promissory-Note---VISUALANT-INC---8-15-2013
2263,3,honda crx (civic crx) workshop repair service manual,1984-1985-Honda-CRX-(Civic-CRX)-Workshop-Repair-Service-Manual
2264,3,independent bank corp mi s a filing,INDEPENDENT-BANK-CORP-MI-S-1A-Filing
2265,3,ldr week summary,LDR-531-Week-2-Summary
2266,3,internet marketing report,Internet-Marketing-Report
2267,3,sbi debt fund ser days application form,SBI-DEBT-FUND-SER-366-DAYS-39-Application-form
2268,3,perry nuclear power plant birdseye,Perry-Nuclear-Power-Plant-Birdseye
2269,3,natural muscle magazine full year collection,Natural-Muscle-Magazine-Full-Year-Collection-2012
2270,3,forbidden gates teachers guide,Forbidden-Gates---Teachers-Guide
2271,3,distributorship agreement,DISTRIBUTORSHIP-AGREEMENT
2272,3,honda accord workshop service manual,1988-1989-Honda-Accord-Workshop-Service-Manual
2273,3,flier,Flier-Template
2274,3,incentive compensation plan master agreement,1998-Incentive-Compensation-Plan-Master-Agreement---AMERICAN-EXPRESS-CO---3-1-2007
2275,3,job offer,JOB-OFFER
2276,3,web design quote form,Free-Web-Design-Quote-Form
2277,3,release form for media recording,Release-Form-for-Media-Recording
2278,3,warrant to purchase ordinary shares,Warrant-To-Purchase-Ordinary-Shares---ON-TRACK-INNOVATIONS-LTD---9-12-2003
2279,3,director compensation plan,Director-Compensation-Plan---HITTITE-MICROWAVE-CORP---5-12-2006
2280,3,rental pool agreement,RENTAL-POOL-AGREEMENT
2281,3,website report,Website-Report
2282,3,to purchase %b %d ordinary shares of senetek plc,To-Purchase-%255B_________%255D-Ordinary-Shares-Of---SENETEK-PLC-
2283,3,license and supply agreement senetek plc,License-And-Supply-Agreement---SENETEK-PLC-
2284,3,employment agreement senetek plc,Employment-Agreement---SENETEK-PLC-
2285,3,common stock purchase warrant,Common-Stock-Purchase-Warrant---VALIDIAN-CORP---5-18-2007
2286,3,standard handbook for electrical engineers ch,Standard-Handbook-for-Electrical-Engineers-CH2
2287,3,electric power generation transmission and distribution ch,Electric-Power-Generation_-Transmission_-and-Distribution-CH2
2288,3,independent contractor agreement[],INDEPENDENT-CONTRACTOR-AGREEMENT[3]
2289,3,letter of intent[],LETTER-OF-INTENT[1]
2290,3,samples of letters of recommendation,samples-of-letters-of-recommendation
2291,3,landlord reference letter,Landlord-Reference-Letter
2292,3,management services consulting agreement,Management-Services-Consulting-Agreement---ADS-MEDIA-GROUP-INC---4-15-2002
2293,3,letter of election and transmittal,Letter-Of-Election-And-Transmittal---AGRIUM-INC---3-16-2009
2294,3,letter to clients,Letter-To-Clients---AGRIUM-INC---3-16-2009
2295,3,stock option exchange offer,Stock-Option-Exchange-Offer---MICROSEMI-CORP---11-1-2002
2296,3,microsemi corporation,Microsemi-Corporation---Stock-Option-Exchange-Offer---MICROSEMI-CORP---11-1-2002
2297,3,ishares trust,ISHARES-TRUST---Notes-to-Mutual-Funds-Financial-Statements---4-9-2008
2298,3,tennessee pork report,2009-Tennessee-Pork-Report
2299,3,ama standard letter template (for use with page letters),AMA-Standard-Letter-Template-(for-use-with-1-page-letters)
2300,3,contingency plan,Contingency-Plan-Template
2301,3,synopsis,SYNOPSIS-TEMPLATE
2302,3,applicant rejection letter,Applicant-Rejection-Letter
2303,3,reply to request about credit rejection,Reply-to-Request-About-Credit-Rejection
2304,3,acceptance of order with delivery in lots,Acceptance-Of-Order-With-Delivery-In-Lots
2305,3,promissory note demand,Promissory-Note-_Demand_
2306,3,demand promissory note[],Demand-Promissory-Note[2]
2307,3,agreement for permission to sublet,Agreement-For-Permission-To-Sublet
2308,3,consumer loan agreement[],Consumer-Loan-Agreement[2]
2309,3,final warning before dismissal[],Final-Warning-Before-Dismissal[1]
2310,3,brand loyalty survey worksheet,Brand-Loyalty-Survey-Worksheet
2311,3,lease agreement for furnished house,Lease-Agreement-For-Furnished-House
2312,3,separation agreement and release[],SEPARATION-AGREEMENT-AND-RELEASE[1]
2313,3,new hire welcome letter,New-Hire-Welcome-Letter
2314,3,request for price quote,Request-for-Price-Quote
2315,3,assignment and transfer of stock certificate,Assignment-and-Transfer-of-Stock-Certificate
2316,3,blank profit and loss statement,Blank-Profit-and-Loss-Statement
2317,3,demand for delivery[],Demand-For-Delivery[1]
2318,3,landlords notice to vacate,landlords-notice-to-vacate
2319,3,agreement to sell business,agreement-to-sell-business
2320,3,pledge of shares of stock,pledge-of-shares-of-stock
2321,3,income statement month,Income-Statement---12-Month
2322,3,past due reminder letter,Past-Due-Reminder-Letter
2323,3,business idea analysis worksheet,business-idea-analysis-worksheet
2324,3,letter of intent form,LETTER-OF-INTENT-FORM
2325,3,letter of self introduction,LETTER-OF-SELF-INTRODUCTION
2326,3,of letter of acceptance of resignation,Sample-of-Letter-of-Acceptance-of-Resignation
2327,3,letter of intent for the ifvtx,Letter-of-Intent-for-the-iFVTX
2328,3,service providers business plan,Service-providers-business-plan
2329,3,business proposal writing,business-proposal-writing-example
2330,3,collection letters,collection-letters
2331,3,schedule h codebtors,Schedule-H---Codebtors
2332,3,business plan template[],Business-Plan-Template[3]
2333,3,quotation record,Quotation-Record
2334,3,request for quotation[],Request-for-Quotation[1]
2335,3,default on promissory note installment,Default-on-Promissory-Note-Installment
2336,3,contract for sale of goods,contract_for_sale_of_goods
2337,3,office supplies request,Office-Supplies-Request
2338,3,last will and testament of,LAST-WILL-AND-TESTAMENT-OF
2339,3,projected income statement,Projected-Income-Statement
2340,3,letter of power of attorney,letter-of-power-of-attorney
2341,3,agreement for professional services,Agreement-For-Professional-Services
2342,3,investor relations agreement,Investor-Relations-Agreement
2343,3,demand for payment letter,demand-for-payment-letter
2344,3,blank cm plan,Blank-CM-Plan-Template
2345,3,sales and marketing plan,sales-and-marketing-plan
2346,3,writing recommendation letters,Writing-Recommendation-Letters
2347,3,subcontracting agreement,Subcontracting-Agreement
2348,3,promisory note form,Promisory-Note-Form
2349,3,quick specs and dimensions guide,413623-Quick-Specs-and-Dimensions-Guide
2350,3,template of an installment loan contract,Template-of-an-Installment-Loan-Contract
2351,3,sherwin williams grant application,2009-Sherwin-Williams-Grant-Application
2352,3,retirement plan for employees of capital southwest corp,Retirement-Plan-For-Employees-Of-CAPITAL-SOUTHWEST-CORP---5-28-2010
2353,3,stock market symbols stock market symbol,Stock-Market-Symbols-Stock-Market-Symbol---CGI-GROUP-INC---8-3-2010
2354,3,masley resume,Masley-resume
2355,3,amended and restated deposit agreement,Amended-And-Restated-Deposit-Agreement---BHP-BILLITON-PLC---6-4-2007
2356,3,employment agreement employment agreement,Employment-Agreement-Employment-Agreement---MCKENZIE-BAY-INTERNATIONAL---1-13-2006
2357,3,new media measure us intrend report q,New-Media-Measure-US-intrend-Report-Q2-2010
2358,3,business letter of intent,Business-Letter-of-Intent-Sample
2359,3,graph paper free word,Graph-Paper-5-Free-Word-Template
2360,3,herb clip alternative medicine information form,Herb-Clip-Alternative-Medicine-Information-Form-021092-158
2361,3,how to invoice for freelance writing,How-to-Invoice-for-Freelance-Writing
2362,3,application letter to enrol for a phd,Sample-Application-Letter-to-Enrol-for-a-Phd
2363,3,legal marijuana business plan,Legal-Marijuana-Business-Plan
2364,3,business plan for logistic company,Business-Plan-for-Logistic-Company
2365,3,proof of employment letter,Sample-Proof-of-Employment-Letter-1
2366,3,breach of contract counterclaim,Breach-of-Contract-Counterclaim
2367,3,distribution agreement apparel,Distribution-Agreement-Apparel
2368,3,drywall cost estimate worksheet,Drywall-Cost-Estimate-Worksheet
2369,3,lawyer retainer attorney agreement contract,Lawyer-Retainer-Attorney-Agreement-Contract
2370,3,abc observation form,ABC-OBSERVATION-FORM
2371,3,agua caliente band of cahuilla indians development of a strategic energy plan,Agua-Caliente-Band-of-Cahuilla-Indians---Development-of-a-Strategic-Energy-Plan
2372,3,spelling games grade printable teacher worksheet unit,Spelling-Games-Grade-1-Printable-Teacher-Worksheet-Unit-8
2373,3,egene inc employment agreement,EGENE--INC--Employment-Agreement
2374,2,adopt adoption request,ADOPT-200-ADOPTION-REQUEST
2375,2,support guide,Support-Guide
2376,2,feed the future guide,Feed-the-Future-Guide
2377,2,status report status report pennsylvania,Status-Report-Status-Report---Pennsylvania
2378,2,risk management manual,RISK-MANAGEMENT-MANUAL
2379,2,your wirewatch report from ereleases press release confirmation,Your-WireWatch-Report-from-eReleases---Press-Release-Confirmation
2380,2,ryan resume,Ryan-resume
2381,2,project plan schedule summary,Project-Plan-Schedule-Summary
2382,2,minutes of the meeting of the board of directors of,MINUTES-OF-THE-MEETING-OF-THE-BOARD-OF-DIRECTORS-OF
2383,2,reservation policy,RESERVATION-POLICY
2384,2,avon customer order history,Avon-Customer-Order-History
2385,2,agenda climate investment funds,Agenda---Climate-Investment-Funds
2386,2,speaker proposal form,speaker_proposal_form
2387,2,printable fax cover sheet template dots,Free-Printable-Fax-Cover-Sheet-Template-Dots
2388,2,printable fax cover sheet template elegant,Free-Printable-Fax-Cover-Sheet-Template-Elegant
2389,2,instruction sheet,Instruction-Sheet-Template
2390,2,web price sheet,Web-Price-Sheet-Template
2391,2,bld str t ht smallled spec sheet,BLD-STR-T3-HT-SmallLED-Spec-Sheet-Template
2392,2,product fact sheet,Product-Fact-Sheet-Template
2393,2,data sheet,Data-sheet-Template-2008
2394,2,test centre route sheet,Test-Centre-Route-Sheet-Template
2395,2,time sheet,time-sheet-template
2396,2,cover sheet template dec,Cover-Sheet-Template-22-Dec-03
2397,2,employee time sheet,Employee-Time-Sheet-Template
2398,2,template portfolio cover sheet (see figure for,Template-18-Portfolio-cover-sheet-(see-Figure-33-for
2399,2,attendance sheet,Attendance-Sheet-Template
2400,2,vehicle inspection sheet,Vehicle-Inspection-Sheet-Example
2401,2,media contact background fact sheet bios sample press release,Media-Contact-Background-Fact-Sheet-Bios-Sample-Press-Release
2402,2,report result information sheet,SAMPLE-REPORT-RESULT-INFORMATION-SHEET
2403,2,sustainable energy plan,sustainable-energy-plan-5
2404,2,cpc minutes,CPC-Minutes-012210
2405,2,step after first completing the civil case cover,Step-1-After-first-completing-the-Civil-Case-Cover
2406,2,standard form of union agreement sheet metal roofing ventilating,STANDARD-FORM-OF-UNION-AGREEMENT-SHEET-METAL-ROOFING-VENTILATING
2407,2,m load test functional requirements,M521---Load-Test-Functional-Requirements-Template
2408,2,sans institute oracle database security checklist,SANS-Institute-Oracle-Database-Security-Checklist
2409,2,inventory form continuation sheet town,INVENTORY-FORM-CONTINUATION-SHEET-Town
2410,2,phuket travel guide,Phuket-Travel-Guide
2411,2,packing and moving tips,Packing-and-moving-tips
2412,2,worldoftrade supplier directory,WorldofTrade-Supplier-Directory
2413,2,point collection sheet,5-Point-Collection-Sheet
2414,2,human resources plan,Human_Resources_Plan_2010-2011
2415,2,ladies auxiliary minutes,Ladies_Auxiliary_Minutes_0352011
2416,2,nda non disclosure,NDA-NON-DISCLOSURE
2417,2,purchase ledger,Purchase-Ledger
2418,2,schedule of activities,Schedule-of-Activities
2419,2,trail to first class tracking spreadsheet,trail_to_first_class_tracking_spreadsheet
2420,2,advance source operations course (asoc) application sheet,Advance-Source-Operations-Course-(ASOC)-Application-Sheet
2421,2,expenses policy,The-Expenses-Policy
2422,2,daily banking summary sheet,DAILY-BANKING-SUMMARY-SHEET
2423,2,client intake form and interview sheets,Sample-Client-Intake-Form-and-Interview-Sheets
2424,2,keyword research report,Sample-Keyword-Research-Report-8111
2425,2,webdesign contract ministry,WEBDesign-CONTRACT-2010-Ministry
2426,2,commodity vendor purchasing matrix procurement services,commodity-vendor-purchasing-matrix---Procurement-Services
2427,2,demand supply,DEMAND-_-SUPPLY
2428,2,book jacket,Book-Jacket-Template
2429,2,non fiction book review,Non-fiction-Book-Review-Template
2430,2,blank book,Blank-Book-template
2431,2,non fiction book report,Non-Fiction-Book-Report-Template
2432,2,design and production schedule for a book printed,Sample-design-and-production-schedule-for-a-book-printed
2433,2,ad book form,AD-BOOK-FORM
2434,2,prescription drug guide,Prescription-Drug-Guide
2435,2,ed fund volunteer hours tracking form,Ed-Fund-Volunteer-Hours-Tracking-Form
2436,2,aac minutes approved,AAC-Minutes-100914-APPROVED
2437,2,request a quote,Request-A-Quote
2438,2,book report rubric,Book-Report-Rubric
2439,2,book report outline,Book-Report-Outline
2440,2,jeremy robinson cv,Jeremy-Robinson-CV-2009
2441,2,beamer guide,beamer_guide
2442,2,tax checklist,2010-Tax-Checklist
2443,2,regret letter,Sample_Regret_Letter
2444,2,mad river books order form ~ fall,Mad-River-Books-Order-Form-~-Fall-2008
2445,2,non disclosure agreement (nda),Non-Disclosure-Agreement-(NDA)-Template
2446,2,gsf developers guide,GSF-Developers-Guide-10
2447,2,practical guide,Practical-Guide
2448,2,routing guide,Routing-guide
2449,2,grant checklist v june,grant_checklist_v_june_7_2011
2450,2,disclosure agreement,Disclosure-Agreement---SOUTHWALL-TECHNOLOGIES-INC----10-25-2011
2451,2,( trendbird) monthly trend report,(082008_TRENDBIRD)-Monthly-Trend-Report
2452,2,certification application,CERTIFICATION-APPLICATION
2453,2,purchase structured settlements,Purchase-Structured-Settlements
2454,2,bussiness plan,bussiness-plan
2455,2,template for examination papers,TEMPLATE-FOR-EXAMINATION-PAPERS
2456,2,work method statement,Work_Method_Statement
2457,2,guide to give away events,guide-to-give-away-events
2458,2,summary center for investigative reporting,Summary---Center-for-Investigative-Reporting
2459,2,mastery of self for wealth power success,Mastery-of-Self-for-Wealth-Power-Success
2460,2,brandeo marketing calendar,Brandeo-Marketing-Calendar-Template-2011
2461,2,certified vendor list,certified_vendor_list
2462,2,firmware release note,Firmware-Release-Note
2463,2,computer programmer resume,computer-programmer-resume
2464,2,initial client consultation interview form,Initial-Client-Consultation-Interview-Form
2465,2,"financial statement of the international monetary fund, october ,","Financial-Statement-of-the-International-Monetary-Fund,-October-31,-2004"
2466,2,supplier evaluation,supplier-evaluation-template
2467,2,higher secondary school certificate,HIGHER-SECONDARY-SCHOOL-CERTIFICATE
2468,2,website launch checklist,the-website-launch-checklist
2469,2,hbl internship report,HBL-Internship-Report
2470,2,companion planting guide,Companion-Planting-Guide
2471,2,village of downers grove plan commission,VILLAGE-OF-DOWNERS-GROVE---PLAN-COMMISSION
2472,2,investment policy,Investment-Policy
2473,2,form e,Form-E-22
2474,2,request for qualification,REQUEST-FOR-QUALIFICATION
2475,2,guide to facebook security,A-Guide-to-Facebook-Security
2476,2,unlock your self improvement power,UNLOCK-YOUR-SELF-IMPROVEMENT-POWER
2477,2,exhibition manual,Exhibition-Manual
2478,2,householder application for planning permission for works or,Householder-Application-for-Planning-Permission-for-works-or-
2479,2,check against delivery,CHECK-AGAINST-DELIVERY
2480,2,making the power tool battery decision nimh vs nicad,Making-the-Power-Tool-Battery-Decision-NiMH-vs-NiCad
2481,2,weekly market activity report,Weekly-Market-Activity-Report
2482,2,procurement policy,procurement-policy
2483,2,mentor handbook,MENTOR-HANDBOOK
2484,2,b vitamin a guide to the b vitamin the b vitamin,B6-Vitamin-A-Guide-to-the-B6-Vitamin-The-B6-vitamin
2485,2,program agenda,Program-Agenda
2486,2,declaration declaration california,Declaration-Declaration---California
2487,2,summons affidavit certificate of mailing summons affidavit certificate of mailing illinois,Summons-Affidavit-Certificate-Of-Mailing-Summons-Affidavit-Certificate-Of-Mailing---Illinois
2488,2,notice by publication notice by publication illinois,Notice-By-Publication-Notice-By-Publication---Illinois
2489,2,order appointing guardian ad litem order appointing guardian ad litem illinois,Order-Appointing-Guardian-Ad-Litem-Order-Appointing-Guardian-Ad-Litem---Illinois
2490,2,comment letter,comment-letter
2491,2,indonesia country report,INDONESIA-COUNTRY-REPORT
2492,2,manual muscle testing,MANUAL-MUSCLE-TESTING
2493,2,courier delivery services,Courier_Delivery_Services_Sample
2494,2,patient referral form,Download-patient-referral-form
2495,2,committee on payment and settlement systems,Committee-on-Payment-and-Settlement-Systems
2496,2,kaizen charter,KAIZEN-Charter
2497,2,resume english,Resume-English
2498,2,microsoft word ebac attendance certificate templatedoc,Microsoft-Word---EBAC-Attendance-Certificate-templatedoc
2499,2,bad credit installment loan lenders,bad-credit-installment-loan-lenders
2500,2,sep checklist,SEP-Checklist
2501,2,form w estimated tax for corporations,Form-1120-W-Estimated-Tax-for-Corporations
2502,2,b federal tax deposit coupon,8109-B-Federal-Tax-Deposit-Coupon
2503,2,form expenses for business use of your home,Form-8829-Expenses-for-Business-Use-of-Your-Home
2504,2,consumer loan credit application,CONSUMER-LOAN-CREDIT-APPLICATION
2505,2,form corporate dissolution or liquidation,Form-966-Corporate-Dissolution-or-Liquidation
2506,2,huntsville apartments excel spreadsheet huntsville apartments,Huntsville-Apartments-Excel-Spreadsheet---Huntsville-Apartments-
2507,2,correcting employment taxes instructions[],Correcting-Employment-Taxes-Instructions[183]
2508,2,form w eci,Form-W-8ECI
2509,2,form pr,Form-1040-PR
2510,2,form int,Form-1099-INT
2511,2,form schedule a and schedule b,Form-990-Schedule-A-and-Schedule-B
2512,2,agenda culturala arch i pe luna noiembrie,Agenda-culturala-ARCH-I-pe-luna-noiembrie-2011
2513,2,get a car insurance quote,Get-a-Car-Insurance-Quote
2514,2,texas franchise tax report information and instructions,05-395-2011-Texas-Franchise-Tax-Report-Information-and-Instructions
2515,2,food safety checklist,Food-Safety-Checklist-09-10
2516,2,learning guide,Learning-Guide
2517,2,change of address letter,Change-of-Address-Letter
2518,2,hipaa authorization,HIPAA-authorization
2519,2,neonatal intensive care skills checklist,NEONATAL-INTENSIVE-CARE-SKILLS-CHECKLIST
2520,2,solihull metropolitan borough planning committee minutes,Solihull-Metropolitan-Borough-Planning-Committee-Minutes
2521,2,manual testing,manual-testing
2522,2,memorandum and articles,Memorandum_and_Articles
2523,2,notary public handbook,2009-Notary-Public-Handbook
2524,2,release of claims,RELEASE-OF-CLAIMS
2525,2,photoworld adds trust pilot reviews to website,Photoworld-Adds-Trust-Pilot-Reviews-to-Website
2526,2,agenda committee of the whole meeting,AGENDA-COMMITTEE-OF-THE-WHOLE-Meeting
2527,2,w () wage and tax statement,W-2-(2008)-Wage-and-Tax-Statement
2528,2,() mortgage interest statement,1098-(2008)-Mortgage-Interest-Statement
2529,2,e () student loan interest statement,1098-E-(2008)-Student-Loan-Interest-Statement
2530,2,power of attorney and declaration of representative,2848-Power-of-Attorney-and-Declaration-of-Representative
2531,2,mortgage forgiveness debt relief act of,Mortgage-Forgiveness-Debt-Relief-Act-of
2532,2,web design quote,SAMPLE-WEB-DESIGN-QUOTE
2533,2,cancellation of debt,cancellation_of_debt
2534,2,plan de actividades,PLAN-DE-ACTIVIDADES
2535,2,manual of engineering drawing,Manual-of-Engineering-Drawing
2536,2,proposal sistem informasi manajemen rumah sakit,Proposal-Sistem-Informasi-Manajemen-Rumah-Sakit
2537,2,official invitation letter,Official-Invitation-Letter
2538,2,training agenda,Training-Agenda
2539,2,apology letter,Apology-Letter
2540,2,donation solicitation letter,Donation-Solicitation-Letter-Template
2541,2,goal setting plan form,Goal-Setting-Plan-Form
2542,2,request for information (rfi),Request-for-Information-(RFI)
2543,2,shipping policy,Shipping-Policy
2544,2,seminar report,Seminar-Report
2545,2,short course application form,short-course-application-form
2546,2,background note,Background-Note
2547,2,licensing policy for g mobile word[],Licensing-Policy-for-3G-mobile-Word[188]
2548,2,summary letter,Summary-letter
2549,2,letter and a questionnaire french[],letter-and-a-questionnaire-french[342]
2550,2,parks and recreation master plan,PARKS-AND-RECREATION-MASTER-PLAN
2551,2,yahoo answers secrets guide,yahoo-answers-secrets-guide
2552,2,third quarter report,Third-Quarter-Report
2553,2,handover report,Handover-Report
2554,2,[ how to rip dynamic flash template ],-[-How-to-rip-Dynamic-Flash-Template-]-
2555,2,alaska installment sale and security agreement,Alaska-Installment-Sale-and-Security-Agreement
2556,2,facs unit plan interior design,FACS_7-6_UNIT_PLAN_Interior_Design
2557,2,resume ppt,Resume-PPT
2558,2,game proposal document,Game-Proposal-Document
2559,2,rate development worksheet,Rate-Development-Worksheet
2560,2,chemical engineer resume,Chemical-Engineer-Resume-Sample
2561,2,college resume,college-resume
2562,2,consultant resume,Consultant_Resume
2563,2,basic tio project plan its administrative computing,BASIC-TIO-Project-Plan---ITS-Administrative-Computing
2564,2,human development report,Human-Development-Report-2011
2565,2,junior preteen young ncolm checklist,Junior---Preteen---Young--2011-NCOLM-Checklist
2566,2,study leave application form,Study-Leave-Application-Form
2567,2,petty cash reconciliation form,petty_cash_reconciliation_form
2568,2,smart objective template free,SMART-objective-template-free
2569,2,care plan,care-plan
2570,2,limited liability partnership,Limited-Liability-Partnership
2571,2,resume ziggs,Resume---Ziggs
2572,2,notice of annual general meeting,Notice-of-Annual-General-Meeting
2573,2,annual report get as pdf,ANNUAL-REPORT-2010---Get-as-PDF
2574,2,ta application and database server architecture,TA090_Application_and_Database_Server_Architecture
2575,2,ta application deployment plan,TA130_Application_Deployment_Plan
2576,2,real estate salesman independent contractor agreement,Real-Estate-Salesman-Independent-Contractor-Agreement
2577,2,proposed constitution of kenya,The-Proposed-Constitution-of-Kenya
2578,2,media monitoring report,Media-Monitoring-Report
2579,2,conforming loan limits by state,Conforming-Loan-Limits-by-State
2580,2,arizona computer service agreement,Arizona-Computer-Service-Agreement
2581,2,california perpetual end user license agreement,California-Perpetual-End-User-License-Agreement
2582,2,california exclusive sales representative agreement,California-Exclusive-Sales-Representative-Agreement
2583,2,california installment sale and security agreement,California-Installment-Sale-and-Security-Agreement
2584,2,california power of attorney care and custody of child or children,California-Power-of-Attorney-Care-and-Custody-of-Child-or-Children
2585,2,california property management agreement,California-Property-Management-Agreement
2586,2,california series a preferred stock purchase agreement,California-Series-A-Preferred-Stock-Purchase-Agreement
2587,2,california website designing and hosting agreement,California-Website-Designing-and-Hosting-Agreement
2588,2,cv a fed summons,CV-001A-Fed-Summons
2589,2,georgia exclusive sales representative agreement,Georgia-Exclusive-Sales-Representative-Agreement
2590,2,georgia installment sale and security agreement,Georgia-Installment-Sale-and-Security-Agreement
2591,2,georgia property management agreement,Georgia-Property-Management-Agreement
2592,2,georgia series a preferred stock purchase agreement,Georgia-Series-A-Preferred-Stock-Purchase-Agreement
2593,2,georgia temporary lease,Georgia-Temporary-Lease
2594,2,georgia temporary residential lease (occupied by purchaser),Georgia-Temporary-Residential-Lease-(Occupied-by-Purchaser)
2595,2,georgia temporary residential lease (occupied by seller),Georgia-Temporary-Residential-Lease-(Occupied-by-Seller)
2596,2,georgia warrant to purchase common stock,Georgia-Warrant-to-Purchase-Common-Stock
2597,2,georgia website designing and hosting agreement,Georgia-Website-Designing-and-Hosting-Agreement
2598,2,hawaii computer service agreement,Hawaii-Computer-Service-Agreement
2599,2,idaho computer service agreement,Idaho-Computer-Service-Agreement
2600,2,lease payment calculator,Lease_Payment_Calculator
2601,2,freelance journalist,Freelance-Journalist
2602,2,sua spreadsheet,SUA-Spreadsheet
2603,2,translation resume,Translation-resume
2604,2,memorandum articles of association,MEMORANDUM-ARTICLES-OF-ASSOCIATION
2605,2,dollar loan center recognized as national industry leader,Dollar-Loan-Center-Recognized-as-National-Industry-Leader
2606,2,overseas application form,Overseas_Application_Form
2607,2,cape elizabeth town council agenda,CAPE-ELIZABETH-TOWN-COUNCIL-AGENDA
2608,2,exclusive authorization and right to sell,EXCLUSIVE-AUTHORIZATION-AND-RIGHT-TO-SELL
2609,2,you can position your opening statement here either in connexions,You-can-position-your-opening-statement-here_-either-in-Connexions
2610,2,schedule of real estate owned,Schedule_of_Real_Estate_Owned
2611,2,daily agricommodity report by wwwcapitalheightcom,Daily-AgriCommodity-Report-By-wwwcapitalheightcom
2612,2,heads of agreement,Heads-of-Agreement
2613,2,web site maintenance agreement,Web-Site-Maintenance-Agreement
2614,2,generic student handbook st louis public schools,GENERIC-STUDENT-HANDBOOK---St-Louis-Public-Schools
2615,2,vat exemption form,VAT_Exemption_Form
2616,2,united states attorney s office official notification,UNITED-STATES-ATTORNEY-S-OFFICE-OFFICIAL-NOTIFICATION
2617,2,website design worksheet,Website-Design-Worksheet
2618,2,interview preparation checklist,INTERVIEW-PREPARATION-CHECKLIST
2619,2,pre bid meeting agenda,Pre-Bid-Meeting-Agenda
2620,2,safety audit checklist,Safety-Audit-Checklist
2621,2,harnessing the power of new media platforms,Harnessing-the-Power-of-New-Media-Platforms
2622,2,business plan business plan,Business-plan-2009---Business-Plan-Template
2623,2,safety plan,SAFETY-PLAN
2624,2,creating your business plan,CREATING-YOUR-BUSINESS-PLAN
2625,2,laptop buying guide,Laptop-Buying-Guide-2011
2626,2,information security policy,Information-Security-Policy
2627,2,guide to using t shirts for marketing,A_Guide_to_using_T-Shirts_for_marketing
2628,2,davidlarew resume,davidlarew_resume_061610
2629,2,timesheet instructions,Timesheet-Instructions
2630,2,final waiver of lien,final_waiver_of_lien
2631,2,bail schedule,Bail_Schedule
2632,2,for a south african business letter,Sample-for-a-South-African-Business-Letter
2633,2,sba application,SBA_Application
2634,2,transition golive checklist,Transition_Golive_Checklist
2635,2,announcement to customers change of policy,ANNOUNCEMENT-TO-CUSTOMERS----CHANGE-OF-POLICY
2636,2,announcement to customers you will be leaving firm,ANNOUNCEMENT-TO-CUSTOMERS---YOU-WILL-BE-LEAVING-FIRM
2637,2,video spreadsheet,Video_Spreadsheet
2638,2,health outcomes summary life expectancy,health_outcomes_summary_life_expectancy
2639,2,form approved,Form-Approved
2640,2,strategic life plan,Strategic_Life_Plan
2641,2,request for purchase of a golf cart,Request-for-Purchase-of-a-Golf-Cart
2642,2,power your laptop anywhere,Power-your-laptop-anywhere
2643,2,agreement of limited partnership,Agreement-of-Limited-Partnership
2644,2,artist recording contract,Artist-Recording-Contract
2645,2,relay for life media guide,Relay_For_Life_Media_Guide_2010
2646,2,broadcast release,Broadcast-Release
2647,2,dv sa manual,DV_SA_Manual_7_10
2648,2,worksite wellness policy,Worksite-Wellness-Policy
2649,2,trainee schedule,Trainee-Schedule-07
2650,2,salary schedule tables,Salary-Schedule-Tables
2651,2,professional resume d,PROFESSIONAL_RESUME_2006d
2652,2,business summary,Business_Summary
2653,2,important notice,Important-Notice
2654,2,literature search for alternatives worksheet,Literature-Search-for-Alternatives-Worksheet
2655,2,smm resume,smm_resume
2656,2,senior food guide pyramid,Senior-Food-Guide-Pyramid
2657,2,referral checklist,Referral-Checklist
2658,2,asset depreciation schedule,Asset_Depreciation_Schedule_Template
2659,2,notice of meeting[],Notice-of-Meeting[659]
2660,2,massage therapy establishments in city order,Massage-Therapy-Establishments-in-city-order
2661,2,proposal download now,Proposal---Download-Now-DOC
2662,2,p card vendor list,p-card-vendor-list
2663,2,bt committee report,BT-Committee-Report---2004
2664,2,bh registration form cie igcse nov,bh_registration_form_cie_igcse_nov_2011
2665,2,active vendor,active_vendor
2666,2,avail guide,avail_guide
2667,2,draft final report,Draft-Final-Report
2668,2,business analyst resume,Sample-Business-Analyst-Resume
2669,2,grant request form,Grant-Request-Form
2670,2,student health insurance plan,Student-Health-Insurance-Plan
2671,2,insanity schedule,Insanity-Schedule
2672,2,program handbook,Program-Handbook
2673,2,enrollment form pdf,Enrollment-Form-PDF
2674,2,schedule at a glance,schedule_at_a_glance---DOC
2675,2,registered lobbyist contact disclosure,Registered-Lobbyist-Contact-Disclosure---06252009
2676,2,questionnaire for public trust positions,Questionnaire-for-Public-Trust-Positions
2677,2,property lease contract,Property-Lease-Contract---NEOPHOTONICS-CORP---11-10-2011
2678,2,texas disaster declaration,Texas-11744-Disaster-Declaration
2679,2,employers tax guide,Employers-Tax-Guide
2680,2,food and drink policy,food-and-drink-policy
2681,2,appeal letter for modifier,Sample_Appeal_Letter_for_Modifier_25
2682,2,request for raise,REQUEST-FOR-RAISE
2683,2,sworn statement,sworn-statement
2684,2,promissory note payable on demand variable interest principal payable on maturity,PROMISSORY-NOTE-PAYABLE-ON-DEMAND-VARIABLE-INTEREST-PRINCIPAL-PAYABLE-ON-MATURITY
2685,2,schedule realestate,schedule_realestate
2686,2,press release employee achievement outside firm,PRESS-RELEASE--EMPLOYEE-ACHIEVEMENT-OUTSIDE-FIRM
2687,2,demand prompt fifthgrade,Demand_Prompt_FifthGrade_1
2688,2,marshall plan,The-Marshall-Plan
2689,2,troop budget planning worksheet,TROOP-BUDGET-PLANNING-WORKSHEET
2690,2,singapore equity investment research daily news,SINGAPORE-EQUITY-Investment-Research-Daily-News
2691,2,bis policy papers managing change in payment systems may,BIS-Policy-Papers---Managing-change-in-payment-systems---May-1998
2692,2,notice of eviction,Notice-of-Eviction
2693,2,ambulatory nursing skills checklist,AMBULATORY-NURSING-SKILLS-CHECKLIST
2694,2,my cv al mothafar,My_CV__Al-Mothafar_
2695,2,guide to selling real estate,Guide-to-Selling-Real-Estate
2696,2,student guide tram route,Student-Guide-Tram-Route-75
2697,2,yaesu vp ac power supply,YAESU-VP-1000-AC-POWER-SUPPLY
2698,2,thomson reuters presentation,THOMSON-REUTERS-PRESENTATION-TEMPLATE
2699,2,oem and supplier pkg requirements,OEM_and_SUPPLIER_PKG_REQUIREMENTS
2700,2,twinning proposal for partnership,TWINNING-PROPOSAL-FOR-PARTNERSHIP
2701,2,nsf budget,NSF-Budget
2702,2,convertible note purchase agreement,CONVERTIBLE-NOTE-PURCHASE-AGREEMENT
2703,2,yorkshire ambulance service yas nhs trust,Yorkshire-Ambulance-Service-YAS-NHS-Trust
2704,2,cbd third national report guidelines,CBD-Third-National-Report-Guidelines
2705,2,introduction to algorithms instructors manual,Introduction-to-Algorithms-Instructors-Manual
2706,2,lesson observation form,Lesson-Observation-Form---DOC
2707,2,power of fat burning,The-Power-of-Fat-Burning
2708,2,consolidated cash flow statement,consolidated_cash_flow_statement_08
2709,2,proposal penelitian tesis ikbal,PROPOSAL-PENELITIAN-TESIS-IKBAL-2011
2710,2,agreement for the purchase and sale of gold dust,AGREEMENT-FOR-THE-PURCHASE-AND-SALE-OF-GOLD-DUST
2711,2,"peace on earth, good will to dogs","Peace-on-Earth,-Good-will-to-Dogs"
2712,2,tii template sadc trade,TII-template---SADC-Trade
2713,2,building the hydrogen economy workshop report april detroit,Building-the-Hydrogen-Economy-Workshop-Report-2-4-April-2007-Detroit
2714,2,irda license no insurer agent code name of corporate agent,IRDA-License-No-Insurer-Agent-Code-Name-of-Corporate-Agent
2715,2,nfl schedule,2009-NFL-SChedule
2716,2,final resume,final-resume
2717,2,registry checklist,Registry--Checklist
2718,2,definitive guide to voip,The-Definitive-Guide-To-VoIP-3
2719,2,ultimate baby boomer s guide,The-Ultimate-Baby-Boomer-s-Guide
2720,2,year long wedding checklist,Year--Long--Wedding--Checklist
2721,2,technology market and policy trends for renewables,Technology-Market-and-Policy-Trends-for-Renewables
2722,2,vigrx plus penis enlargement pill buy vigrx plus here discount offer,VIGRX-PLUS-PENIS-ENLARGEMENT-PILL-BUY-VIGRX-PLUS-HERE-DISCOUNT-OFFER
2723,2,where theres a will,Where-Theres-a-Will
2724,2,html tag reference,HTML-5-TAG-REFERENCE
2725,2,following is the rubberball license agreement,The-Following-is-the-Rubberball-License-Agreement
2726,2,for immediate release for immediate release,For-Immediate-Release-For-Immediate-Release
2727,2,special needs settlement planning,Special-Needs-Settlement-Planning
2728,2,department of justice united states attorney northern district,Department-of-Justice-United-States-Attorney-Northern-District
2729,2,personal leadership development plan,Personal-Leadership-Development-Plan
2730,2,custom web application development,Custom-Web-Application-Development
2731,2,sentry safe xe electronic security safe manual,Sentry-Safe-X041E-Electronic-Security-Safe-Manual
2732,2,coaches handbook,COACHES-HANDBOOK
2733,2,blog editorial calendar,Blog-Editorial-Calendar-template
2734,2,unconditional waiver,UNCONDITIONAL-WAIVER
2735,2,cv get now,cv---Get-Now-DOC
2736,2,rfp with sample contract and attachments,RFP-with-sample-contract-and-attachments
2737,2,dc power supply,DC-Power-Supply
2738,2,final settlement,Final-Settlement
2739,2,trespass notice,Trespass_Notice
2740,2,strengths and weaknesses checklist,Strengths-and-Weaknesses-Checklist
2741,2,fmea worksheet,FMEA-Worksheet
2742,2,leadership manual,Leadership-Manual
2743,2,esquema de plan anual de trabajo,ESQUEMA-DE-PLAN-ANUAL-DE-TRABAJO
2744,2,template excel,Template---Excel
2745,2,evaluation guide,Evaluation-guide
2746,2,sellers property disclosure statement,SELLERS-PROPERTY-DISCLOSURE-STATEMENT
2747,2,protective order,PROTECTIVE-ORDER
2748,2,permanency order permanency order illinois,Permanency-Order-Permanency-Order---Illinois
2749,2,non withholding wage deduction order non withholding wage deduction order illinois,Non-Withholding-Wage-Deduction-Order-Non-Withholding-Wage-Deduction-Order---Illinois
2750,2,wage deduction notice wage deduction notice illinois,Wage-Deduction-Notice-Wage-Deduction-Notice---Illinois
2751,2,certificate of mailing certificate of mailing illinois,Certificate-Of-Mailing-Certificate-Of-Mailing---Illinois
2752,2,order of discharge independent administration order of discharge independent administration illinois,Order-Of-Discharge-Independent-Administration-Order-Of-Discharge-Independent-Administration---Illinois
2753,2,order finding heirship order finding heirship illinois,Order-Finding-Heirship-Order-Finding-Heirship---Illinois
2754,2,appearance and consent appearance and consent illinois,Appearance-And-Consent-Appearance-And-Consent---Illinois
2755,2,final report of independent representative final report of independent representative illinois,Final-Report-Of-Independent-Representative-Final-Report-Of-Independent-Representative---Illinois
2756,2,order to sell personal property order to sell personal property illinois,Order-To-Sell-Personal-Property-Order-To-Sell-Personal-Property---Illinois
2757,2,replevin order to show cause replevin order to show cause florida,Replevin-Order-To-Show-Cause-Replevin-Order-To-Show-Cause---Florida
2758,2,notice of commencement notice of commencement florida,Notice-Of-Commencement-Notice-Of-Commencement---Florida
2759,2,docketing statement b docketing statement b alaska,Docketing-Statement-B-Docketing-Statement-B---Alaska
2760,2,parenting plan parenting plan washington,Parenting-Plan-Parenting-Plan---Washington
2761,2,kazran dc order deny part sj,kazran_dc_order_deny_part_sj
2762,2,fall book order,Fall-2011-Book-Order
2763,2,progress report template nov,Progress-Report-Template-30-Nov-03
2764,2,work energy and power,Work-Energy-and-Power
2765,2,order appointing guardian ad litem order appointing guardian ad litem washington,Order-Appointing-Guardian-Ad-Litem-Order-Appointing-Guardian-Ad-Litem---Washington
2766,2,notice of intent to appeal notice of intent to appeal oklahoma,Notice-Of-Intent-To-Appeal-Notice-Of-Intent-To-Appeal-Oklahoma
2767,2,consent form consent form georgia,Consent-Form-Consent-Form---Georgia
2768,2,financial affidavit financial affidavit michigan,Financial-Affidavit-Financial-Affidavit---Michigan
2769,2,certificate of service certificate of service official federal forms,Certificate-Of-Service-Certificate-Of-Service---Official-Federal-Forms
2770,2,cba,CBA-Template
2771,2,application for appointment and contract,APPLICATION-FOR-APPOINTMENT-AND-CONTRACT
2772,2,minnesota vikings schedule,2009-Minnesota-Vikings-Schedule
2773,2,new england patriots schedule,2009-New-England-Patriots-Schedule
2774,2,email marketing consultant,email-marketing-consultant
2775,2,template protocol,TEMPLATE-PROTOCOL
2776,2,trust deed,Trust-Deed
2777,2,how to pitch a stock,How-To-Pitch-A-Stock
2778,2,notice of entry of judgment notice of entry of judgment california,Notice-Of-Entry-Of-Judgment-Notice-Of-Entry-Of-Judgment---California
2779,2,notice of rejection of award notice of rejection of award illinois,Notice-Of-Rejection-Of-Award-Notice-Of-Rejection-Of-Award---Illinois
2780,2,bis policy papers monetary policy operating procedures in brazil mar,BIS-Policy-Papers---Monetary-policy-operating-procedures-in-Brazil---Mar-1999
2781,2,all world shipping membership roster long version,All-World-Shipping-Membership-Roster-Long-Version
2782,2,notice of change of address notice of change of address california,Notice-Of-Change-Of-Address-Notice-Of-Change-Of-Address---California
2783,2,agreement to revive judgment agreement to revive judgment pennsylvania,Agreement-To-Revive-Judgment-Agreement-To-Revive-Judgment---Pennsylvania
2784,2,notice of appeal notice of appeal pennsylvania,Notice-Of-Appeal-Notice-Of-Appeal-Pennsylvania
2785,2,cover sheet cover sheet pennsylvania,Cover-Sheet-Cover-Sheet---Pennsylvania
2786,2,order (dismissal) order (dismissal) illinois,Order-(Dismissal)-Order-(Dismissal)---Illinois
2787,2,subpoena application subpoena application texas,Subpoena-Application-Subpoena-Application---Texas
2788,2,declaration of service declaration of service california,Declaration-Of-Service-Declaration-Of-Service---California
2789,2,board policy,Board-Policy
2790,2,order for change of name order for change of name illinois,Order-For-Change-Of-Name-Order-For-Change-Of-Name---Illinois
2791,2,statement of claim statement of claim georgia,Statement-Of-Claim-Statement-Of-Claim---Georgia
2792,2,civil cover sheet civil cover sheet florida,Civil-Cover-Sheet-Civil-Cover-Sheet---Florida
2793,2,website disclaimer notice,Website-Disclaimer-Notice
2794,2,handbook of,Handbook-of
2795,2,marvin ridge high school academic booster club agenda,Marvin-Ridge-High-School-Academic-Booster-Club-Agenda
2796,2,legal home forms to offer downloadable real estate forms,Legal-Home-Forms-to-Offer-Downloadable-Real-Estate-Forms
2797,2,worksheet probability,worksheet-probability
2798,2,how to write your last will,How-To-Write-Your-Last-Will
2799,2,notice paper no,Notice-Paper-No
2800,2,request for judicial intervention request for judicial intervention new york,Request-For-Judicial-Intervention-Request-For-Judicial-Intervention---New-York
2801,2,order for change of name order for change of name maryland,Order-For-Change-Of-Name-Order-For-Change-Of-Name---Maryland
2802,2,contractor excel,Contractor---Excel
2803,2,application for expungement application for expungement ohio,Application-For-Expungement-Application-For-Expungement---Ohio
2804,2,evaluation using the vistg reference model,EVALUATION-USING-THE-VisTG-REFERENCE-MODEL
2805,2,part i %ef%bf%bd the schedule,PART-I-%EF%BF%BD-THE-SCHEDULE
2806,2,for immediate release sample press release,FOR-IMMEDIATE-RELEASE--SAMPLE-PRESS-RELEASE
2807,2,annual report eng,Annual_Report_2007_ENG
2808,2,pro forma income statement,Pro-Forma-Income-Statement
2809,2,affidavit concerning investments affidavit concerning investments ohio,Affidavit-Concerning-Investments-Affidavit-Concerning-Investments---Ohio
2810,2,wisconsin automobile insurance plan,WISCONSIN-AUTOMOBILE-INSURANCE-PLAN
2811,2,california auto insurance quote a brief understanding!,California-Auto-Insurance-Quote-A-Brief-understanding!
2812,2,deep research report on global and china high purity aluminum industry,2011-Deep-Research-Report-on-Global-and-China-High-Purity-Aluminum-Industry
2813,2,examples of authorization letter,Examples-of-Authorization-Letter
2814,2,non disclosure agreement nda,Non-Disclosure-Agreement-_NDA_-Template
2815,2,printable receipt,Printable-Receipt
2816,2,unclaimed funds report,Unclaimed-Funds-Report
2817,2,notice of hearing notice of hearing florida,Notice-Of-Hearing-Notice-Of-Hearing---Florida
2818,2,affidavit regarding minor children affidavit regarding minor children arizona,Affidavit-Regarding-Minor-Children-Affidavit-Regarding-Minor-Children---Arizona
2819,2,order for alternate service order for alternate service michigan,Order-For-Alternate-Service-Order-For-Alternate-Service---Michigan
2820,2,quit claim deed quit claim deed florida,Quit-Claim-Deed-Quit-Claim-Deed---Florida
2821,2,alternative dispute resolution summary alternative dispute resolution summary texas,Alternative-Dispute-Resolution-Summary-Alternative-Dispute-Resolution-Summary---Texas
2822,2,copy request form copy request form indiana,Copy-Request-Form-Copy-Request-Form---Indiana
2823,2,subsequent report subsequent report kentucky,Subsequent-Report-Subsequent-Report---Kentucky
2824,2,order appointing guardian ad litem order appointing guardian ad litem missouri,Order-Appointing-Guardian-Ad-Litem-Order-Appointing-Guardian-Ad-Litem---Missouri
2825,2,order for possession order for possession illinois,Order-For-Possession-Order-For-Possession---Illinois
2826,2,complaint of employment discrimination complaint of employment discrimination illinois,Complaint-Of-Employment-Discrimination-Complaint-Of-Employment-Discrimination---Illinois
2827,2,credit debit card authorization form credit debit card authorization form missouri,Credit-Debit-Card-Authorization-Form-Credit-Debit-Card-Authorization-Form---Missouri
2828,2,leave of absence form,Leave-of-Absence-Form
2829,2,application for beaver scout membership,Application-for-Beaver-Scout-Membership
2830,2,order extending time to answer order extending time to answer nevada,Order-Extending-Time-To-Answer-Order-Extending-Time-To-Answer-Nevada
2831,2,demand for jury trial demand for jury trial nevada,Demand-For-Jury-Trial-Demand-For-Jury-Trial---Nevada
2832,2,affidavit of service affidavit of service nevada,Affidavit-Of-Service-Affidavit-Of-Service---Nevada
2833,2,request for attorney address change request for attorney address change new york,Request-For-Attorney-Address-Change-Request-For-Attorney-Address-Change---New-York
2834,2,affidavit affidavit north carolina,Affidavit-Affidavit-North-Carolina
2835,2,certificate warrant certification certificate warrant certification north carolina,Certificate--Warrant-Certification-Certificate--Warrant-Certification---North-Carolina
2836,2,qc ordinance subdivision plan socialized residential housing project,QC-Ordinance-1352-03-Subdivision-Plan-Socialized-Residential-Housing-Project
2837,2,eviction process,Eviction-Process
2838,2,china gold silver jewelry market channel report,China-Gold-_-Silver-Jewelry-Market-Channel-Report_-2007-2008
2839,2,contract agreements,Sample-Contract-Agreements
2840,2,music publishing contract,Music-Publishing-Contract
2841,2,by order of the secretary of the air force air force,BY-ORDER-OF-THE-SECRETARY-OF-THE-AIR-FORCE-AIR-FORCE
2842,2,confidential client intake form,CONFIDENTIAL-CLIENT-INTAKE-FORM
2843,2,certificate of service certificate of service illinois,Certificate-Of-Service-Certificate-Of-Service---Illinois
2844,2,final pretrial order final pretrial order illinois,Final-Pretrial-Order-Final-Pretrial-Order---Illinois
2845,2,towing contract,Towing_Contract
2846,2,fax form,a-fax-form
2847,2,request for hearing request for hearing kansas,Request-For-Hearing-Request-For-Hearing---Kansas
2848,2,software licence agreement,Software-Licence-Agreement
2849,2,affidavit of service affidavit of service idaho,Affidavit-Of-Service-Affidavit-Of-Service---Idaho
2850,2,pretrial order pretrial order nebraska,Pretrial-Order-Pretrial-Order---Nebraska
2851,2,certificate of service certificate of service hawaii,Certificate-Of-Service-Certificate-Of-Service---Hawaii
2852,2,straight bill of lading ~ short form,Straight-Bill-OF-LADING-~-SHORT-FORM-2
2853,2,things to consider before hiring a general contractor,Things-to-Consider-Before-Hiring-a-General-Contractor
2854,2,how to make a budget,How-to-Make-a-Budget
2855,2,proposal kongres dan reuni akbar,PROPOSAL-kongres-dan-reuni-akbar
2856,2,information for parenting proceeding affidavit information for parenting proceeding affidavit ohio,Information-For-Parenting-Proceeding-Affidavit-Information-For-Parenting-Proceeding-Affidavit---Ohio
2857,2,landlords five day notice landlords five day notice illinois,Landlords-Five-Day-Notice-Landlords-Five-Day-Notice---Illinois
2858,2,web programmer resume,Web-Programmer-Resume-sample
2859,2,secured personal loan,SECURED-PERSONAL-LOAN
2860,2,information request information request washington,Information-Request-Information-Request---Washington
2861,2,audit programxls audit programs,Audit-Programxls---Audit-Programs
2862,2,common stock purchase agreement,Common-Stock-Purchase-Agreement---ADAMIS-PHARMACEUTICALS-CORP---11-21-2011
2863,2,membership interest purchase agreement golden phoenix minerals inc,Membership-Interest-Purchase-Agreement---GOLDEN-PHOENIX-MINERALS-INC---11-21-2011---DOC
2864,2,child support application for services child support application for services florida,Child-Support-Application-For-Services-Child-Support-Application-For-Services---Florida
2865,2,guide to legal issues for pennsylvania senior citizens,A-Guide-to-Legal-Issues-for-Pennsylvania-Senior-Citizens
2866,2,tenant lease,Tenant-Lease
2867,2,medical release form for minor,Medical-Release-Form-for-Minor
2868,2,simple interest loan agreement,Simple-Interest-Loan-Agreement
2869,2,template requirements traceability matrix,Template---Requirements-Traceability-Matrix
2870,2,how to write your first resume,How-To-Write-Your-First-Resume
2871,2,how to write a personal statement,How-to-Write-a-Personal-Statement
2872,2,cost estimating spreadsheet,cost-estimating-spreadsheet
2873,2,us equity,US-Equity-080814
2874,2,bad check notice final notice,Bad-Check-Notice-Final-Notice
2875,2,godi%ef%bf%bdnji plan rada za engleski jezik,GODI%EF%BF%BDNJI-PLAN-RADA-ZA-ENGLESKI-JEZIK
2876,2,recommendation no,RECOMMENDATION-NO
2877,2,form pendaftaran mhs baru,form-pendaftaran-mhs-baru-20101
2878,2,report for,Report-for
2879,2,non circumvent and non disclosure agreement,Non-circumvent-and-Non-disclosure-Agreement
2880,2,notice intent to vacate,Notice-Intent-to-Vacate
2881,2,promissory note tx,Promissory-Note-TX
2882,2,assignment contract,Sample-Assignment-Contract
2883,2,progress payment invoice,Progress-Payment-Invoice
2884,2,cme conference planning form,CME-Conference-Planning-Form
2885,2,why to perform application monitoring,Why-to-perform-Application-Monitoring
2886,2,hand and power tool safety,HAND-AND-POWER-TOOL-SAFETY
2887,2,notice of public hearing,NOTICE-OF-PUBLIC-HEARING
2888,2,radiology request form,Radiology-Request-Form
2889,2,scavenger hunt worksheet,Scavenger-Hunt-Worksheet
2890,2,nonsolicitation agreement,Nonsolicitation-Agreement---SCOTTS-MIRACLE-GRO-CO---11-23-2011
2891,2,vendor sponsor list,2011-Vendor-Sponsor-List
2892,2,artist cover letter,Artist-Cover-Letter-2010
2893,2,virginia commercial lease agreement,Virginia-Commercial-Lease-Agreement
2894,2,grant application cover sheet,Grant-Application-Cover-Sheet
2895,2,plan de trabajo and,PLAN-DE-TRABAJO-and
2896,2,china monetary policy report,China-Monetary-Policy-Report
2897,2,pha year and annual plan,PHA-5-Year-and-Annual-Plan
2898,2,for immediate release texas womans university,FOR-IMMEDIATE-RELEASE---Texas-Womans-University
2899,2,davids resume,Davids-Resume
2900,2,packing tips,packing_tips
2901,2,application for merchant card processing,APPLICATION-FOR-MERCHANT-CARD-PROCESSING
2902,2,merchant card processing agreement,MERCHANT-CARD-PROCESSING-AGREEMENT
2903,2,this notice is provided for information purposes only,THIS-NOTICE-IS-PROVIDED-FOR-INFORMATION-PURPOSES-ONLY
2904,2,manual de instalacion,MANUAL-DE-INSTALACION
2905,2,generic template for licences,Generic-template-for-licences
2906,2,writing a business letter,Writing-A-Business-Letter
2907,2,practice resource asset purchase agreement drafting checklist,Practice-Resource-Asset-Purchase-Agreement-Drafting-Checklist
2908,2,injection molding lab manual,Injection-Molding-Lab-Manual
2909,2,dispute letter credit bureau,SAMPLE-DISPUTE-LETTER----CREDIT-BUREAU
2910,2,egypt travel guide,Egypt---Travel-Guide
2911,2,magazine cover design,Magazine-Cover-Design
2912,2,docket no an application by litchfield acquisition,DOCKET-NO-184---An-application-by-Litchfield-Acquisition
2913,2,qms manual,QMS_Manual
2914,2,morning report,Morning-Report-73107
2915,2,manual de convivencia,4--MANUAL-DE-CONVIVENCIA
2916,2,manual de convivencia escolar,MANUAL-DE-CONVIVENCIA-ESCOLAR---DOC
2917,2,handbook for campus crime reporting,The-Handbook-for-Campus-Crime-Reporting
2918,2,worksheet answers,worksheet-answers
2919,2,holiday guide to mobile advertising,The-Holiday-Guide-to-Mobile-Advertising
2920,2,resume in word format,Resume-in-Word-Format---DOC
2921,2,mutual aid agreement,MUTUAL-AID-AGREEMENT
2922,2,higher order differential equations,Higher-Order-Differential-Equations
2923,2,linear second order differential equations,Linear-Second-Order-Differential-Equations
2924,2,chairmans letter,CHAIRMANS-LETTER
2925,2,university of texas at dallas payroll authorization for,THE-UNIVERSITY-OF-TEXAS-AT-DALLAS-PAYROLL-AUTHORIZATION-FOR
2926,2,code inspection software testing,Code-Inspection-Software-Testing
2927,2,invoice download as excel,Invoice---Download-as-Excel
2928,2,sales order,Sales-Order
2929,2,intern resume,Intern-Resume
2930,2,tentative board meeting agenda,TENTATIVE-BOARD-MEETING-AGENDA
2931,2,agenda for,Agenda-for-11008
2932,2,accounting information systems bodnar hopwood th edition solutions manual,Accounting-Information-Systems-Bodnar-Hopwood-10th-Edition-Solutions-Manual
2933,2,accounting information systems hurt nd edition solutions manual,Accounting-Information-Systems-Hurt-2nd-Edition-Solutions-Manual
2934,2,accounting information systems romney steinbart th edition solutions manual,Accounting-Information-Systems-Romney-Steinbart-11th-Edition-Solutions-Manual
2935,2,accounting principles weygandt kieso kimmel th edition solutions manual,Accounting-Principles-Weygandt-Kieso-Kimmel-9th-Edition-Solutions-Manual
2936,2,corporate finance ross westerfield jaffe th edition solutions manual,Corporate-Finance-Ross-Westerfield-Jaffe-9th-Edition-Solutions-Manual
2937,2,cost accounting a managerial emphasis horngren datar foster th edition solutions manual,Cost-Accounting---A-Managerial-Emphasis-Horngren-Datar-Foster-13th-Edition-Solutions-Manual
2938,2,cryptography and netowrk security principles and practice stallings th edition solutions manual,Cryptography-and-Netowrk-Security-Principles-and-Practice-Stallings-5th-Edition-Solutions-Manual
2939,2,electric circuits nilsson nilsson th edition solutions manual,Electric-Circuits-Nilsson-Nilsson-9th-Edition-Solutions-Manual
2940,2,engineering mechanics combined statics and dynamics hibbeler th edition solutions manual,Engineering-Mechanics-Combined-Statics-And-Dynamics-Hibbeler-12th-Edition-Solutions-Manual
2941,2,engineering mechanics statics bedford fowler th edition solutions manual,Engineering-Mechanics-Statics-Bedford-Fowler-5th-Edition-Solutions-Manual
2942,2,guide to education programs technology innovation challenge grant program,Guide-to-Education-Programs---Technology-Innovation-Challenge-Grant-PRogram
2943,2,financial management theory and practice brigham ehrhardt th edition solutions manual,Financial-Management-Theory-and-Practice-Brigham-Ehrhardt-13th-Edition-Solutions-Manual
2944,2,fundamental accounting principles wild shaw chiappetta th edition solutions manual,Fundamental-Accounting-Principles-Wild-Shaw-Chiappetta-19th-Edition-Solutions-Manual
2945,2,integrated advertising promotion and marketing communications clow baack th edition solutions manual,Integrated-Advertising_-Promotion-and-Marketing-Communications-Clow-Baack-4th-Edition-Solutions-Manual
2946,2,intermediate accounting kieso weygandt warfield th edition solutions manual,Intermediate-Accounting-Kieso-Weygandt-Warfield-13th-Edition-Solutions-Manual
2947,2,intermediate accounting nikolai jones bazley th edition solutions manual,Intermediate-Accounting-Nikolai-Jones-Bazley-11th-Edition-Solutions-Manual
2948,2,international economics theory and policy krugman obstfeld th edition solutions manual,International-Economics-Theory-and-Policy-Krugman-Obstfeld-8th-Edition-Solutions-Manual
2949,2,international financial management madura th edition solutions manual,International-Financial-Management-Madura-10th-Edition-Solutions-Manual
2950,2,management daft th edition solutions manual,Management-Daft-9th-Edition-Solutions-Manual
2951,2,managerial accounting braun tietz harrison nd edition solutions manual,Managerial-Accounting-Braun-Tietz-Harrison-2nd-Edition-Solutions-Manual
2952,2,managerial accounting garrison noreen and brewer th edition solutions manual,Managerial-Accounting-Garrison-Noreen-and-Brewer-13th-Edition-Solutions-Manual
2953,2,materials science and engineering an introduction callister rethwisch th edition solutions manual,Materials-Science-and-Engineering-An-Introduction-Callister-Rethwisch-8th-Edition-Solutions-Manual
2954,2,modern advanced accounting larsen th edition solutions manual,Modern-Advanced-Accounting-Larsen-10th-Edition-Solutions-Manual
2955,2,options futures and other derivatives hull th edition solutions manual,Options_-Futures_-and-Other-Derivatives-Hull-7th-Edition-Solutions-Manual
2956,2,personal finance turning money into wealth keown th edition solutions manual,Personal-Finance-Turning-Money-into-Wealth-Keown-5th-Edition-Solutions-Manual
2957,2,principles of economics mankiw th edition solutions manual,Principles-of-Economics-Mankiw-5th-Edition-Solutions-Manual
2958,2,principles of macroeconomics mankiw th edition solutions manual,Principles-of-Macroeconomics-Mankiw-5th-Edition-Solutions-Manual
2959,2,principles of managerial finance gitman th edition solutions manual,Principles-of-Managerial-Finance-Gitman-12th-Edition-Solutions-Manual
2960,2,quantitative analysis for management render stair hanna th edition solutions manual,Quantitative-Analysis-for-Management-Render-Stair-Hanna-10th-Edition-Solutions-Manual
2961,2,statistics for business and economics anderson th edition solutions manual,Statistics-for-Business-and-Economics-Anderson-11th-Edition-Solutions-Manual
2962,2,strategic management concepts and cases david th edition solutions manual,Strategic-Management-Concepts-and-Cases-David-13th-Edition-Solutions-Manual
2963,2,form tm,FORM-TM-1
2964,2,proposal usulan penelitian,PROPOSAL-USULAN-PENELITIAN
2965,2,deferred deposit lenders payday lenders,Deferred-Deposit-Lenders-Payday-Lenders
2966,2,mortgage brokers and loan originators,Mortgage-Brokers-and-Loan-Originators
2967,2,buku teks form,Buku-Teks-Form-3
2968,2,staff management plan,Staff-Management-Plan-Template
2969,2,tps honduras extension,TPS-Honduras-extension-2011
2970,2,full year analyst presentation aeg power solutions,Full-Year-2010-Analyst-Presentation---AEG-Power-Solutions
2971,2,application for default judgment application for default judgment ohio,Application-For-Default-Judgment-Application-For-Default-Judgment---Ohio
2972,2,australian mortgage broker survey,The-Australian-Mortgage-Broker-Survey-2009
2973,2,notice of evidence deposition notice of evidence deposition illinois,Notice-Of-Evidence-Deposition-Notice-Of-Evidence-Deposition---Illinois
2974,2,words their way elementary spelling inventory feature guide,Words-Their-Way-Elementary-Spelling-Inventory-Feature-Guide
2975,2,guide turistiche aggiornate al,Guide-Turistiche-aggiornate-al-25092010
2976,2,transcript designation and ordering form transcript designation and ordering form california,Transcript-Designation-And-Ordering-Form-Transcript-Designation-And-Ordering-Form---California
2977,2,petition for occupational license petition for occupational license texas,Petition-For-Occupational-License-Petition-For-Occupational-License---Texas
2978,2,montana deq air quality permit exxonmobil,MONTANA-DEQ---Air-Quality-Permit---ExxonMobil
2979,2,ex parte order of protection ex parte order of protection tennessee,Ex-Parte-Order-Of-Protection-Ex-Parte-Order-Of-Protection---Tennessee
2980,2,dans resume,Dans-Resume
2981,2,automotive engineer resume,Download-Automotive-Engineer-Resume-Template
2982,2,note esplicative,NOTE-ESPLICATIVE
2983,2,report of the group director development and enterprise,REPORT-OF-THE-GROUP-DIRECTOR-DEVELOPMENT-AND-ENTERPRISE
2984,2,retiree letter for health insurance,Retiree-letter-for-health-insurance
2985,2,fiscal operations report and application to participate (fisap),Fiscal-Operations-Report-and-Application-to-Participate-(FISAP)
2986,2,federal family education loan program addendum,Federal-Family-Education-Loan-Program-Addendum
2987,2,plan de convivencia,PLAN-DE-CONVIVENCIA
2988,2,plan de centro,PLAN-DE-CENTRO
2989,2,information technology strategic plan,INFORMATION-TECHNOLOGY-STRATEGIC-PLAN
2990,2,audit comptable et financier,AUDIT-COMPTABLE-ET-FINANCIER
2991,2,guide de r%ef%bf%bdf%ef%bf%bdrence,GUIDE-DE-R%EF%BF%BDF%EF%BF%BDRENCE
2992,2,application for award of certificate,Application-for-Award-of-Certificate
2993,2,joint statement on key principles of social networking sites safety,Joint-Statement-on-Key-Principles-of-Social-Networking-Sites-Safety
2994,2,iowa department of revenue annual report fy,Iowa-Department-of-Revenue-Annual-Report-FY1996
2995,2,%ef%bf%bdgretim yili %ef%bf%bdnitelendirilmis yillik plan,2010-2011-%EF%BF%BDGRETIM-YILI-%EF%BF%BDNITELENDIRILMIS-YILLIK-PLAN
2996,2,panel report,Panel-Report
2997,2,youth residential treatment for individuals under prior authorization request form,Youth-Residential-Treatment-for-Individuals-Under-Prior-Authorization-Request-Form
2998,2,cross matching form,Cross-matching-form
2999,2,x vertical poster,36x48-vertical-poster-template
3000,2,short sale proposal,SHORT-SALE-PROPOSAL
3001,2,real estate forms land contract sell form,Free-Real-Estate-Forms---Land-Contract-Sell-Form
3002,2,lease termination letter,Lease-Termination-Letter
3003,2,recruitment form,recruitment-form
3004,2,spring schedule,SPRING-2012-SCHEDULE
3005,2,pepsi marketing report,Pepsi-Marketing-Report
3006,2,backup checklist,Backup-Checklist---DOC
3007,2,f permit application f permit application ohio,F-3-Permit-Application-F-3-Permit-Application---Ohio
3008,2,application for sunday license application for sunday license missouri,Application-For-Sunday-License-Application-For-Sunday-License---Missouri
3009,2,facility rental contract at fac,Facility-Rental-Contract-at-FAC
3010,2,charitable remainder trust,Charitable-Remainder-Trust
3011,2,request for,REQUEST-FOR
3012,2,induction manual,Induction-Manual
3013,2,irrevocable standby letter of credit irrevocable standby letter of credit california,Irrevocable-Standby-Letter-Of-Credit-Irrevocable-Standby-Letter-Of-Credit---California
3014,2,project cost estimate,Project-Cost-Estimate
3015,2,partial release of lien partial release of lien washington,Partial-Release-Of-Lien-Partial-Release-Of-Lien---Washington
3016,2,bargain and sale deed bargain and sale deed washington,Bargain-And-Sale-Deed-Bargain-And-Sale-Deed---Washington
3017,2,genealogy records request genealogy records request official federal forms,Genealogy-Records-Request-Genealogy-Records-Request---Official-Federal-Forms
3018,2,genealogy index search request genealogy index search request official federal forms,Genealogy-Index-Search-Request-Genealogy-Index-Search-Request---Official-Federal-Forms
3019,2,cv template download as,CV-template---Download-as-DOC
3020,2,helps you create a resume tailored to your experience,Helps-you-create-a-resume-tailored-to-your-experience
3021,2,data center order template [excel] it services,Data-Center-Order-Template-[EXCEL]---IT-Services
3022,2,uk constitution,The-UK-Constitution
3023,2,dsa summary,DSA-Summary
3024,2,berkana institute annual report,Berkana-Institute-2008-annual-report
3025,2,business license in colorado,Business-License-In-Colorado
3026,2,on the cover,On_the_Cover
3027,2,new business letter,New-Business-Letter-Template
3028,2,commercial office space for lease,Commercial-Office-Space-For-Lease
3029,2,notice letter,Notice-Letter
3030,2,how to write a sponsorship letter,How-To-Write-A-Sponsorship-Letter
3031,2,bb cover,BB-Cover
3032,2,montana deq air quality permit montana dakota utilities,MONTANA-DEQ---Air-Quality-Permit---Montana-Dakota-Utilities
3033,2,montana deq air quality permit omimex canada ltd,Montana-DEQ-Air-Quality-Permit-Omimex-Canada-Ltd
3034,2,affidavit of financial information affidavit of financial information arizona,Affidavit-Of-Financial-Information-Affidavit-Of-Financial-Information---Arizona
3035,2,montana deq air quality permit mdu,MONTANA-DEQ---Air-Quality-Permit---MDU
3036,2,declaration for ex parte application declaration for ex parte application california,Declaration-For-Ex-Parte-Application-Declaration-For-Ex-Parte-Application---California
3037,2,certificate of transfer certificate of transfer ohio,Certificate-Of-Transfer-Certificate-Of-Transfer---Ohio
3038,2,car rental industry global outlook,Car-Rental-Industry---Global-Outlook
3039,2,manual de funcionamiento,MANUAL-DE-FUNCIONAMIENTO
3040,2,affidavit of service affidavit of service oregon,Affidavit-Of-Service-Affidavit-Of-Service---Oregon
3041,2,certificate of mailing certificate of mailing oregon,Certificate-Of-Mailing-Certificate-Of-Mailing---Oregon
3042,2,montana deq air quality permit ocean energy,Montana-DEQ-Air-Quality-Permit-Ocean-Energy
3043,2,topeka high mens soccer master schedule,Topeka-High-Mens-Soccer-Master-Schedule-09-10
3044,2,tdx guide,TDX-guide
3045,2,form isian,Form-Isian
3046,2,hazard assessment checklist,HAZARD-ASSESSMENT-CHECKLIST---DOC
3047,2,application of medium voltage variable frequency drive (vfd) in the cement industry,Application-of-Medium-Voltage-Variable-Frequency-Drive-(VFD)-In-the-Cement-Industry
3048,2,albo guide turistiche aggiornato al,ALBO-GUIDE-TURISTICHE-aggiornato-al-10-06-2009
3049,2,rrsp home buyers plan helps canadians buy homes,RRSP-Home-Buyers-Plan-helps-Canadians-Buy-Homes
3050,2,guide to maternity clothes,The-Guide-to-Maternity-Clothes
3051,2,employers handbook,Employers_handbook_2011
3052,2,contract for the private sale of a motor vehicle,Contract-for-the-private-sale-of-a-Motor-Vehicle
3053,2,tri city sustainability plan,Tri-City-Sustainability-Plan
3054,2,cmo club annual membership invoice,CMO-CLUB-Annual-Membership-Invoice
3055,2,revised translation of the order of mass,the-revised-translation-of-the-order-of-mass
3056,2,time order,Time-Order
3057,2,contract data requirements list,CONTRACT-DATA-REQUIREMENTS-LIST
3058,2,scc academic senate minutes,SCC---Academic-Senate-Minutes
3059,2,technology offer,Technology-Offer
3060,2,worksheet to determine nonresident taxpayer status,Worksheet-to-Determine-Nonresident-Taxpayer-Status
3061,2,partnership of douglas county governments,Partnership-of-Douglas-County-Governments
3062,2,create your own website in minutes and succeed in google,Create-Your-Own-Website-In-30-Minutes-and-Succeed-In-Google
3063,2,information form,Information-Form
3064,2,form us individual income tax return,FORM-1040-US-INDIVIDUAL-INCOME-TAX-RETURN
3065,2,employee exit checklist,Employee-Exit-Checklist
3066,2,international business daniels radebaugh sullivan th edition solutions manual,International-Business-Daniels-Radebaugh-Sullivan-13th-Edition-Solutions-Manual
3067,2,introduction to management science taylor th edition solutions manual,Introduction-to-Management-Science-Taylor-10th-Edition-Solutions-Manual
3068,2,pdu case report xxxxyy date,PDU-Case-Report-XXXXYY_date_
3069,2,plan comptable,Plan-comptable
3070,2,guide dutilisation,Guide-dutilisation
3071,2,form c us departing alien income tax return,FORM-1040C-US-DEPARTING-ALIEN-INCOME-TAX-RETURN
3072,2,supply demand and market equilibrium,Supply_-Demand_-and-Market-Equilibrium
3073,2,course outline,COURSE-OUTLINE-TEMPLATE
3074,2,bsa troop handbook,BSA-Troop-206-Handbook
3075,2,linux newbie administrator guide,Linux-Newbie-Administrator-Guide
3076,2,c%ef%bf%bdmo armar un plan de negocios,C%EF%BF%BDmo-armar-un-plan-de-negocios
3077,2,program guide anime los angeles,Program-Guide---Anime-Los-Angeles
3078,2,csu nda,CSU-NDA-template
3079,2,order granting petitioner s motion for summary judgment,Order-Granting-Petitioner-s-Motion-for-Summary-Judgment
3080,2,loi,LOI-Template
3081,2,boy scouts handbook by boy scouts of america,Boy-Scouts-Handbook-by-Boy-Scouts-of-America
3082,2,by order of the secretary of the air force air force instruction,BY-ORDER-OF-THE-SECRETARY-OF-THE-AIR-FORCE-AIR-FORCE-INSTRUCTION
3083,2,agreement sample time and materials agreement,Agreement-Sample_Time_and_Materials_Agreement
3084,2,swan ham radio manual,Swan-1200-Ham-Radio-manual
3085,2,compliance certificate,COMPLIANCE-CERTIFICATE
3086,2,consulate letter,consulate_letter
3087,2,grade level curriculum guide,Grade-Level-Curriculum-Guide
3088,2,mercedes benz collection,Mercedes-Benz-Collection-2011
3089,2,web site evaluation worksheet,Web-Site-Evaluation-Worksheet
3090,2,computer repair invoice,Download-Computer-Repair-Invoice-Template
3091,2,budget planner excel,Budget_Planner__excel_
3092,2,kingsbury parish council minutes,Kingsbury-Parish-Council-Minutes
3093,2,algeria petrochemicals report q,Algeria-Petrochemicals-Report-Q1-2012
3094,2,north sea offshore decommissioning report,The-North-Sea-Offshore-Decommissioning-Report
3095,2,hire car cover admiral,Hire-Car-Cover---Admiral
3096,2,advanced search cn id title agency publish date category contract,Advanced-Search-CN-ID-Title-Agency-Publish-Date-Category-Contract-
3097,2,advertiser agreement,Advertiser-Agreement
3098,2,reservation letter,Reservation-Letter
3099,2,license agreement simple,License-Agreement_-Simple
3100,2,specific power of attorney,SPECIFIC-POWER-OF-ATTORNEY
3101,2,schedule c worksheet,Schedule-C-Worksheet
3102,2,child care authorization,Child-Care-Authorization
3103,2,power of attorney simple,Power-of-Attorney_-Simple
3104,2,accessibility plan,ACCESSIBILITY-PLAN
3105,2,audit engagement letter,Audit-Engagement-Letter
3106,2,bank confirmation letter,Bank-Confirmation-Letter
3107,2,manual en,manual_en
3108,2,ib application,IB-Application
3109,2,new york state worker report,New-York-State-Worker-report
3110,2,runge kutta th order method for solving ordinary differential,Runge-Kutta-4th-Order-Method-for-Solving-Ordinary-Differential
3111,2,michael jackson s will,Michael-Jackson-s-Will
3112,2,pack meeting agenda,PACK-MEETING-AGENDA
3113,2,retail systems dealer agreement,RETAIL-SYSTEMS-DEALER-AGREEMENT
3114,2,initial document,INITIAL-DOCUMENT-TEMPLATE
3115,2,vendor info,Vendor-Info
3116,2,maintenance checklist,Maintenance-Checklist
3117,2,hrp investigator manual,HRP-103---INVESTIGATOR-MANUAL
3118,2,radiation safety manual,Radiation-Safety-Manual
3119,2,study tour proposal,Study-Tour-Proposal---DOC
3120,2,client report,CLIENT-REPORT-TEMPLATE
3121,2,psc annual report,PSC-2008-Annual-Report
3122,2,us china joint defense conversion commission minutes of the first meeting beijing,US-China-Joint-Defense-Conversion-Commission-Minutes-of-the-First-Meeting-Beijing
3123,2,flu shot clinic schedule,2010-FLU-Shot-Clinic-Schedule
3124,2,information note,INFORMATION-NOTE
3125,2,intern manual,intern-manual
3126,2,letter of intent (loi),Letter-of-Intent-(LOI)
3127,2,minutes of the meeting of the,Minutes-of-the-Meeting-of-the
3128,2,foia request letter,SAMPLE-FOIA-REQUEST-LETTER
3129,2,strategic communications plan,Strategic-Communications-Plan-Template
3130,2,guide to building outdoor stairs,Guide-to-building-Outdoor-Stairs
3131,2,resume workshop,The-Resume-Workshop
3132,2,circle venn,3-Circle-Venn-template
3133,2,grocery list excel,Grocery-List-Excel-Template
3134,2,australia oil and gas report q,australia_oil_and_gas_report_q4_2011
3135,2,authorized provider agreement,AUTHORIZED-PROVIDER-AGREEMENT
3136,2,ben collins pdf cv,Ben-Collins-PDF-CV
3137,2,event questionnaire feedback form,Event-Questionnaire--Feedback-form---DOC
3138,2,form bt,Form---------BT
3139,2,catering invoice,Download-Catering-Invoice-Template
3140,2,invoice template in word format,Download-Invoice-template-in-Word-Format
3141,2,form pl,Form---------PL
3142,2,this spreadsheet,this-spreadsheet
3143,2,op guide data form,op_guide_data_form
3144,2,prayer list,Prayer-List-Template
3145,2,storyboard template,Storyboard-Template---DOC-3
3146,2,cash flow worksheet,Cash-Flow-Worksheet
3147,2,venn diagram template,Venn-Diagram-Template---DOC
3148,2,congressional report etp appendix b march,Congressional-Report-ETP-Appendix-B-March-06
3149,2,hour schedule,24-Hour-Schedule-Template
3150,2,focus group discussion guide,Focus-Group-Discussion-Guide
3151,2,postcard,Postcard-template
3152,2,listening guide,Listening-Guide
3153,2,witness affidavit,WITNESS-AFFIDAVIT---DOC
3154,2,statement of research,Statement-of-Research
3155,2,test result report,Test_result_report
3156,2,item cabinet report,Item-8-Cabinet-Report
3157,2,certificate of registration (pdf download),Certificate-of-Registration-(PDF-download)
3158,2,safety inspection check list,Safety-inspection-check-list
3159,2,employee performance review,Employee-performance-review-template
3160,2,employee termination form,employee_termination_form
3161,2,st annual lumbee homecoming schedule,41st-Annual-Lumbee-Homecoming-Schedule
3162,2,letter of parental consent,Letter-of-Parental-Consent
3163,2,sdk license,sdk_license
3164,2,plan your work and work your plan,Plan-Your-Work-and-Work-Your-Plan
3165,2,resume peopleperhour,Resume---PeoplePerHour
3166,2,ipad application development company,iPad-Application-Development-Company
3167,2,zumba niagara participant registration form,Zumba-Niagara-Participant-Registration-Form
3168,2,report get now excel,Report-3---Get-Now-Excel
3169,2,christmas collection,Christmas-Collection
3170,2,tulsa united press release,Tulsa_United_Press_Release_08
3171,2,remittance form,Remittance-Form
3172,2,irs collection process,The-IRS-Collection-Process
3173,2,recruitment plan,recruitment-plan
3174,2,master license agreement,Master-License-Agreement
3175,2,consent to assignment,Consent-to-Assignment
3176,2,sub publishing agreement,Sub-Publishing-Agreement
3177,2,substitution of collateral and release consent,Substitution-of-Collateral-and-Release-Consent
3178,2,richmond report,The-Richmond-Report
3179,2,bayer schering pharma ag annual report,Bayer-Schering-Pharma-AG-Annual-Report-2006
3180,2,start up budget,start_up_budget_template
3181,2,draft minutes,DRAFT-MINUTES
3182,2,notice of docketing,NOTICE-OF-DOCKETING
3183,2,certificate of foreign status of beneficial owner for united,Certificate-of-Foreign-Status-of-Beneficial-Owner-for-United
3184,2,secretarys certificate,SECRETARYS-CERTIFICATE
3185,2,texas sales and use tax resale certificate,TEXAS-SALES-AND-USE-TAX-RESALE-CERTIFICATE
3186,2,certificate of good standing,Certificate-of-Good-Standing
3187,2,sales tax exemption certificate,SALES-TAX-EXEMPTION-CERTIFICATE
3188,2,treating doctors certificate,TREATING-DOCTORS-CERTIFICATE
3189,2,quality control certificate,Quality-Control-Certificate
3190,2,certificate program,Certificate-Program
3191,2,international trade certificate program export series,International-Trade-Certificate-Program-Export-Series
3192,2,cbt r new jersey retroactive s election application,CBT-2553---R-New-Jersey-Retroactive-S-Election-Application
3193,2,participation certificate,Participation-Certificate
3194,2,air operators certificate,Air-Operators-Certificate
3195,2,certificate of medical fitness,CERTIFICATE-OF-MEDICAL-FITNESS
3196,2,certificate of earned income,Certificate-of-Earned-Income
3197,2,cpp certificate iii in property services (agency),CPP30207-Certificate-III-in-Property-Services-(Agency)
3198,2,new proposal,New-Proposal-Template
3199,2,excel proposal,EXCEL-PROPOSAL-TEMPLATE
3200,2,reg c ea business entity amendment filing,Reg-C-EA-Business-Entity-Amendment-Filing
3201,2,request for proposal construction services,Request-for-Proposal---Construction-Services
3202,2,proposal for partnership,PROPOSAL-FOR-PARTNERSHIP
3203,2,project proposal form,PROJECT-PROPOSAL-FORM
3204,2,assignment proposal form,Assignment-Proposal-Form
3205,2,fundraising proposal form,Fundraising-Proposal-Form
3206,2,pre bidpre proposal meeting attendance list,Pre-BidPre-Proposal-Meeting-Attendance-List
3207,2,fundraising proposal,Fundraising-Proposal
3208,2,distribution proposal,Distribution-Proposal
3209,2,turkey bc e commerce report,Turkey-B2C-E-Commerce-Report-2011
3210,2,sponsorship exhibition proposal,Sponsorship-Exhibition-Proposal
3211,2,proposal investasi,PROPOSAL-INVESTASI
3212,2,mini grant proposal,Mini-Grant-Proposal
3213,2,panduan penyusunan proposal,Panduan-Penyusunan-Proposal
3214,2,landlord tenant pre calendar call instructions,Landlord-Tenant-Pre-Calendar-Call-Instructions
3215,2,summary of commentsrecommendations proponent rural municipality,SUMMARY-OF-COMMENTSRECOMMENDATIONS-PROPONENT-Rural-Municipality
3216,2,week assignment steps to writing a grant proposal,Week-3-Assignment-Steps-to-Writing-a-Grant-Proposal
3217,2,short payoff offer proposal letter,SHORT-PAYOFF-OFFER-PROPOSAL-LETTER
3218,2,proposal praktik lapangan,PROPOSAL-PRAKTIK-LAPANGAN
3219,2,development proposal,DEVELOPMENT-PROPOSAL
3220,2,outline proposal bisnis,Outline-proposal-bisnis
3221,2,request for proposals for legal services,REQUEST-FOR-PROPOSALS-FOR-LEGAL-SERVICES
3222,2,plan managerial doc,PLAN-MANAGERIAL---DOC---DOC
3223,2,invitation to tender,Invitation-to-Tender-Template
3224,2,monthly calendar template for excel,Monthly-Calendar-Template-for-Excel
3225,2,plan anual de centro,PLAN-ANUAL-DE-CENTRO-2006-2007
3226,2,flash designer resume,Flash-Designer-Resume
3227,2,subprime mortgage crisis,Subprime-mortgage-crisis
3228,2,marriage certificate,Marriage-Certificate
3229,2,barking dog complaint form,BARKING-DOG-COMPLAINT-FORM
3230,2,esa claim form for employment and support allowance fill in on,ESA1-claim-form-for-Employment-and-Support-Allowance---Fill-in-on
3231,2,report of chief executive officer,Report-of-Chief-Executive-Officer
3232,2,reinstatement of peace officer license,Reinstatement-of-Peace-Officer-License
3233,2,summary information,Summary-information
3234,2,hiv antibody test information form for insurance applicant,HIV-ANTIBODY-TEST-INFORMATION-FORM-FOR-INSURANCE-APPLICANT
3235,2,challan form a,CHALLAN-FORM-A
3236,2,victoria university lithan genovate application form for admission,Victoria-University-LITHAN-GENOVATE-APPLICATION-FORM-FOR-ADMISSION
3237,2,order form for web,Order-Form-for-web
3238,2,application form for indian passport,Application-Form-for-Indian-Passport-3
3239,2,website launch press release,website-launch-press-release
3240,2,mooney checklist,Mooney-Checklist
3241,2,form t,Form-4506-T
3242,2,special circumstances form,SPECIAL-CIRCUMSTANCES-FORM
3243,2,wire transfer request form,Wire-Transfer-Request-Form
3244,2,request form,Request-Form
3245,2,authorization for medical treatment letter,Authorization-for-Medical-Treatment-Letter
3246,2,background check authorization,Background-Check-Authorization
3247,2,capital expenditure request form,Capital-Expenditure-Request-Form-Template
3248,2,christmas bonus letter,Christmas-Bonus-Letter
3249,2,customer promotional letter,Customer-Promotional-Letter
3250,2,fraternization policy,Fraternization-Policy
3251,2,internship offer letter,Internship-Offer-Letter
3252,2,job estimate,Job-Estimate
3253,2,marketing consultant agreement,Marketing-Consultant-Agreement
3254,2,no bid letter,No-Bid-Letter
3255,2,notice of breach of contract,Notice-of-Breach-of-Contract-Template
3256,2,offer to purchase partnership interest,Offer-to-Purchase-Partnership-Interest
3257,2,promissory note assignment,Promissory-Note-Assignment
3258,2,promissory note in series,Promissory-Note-In-Series
3259,2,publisher royalty sharing agreement,Publisher-Royalty-Sharing-Agreement
3260,2,publishing agreement,Publishing-Agreement
3261,2,sale of llc interest agreement,Sale-of-LLC-Interest-Agreement
3262,2,security services contract,Security-Services-Contract
3263,2,termination report,Termination-Report-Template
3264,2,vacation policy,Vacation-Policy-Sample
3265,2,workers compensation policy,Workers-Compensation-Policy
3266,2,informed consent form,INFORMED-CONSENT-FORM
3267,2,donation request form,Donation-Request-Form
3268,2,withdrawal form,Withdrawal-Form
3269,2,change request form,Change-Request-Form
3270,2,gift card receipt reconciliation form,Gift-card-receipt-reconciliation-form
3271,2,ch job order costing,Ch23-Job-Order-Costing
3272,2,change order form,Change-Order-Form-2004
3273,2,initial damage assessment form instructions,INITIAL-DAMAGE-ASSESSMENT-FORM-INSTRUCTIONS
3274,2,proof of payment form,Proof-of-Payment-Form
3275,2,property inspection form,Property-Inspection-Form
3276,2,discharge monitoring report nanual revisions and changes,DISCHARGE-MONITORING-REPORT-NANUAL-REVISIONS-AND-CHANGES
3277,2,permit extension of time request,Permit-Extension-of-Time-Request
3278,2,materials requisition form,Materials-Requisition-Form
3279,2,proposal tugas keamanan sistem informasi,Proposal-Tugas-Keamanan-Sistem-Informasi
3280,2,arizona deed of trust,Arizona-Deed-of-Trust
3281,2,arkansas agreement to sell personal property without warranty,Arkansas-Agreement-to-Sell-Personal-Property---Without-Warranty
3282,2,arkansas general agreement,Arkansas-General-Agreement
3283,2,iowa agreement to sell personal property without warranty,Iowa-Agreement-to-Sell-Personal-Property---Without-Warranty
3284,2,kansas general agreement,Kansas-General-Agreement
3285,2,vm excel spreadsheet batch,VM-Excel-Spreadsheet-Batch
3286,2,mississippi deed of trust,Mississippi-Deed-of-Trust
3287,2,missouri deed of trust,Missouri-Deed-of-Trust
3288,2,nebraska general agreement,Nebraska-General-Agreement
3289,2,new york general agreement,New-York-General-Agreement
3290,2,rhode island general agreement,Rhode-Island-General-Agreement
3291,2,virginia general agreement,Virginia-General-Agreement
3292,2,west virginia agreement to sell personal property without warranty,West-Virginia-Agreement-to-Sell-Personal-Property---Without-Warranty
3293,2,west virginia deed of trust,West-Virginia-Deed-of-Trust
3294,2,wisconsin general agreement,Wisconsin-General-Agreement
3295,2,florida warranty deed,Florida-Warranty-Deed
3296,2,new jersey agreement to sell personal property without warranty,New-Jersey-Agreement-to-Sell-Personal-Property---Without-Warranty
3297,2,new jersey general agreement,New-Jersey-General-Agreement
3298,2,washington general agreement,Washington-General-Agreement
3299,2,standard form contract,Standard-Form-Contract
3300,2,biographical data form,2007-Biographical-Data-Form
3301,2,long form,LONG-FORM
3302,2,permission form,PERMISSION-FORM
3303,2,minutes of the annual parish meeting,MINUTES-OF-THE-ANNUAL-PARISH-MEETING
3304,2,online application form,Online-Application-Form
3305,2,initial consultation form,Initial-Consultation-Form
3306,2,short form deed of trust and assignment of rents,SHORT-FORM-DEED-OF-TRUST-AND-ASSIGNMENT-OF-RENTS
3307,2,termination form,TERMINATION-FORM
3308,2,leave request form,Leave-Request-Form
3309,2,form pendaftaran,Form-Pendaftaran
3310,2,nato application form,NATO-Application-Form
3311,2,generic application form,Generic-Application-Form
3312,2,proposal magang,65641721-Proposal-Magang
3313,2,loan status disclosure,Loan-Status-Disclosure
3314,2,and reduced price school meals application and,2009-Free-and-Reduced-Price-School-Meals-Application-and
3315,2,gause parent%ef%bf%bds club meeting agenda,Gause-Parent%EF%BF%BDs-Club-Meeting-Agenda
3316,2,handbook forms,handbook-forms
3317,2,manual de la calidad,MANUAL-DE-LA-CALIDAD
3318,2,underpayment of estimated nj corporation business tax form cbt,Underpayment-of-Estimated-NJ-Corporation-Business-Tax---Form-CBT-100
3319,2,stratejik plan sablonu liseler,STRATEJIK-PLAN-SABLONU-LISELER
3320,2,application for crew leader registration,Application-for-Crew-Leader-Registration
3321,2,employee time off request form,Employee-Time-Off-Request-Form
3322,2,plan hrvatskoga jezika r dr hjv b,2009-2010-plan-hrvatskoga-jezika-7-r-dr-hjv-b
3323,2,godi%ef%bf%bdnji nastavni plan iz hrvatskog jezika za,GODI%EF%BF%BDNJI-NASTAVNI-PLAN-IZ-HRVATSKOG-JEZIKA-ZA-6
3324,2,certification report,Certification-Report
3325,2,raleigh summer youth employment brochure,Raleigh-Summer-Youth-Employment-Brochure
3326,2,this agreement entered into this day of,THIS-AGREEMENT-ENTERED-INTO-THIS-DAY-OF-
3327,2,food stamp application english,Food-Stamp-Application-English
3328,2,standard cv,Standard-CV
3329,2,fax cover sheet download now,FAX-COVER-SHEET---Download-Now-DOC
3330,2,application kit,Application-Kit
3331,2,mouse over venn diagram template directions open new,Mouse-Over-Venn-Diagram-template-directions-1-Open-new
3332,2,temple beth sholom handbook,TEMPLE-BETH-SHOLOM-HANDBOOK
3333,2,city of kearney press release,CITY-OF-KEARNEY-PRESS-RELEASE
3334,2,credit bureau authorization form commercial funding,CREDIT-BUREAU-AUTHORIZATION-FORM-Commercial-Funding
3335,2,monthly budget form,Monthly-Budget-Form
3336,2,profit loss budget vs actual,Profit-Loss-Budget-vs-Actual
3337,2,budget checklist,BUDGET-CHECKLIST
3338,2,budget campervan rental,Budget-Campervan-Rental
3339,2,national contract management association,National-Contract-Management-Association
3340,2,please fax this form to,Please-fax-this-form-to-515-699-1270
3341,2,convite memo descritivo anexo unico,Convite-010-2009---Memo-Descritivo-Anexo-Unico
3342,2,memorandum and articles of association of,MEMORANDUM-AND-ARTICLES-OF-ASSOCIATION-OF
3343,2,memorandum de entendimiento sobre intercambio de informacion y,MEMORANDUM-DE-ENTENDIMIENTO-SOBRE-INTERCAMBIO-DE-INFORMACION-Y
3344,2,memorandum of understanding (mou),MEMORANDUM-OF-UNDERSTANDING-(MOU)
3345,2,mccain statement about biden choice for vice president by barack obama,McCain-Statement-About-Biden-Choice-for-Vice-President-by-Barack-Obama
3346,2,estimate form,Estimate-Form
3347,2,communicable disease policy,COMMUNICABLE-DISEASE-POLICY
3348,2,servicing agreement,Servicing-Agreement---HENNESSY-ADVISORS-INC---12-9-2011
3349,2,shareholder servicing agreement,Shareholder-Servicing-Agreement---HENNESSY-ADVISORS-INC---12-9-2011
3350,2,draft of pay increase letter to give employees,DRAFT-OF-PAY-INCREASE-LETTER-TO-GIVE-EMPLOYEES
3351,2,benedictine university checklist for bachelor of,BENEDICTINE-UNIVERSITY-CHECKLIST-FOR-BACHELOR-OF
3352,2,original excel spreadsheet,Original-Excel-Spreadsheet
3353,2,orange county district attorney,ORANGE-COUNTY-DISTRICT-ATTORNEY------_
3354,2,solicitation offer and award,SOLICITATION-OFFER-AND-AWARD
3355,2,press release excel[],press-release-Excel[281]
3356,2,audit format,audit_format
3357,2,key informant interview guide,KEY-INFORMANT-INTERVIEW-GUIDE
3358,2,search marketing benchmark guide,Search-marketing-benchmark-guide
3359,2,power,THE-POWER
3360,2,reading log,Reading-Log-Template
3361,2,contract de furnizare,CONTRACT-DE-FURNIZARE
3362,2,plan de lectura,172-PLAN-DE-LECTURA
3363,2,release notes infralution,Release-Notes---Infralution
3364,2,customized employment,CUSTOMIZED-EMPLOYMENT
3365,2,plan de clase (ejemplo),Plan-de-clase-(ejemplo)
3366,2,acceptance of offer,Acceptance-of-Offer
3367,2,convince your boss,Convince-Your-Boss-Template
3368,2,venture capital and private equity investments,Venture-Capital-and-Private-Equity-Investments
3369,2,kyc form,KYC-Form
3370,2,travel expense report,Travel-Expense-Report
3371,2,visitor visa checklist,Visitor-visa-checklist---DOC
3372,2,letter to the editor assignment,Letter-to-the-Editor-Assignment
3373,2,pi seminar flyer template newcastle,PI-Seminar-flyer-template-Newcastle
3374,2,annual report annual,2009-Annual-Report-2009-Annual
3375,2,december us real estate building statistics report,December-2011-US-Real-Estate-Building-Statistics-Report
3376,2,disaster relief application,Disaster_Relief_Application
3377,2,cbd third national report zimbabwe (english version),CBD-Third-National-Report---Zimbabwe-(English-version)
3378,2,senate bill report sb,SENATE-BILL-REPORT-SB-5136
3379,2,women and angel investing an untapped pool of equity for entrepreneurs,Women-and-Angel-Investing--An-Untapped-Pool-of-Equity-for-Entrepreneurs
3380,2,request no,Request-No
3381,2,new ecc report style,New-ECC-Report-Style
3382,2,physician referral letter,SAMPLE-PHYSICIAN-REFERRAL-LETTER
3383,2,product transfer and resale report,867-Product-Transfer-and-Resale-Report
3384,2,texto modelo plan de negocio,Texto-Modelo-Plan-de-Negocio
3385,2,instructions for curriculum guide writing,Instructions-for-Curriculum-Guide-Writing
3386,2,budget travel,Budget-Travel
3387,2,report paper,Report-Paper
3388,2,epsq sf worksheet,EPSQ-SF86-Worksheet
3389,2,assessment plan for,Assessment-Plan-for
3390,2,child protection policy,Child-Protection-Policy_1_
3391,2,quilts and wearable art application form,Quilts-and-Wearable-Art-Application-Form
3392,2,report template v,Report-Template---v10
3393,2,usage report delaware,Usage-Report---Delaware
3394,2,html amendment of solicitationmodification of contract (sf )%b%d,html-Amendment-of-SolicitationModification-of-Contract-(SF-30)%255B514%255D
3395,2,xls spreadsheet,xls-spreadsheet
3396,2,workshop schedule,Workshop-Schedule
3397,2,cv format it,cv-format-it
3398,2,englischer lebenslauf cv mustervorlage,Englischer-Lebenslauf---CV---MusterVorlage
3399,2,guida al business plan,GUIDA-AL-BUSINESS-PLAN
3400,2,law justice and the constitution,Law-Justice-and-the-Constitution
3401,2,uw letter of intent for,UW-LETTER-OF-INTENT-FOR
3402,2,plan de clase escuela fecha profr a,Plan-de-clase-1-2-Escuela-Fecha-Profr-a
3403,2,complainant states that as part of a report on the tragic,The-complainant-states-that-as-part-of-a-report-on-the-tragic-
3404,2,master schedule download as excel,Master-Schedule---Download-as-Excel
3405,2,design guide,Design-Guide
3406,2,how to choose the right kentucky health insurance plan,How-to-Choose-the-Right-Kentucky-Health-Insurance-Plan
3407,2,status report for the activities in norway,Status-report-for-the-activities-in-Norway
3408,2,customer list purchase agreement,Customer-List-Purchase-Agreement
3409,2,veggie compass example spreadsheet,VEGGIE-COMPASS-EXAMPLE-SPREADSHEET
3410,2,travel insurance summary aug,Travel-Insurance-Summary-Aug08
3411,2,resident guide,RESIDENT-GUIDE
3412,2,investor rights agreement,Investor-Rights-Agreement---EMTEC-INCNJ---12-14-2011
3413,2,important notice regarding transfers of certified cuban claims,Important-Notice-Regarding-Transfers-of-Certified-Cuban-Claims
3414,2,software license agreement fixed term,Software-License-Agreement-_Fixed-Term_
3415,2,risk assessment checklist,RISK-ASSESSMENT-CHECKLIST
3416,2,public integrity section (pin) report to congress on the activities and operations,Public-Integrity-Section-(PIN)-REPORT-TO-CONGRESS-ON-THE-ACTIVITIES-AND-OPERATIONS
3417,2,midterm progress report,MIDTERM-PROGRESS-REPORT
3418,2,branding proposal,Branding-Proposal
3419,2,budget cover,Budget-cover
3420,2,delaware llc operating agreement,Delaware-LLC-Operating-Agreement
3421,2,idaho commercial lease agreement,Idaho-Commercial-Lease-Agreement
3422,2,technical,Technical-Template
3423,2,im grand rounds schedule july june,IM-Grand-Rounds-Schedule-July-2011-June-2012
3424,2,common stock,common-stock
3425,2,footlocker application,Footlocker-Application
3426,2,model release form,Model_Release_Form_2010
3427,2,contract renewal,CONTRACT-RENEWAL
3428,2,regular council meeting minutes,Regular-Council-Meeting-Minutes
3429,2,disclaimer statement,Disclaimer-Statement
3430,2,response to southeastern public service authoritys request for business review letter,Response-to-Southeastern-Public-Service-Authoritys-Request-for-Business-Review-Letter
3431,2,declaration of renata b hesse us v microsoft corporation,Declaration-of-Renata-B-Hesse--US-v-Microsoft-Corporation
3432,2,advertising insertion order form,Advertising-Insertion-Order-Form
3433,2,budget transfer prod,Budget_Transfer_Prod
3434,2,linux kernel module programming guide,Linux-Kernel-Module-Programming-Guide
3435,2,annual security report,Annual-Security-Report-2008
3436,2,new customer welcome letter,Download-New-Customer-Welcome-Letter
3437,2,redc auction item no reo addendum to,REDC-AUCTION-ITEM-NO--REO--ADDENDUM-TO
3438,2,contract for sale of real estate at auction,Contract-For-Sale-Of-Real-Estate-At-Auction
3439,2,report of the training course,REPORT-of-the-TRAINING-COURSE
3440,2,report of the ninth meeting of the international scientific,REPORT-OF-THE-NINTH-MEETING-OF-THE-INTERNATIONAL-SCIENTIFIC
3441,2,running registration numbers report of all rta centers,RUNNING-REGISTRATION-NUMBERS-REPORT-OF-ALL-RTA-CENTERS
3442,2,food guide,Food-Guide
3443,2,report of examination,REPORT-OF-EXAMINATION
3444,2,transcript and report of proceedings cass county board of,TRANSCRIPT-AND-REPORT-OF-PROCEEDINGS-CASS-COUNTY-BOARD-OF
3445,2,cockpit voice recorder factual report of group chairman,Cockpit-Voice-Recorder-12---Factual-Report-of-Group-Chairman
3446,2,ontario report of achievements,2006-ONTARIO-REPORT-OF-ACHIEVEMENTS
3447,2,summary on environmental impact assessment report of,SUMMARY-ON-ENVIRONMENTAL-IMPACT-ASSESSMENT-REPORT-OF
3448,2,luxury beauty snapshot report a trend report on,Luxury-Beauty-Snapshot-Report-2009-A-Trend-Report-on
3449,2,state auditors report on the domestic cannabis eradication,STATE-AUDITORS-REPORT-ON-THE-DOMESTIC-CANNABIS-ERADICATION
3450,2,indian journal of tuberculosis status report on rntcp,Indian-Journal-of-Tuberculosis-151-STATUS-REPORT-ON-RNTCP
3451,2,report on the activities of,REPORT-ON-THE-ACTIVITIES-OF
3452,2,report on talks between indian prime minister (jawaharlal nehru,Report-on-Talks-Between-Indian-Prime-Minister-(Jawaharlal-Nehru
3453,2,international freight shipping company,International-Freight-Shipping-Company
3454,2,combined resume,combined-resume-2008
3455,2,guide to fulvic acid introduction,A-GUIDE-TO-FULVIC-ACID-Introduction
3456,2,justice department will not appeal stolt nielsen decision,Justice-Department-Will-Not-Appeal-Stolt-Nielsen-Decision
3457,2,of form optional application for federal employment,OF-Form-612-OPTIONAL-APPLICATION-FOR-FEDERAL-EMPLOYMENT
3458,2,letter of notification,The-Letter-of-Notification
3459,2,sponsorship letter of solicitation,Sponsorship-Letter-of-Solicitation
3460,2,review of pontoon boat cover part,A-Review-Of-Pontoon-Boat-Cover-PART17
3461,2,official letter of confirmation request,OFFICIAL-LETTER-OF-CONFIRMATION-REQUEST
3462,2,worksheet monthly budget,Worksheet-39-Monthly-Budget
3463,2,new client worksheet,New-Client-Worksheet
3464,2,goal planning worksheet,Goal-Planning-Worksheet
3465,2,catering worksheet excel,Catering-Worksheet-Excel
3466,2,order for default judgment and permanent injunction,ORDER-FOR-DEFAULT-JUDGMENT-AND-PERMANENT-INJUNCTION
3467,2,illinois withholding allowance worksheet,Illinois-Withholding-Allowance-Worksheet
3468,2,board meeting agenda worksheet,BOARD-MEETING-AGENDA-WORKSHEET
3469,2,website content worksheet,Website-Content-Worksheet
3470,2,worksheet answer key,Worksheet-1-Answer-Key
3471,2,filipino worksheet,FILIPINO-WORKSHEET
3472,2,carbon cycle worksheet,Carbon-Cycle-Worksheet
3473,2,accounting worksheet,accounting-worksheet
3474,2,operate sound mixing console worksheet,Operate-sound-mixing-console-worksheet
3475,2,practice summary,Practice-Summary
3476,2,attendee list order form,ATTENDEE-LIST-ORDER-FORM
3477,2,vendor list application form,VENDOR-LIST-APPLICATION-FORM
3478,2,employee termination notice,Employee-Termination-Notice
3479,2,report link building,Sample-Report---Link-Building
3480,2,project report list,Project-Report-List
3481,2,phone extension list,PHONE-EXTENSION-LIST
3482,2,employee letter,Sample-Employee-Letter
3483,2,accommodation letter,Sample-Accommodation-Letter
3484,2,letter for requesting funding,Sample-Letter-for-Requesting-Funding---DOC
3485,2,letter for public officials,Sample-letter-for-public-officials
3486,2,for hec news letter,FOR-HEC-NEWS-LETTER
3487,2,thai government official letter form,Thai-Government-Official-Letter-Form
3488,2,letter carriers,Letter-Carriers
3489,2,letter to a friend,A-Letter-to-a-Friend
3490,2,general consignment letter,General-Consignment-Letter
3491,2,cftc letter no,CFTC-Letter-No-06-19
3492,2,opinion letter,OPINION-LETTER
3493,2,letter from school nurse dear we regret to inform,LETTER-FROM-SCHOOL-NURSE-Dear-We-regret-to-inform
3494,2,invitation letter and scope,invitation-letter-and-scope
3495,2,installment agreement letter,Installment-Agreement-Letter
3496,2,auc letter,AUC-Letter
3497,2,rti manual,RTI-MANUAL-2
3498,2,recruitment invitation to interview letter,Recruitment---Invitation-to-Interview-letter
3499,2,blank english letter,Blank-English-Letter
3500,2,sentencing memorandum of the united states us v mitsubishi corporation,Sentencing-Memorandum-of-the-United-States--US-v-Mitsubishi-Corporation
3501,2,georgia general durable power of attorney,Georgia-General-Durable-Power-of-Attorney
3502,2,indiana quit claim deed,Indiana-Quit-Claim-Deed
3503,2,pennsylvania employee non compete agreement,Pennsylvania-Employee-Non-Compete-Agreement
3504,2,pennsylvania finder's fee agreement,Pennsylvania-Finder's-Fee-Agreement
3505,2,pennsylvania general durable power of attorney,Pennsylvania-General-Durable-Power-of-Attorney
3506,2,pennslyvania search engine optimization (seo) agreement,Pennslyvania-Search-Engine-Optimization-(SEO)-Agreement
3507,2,virginia general durable power of attorney,Virginia-General-Durable-Power-of-Attorney
3508,2,manual prepared in accordance with section of the promotion of,MANUAL-PREPARED-IN-ACCORDANCE-WITH-SECTION-51-OF-THE-PROMOTION-OF
3509,2,treatment plan,Treatment_Plan_Template
3510,2,usda fy annual performance plan introduction,USDA-FY-2004-Annual-Performance-Plan---Introduction
3511,2,usda risk management agency fy performance plan,USDA-Risk-Management-Agency-FY-2001-Performance-Plan
3512,2,usda foreign agricultural service fy performance plan,USDA-Foreign-Agricultural-Service-FY-2001-Performance-Plan
3513,2,usda food and nutrition service fy performance plan,USDA-Food-and-Nutrition-Service-FY-Performance-Plan
3514,2,usda food safety inspection service fy performance plan,USDA-Food-Safety-Inspection-Service-FY-2001-Performance-Plan
3515,2,"usda grain inspection, packers and stockyards administration fy performance plan","USDA-Grain-Inspection,-Packers-and-Stockyards-Administration-FY-2001-Performance-Plan"
3516,2,usda rural development fy annual performance plan,USDA-Rural-Development-FY-2001-Annual-Performance-Plan
3517,2,usda service center modernization initiative fy performance plan,USDA-Service-Center-Modernization-Initiative-FY-2001-Performance-Plan
3518,2,usda fy annual performance plan message for the secretary,USDA-FY-2004-Annual-Performance-Plan---Message-for-the-Secretary
3519,2,usda forest service fy performance plan,USDA-Forest-Service-FY-2001-Performance-Plan
3520,2,usda farm service agnecy fy performance plan,USDA-Farm-Service-Agnecy-FY-200-Performance-Plan
3521,2,usda economic research service fy performance plan,USDA-Economic-Research-Service-FY-2001-Performance-Plan
3522,2,usda natural resources conservation service fy performance plan,USDA-Natural-Resources-Conservation-Service-FY-2001-Performance-Plan
3523,2,usda national agricultural statistics service fy performance plan,USDA-National-Agricultural-Statistics-Service-FY-2001-Performance-Plan
3524,2,usda risk mangement agency fy annual performance report,USDA-Risk-Mangement-Agency-FY-1999-Annual-Performance-Report
3525,2,usda foreign agricultural report fy annual program performace report,USDA-Foreign-Agricultural-Report-FY-1999-Annual-Program-Performace-Report
3526,2,usda rural development fy annual performance report,USDA-Rural-Development-FY-1999-Annual-Performance-Report
3527,2,usda food safety and inspection service fy annual program performance report,USDA-Food-Safety-and-Inspection-Service-FY-1999-Annual-Program-Performance-Report
3528,2,business plan for hair salon,Business-Plan-for-Hair-Salon
3529,2,usda national agricutlural statistics service fy annual program performance report,USDA-National-Agricutlural-Statistics-Service-FY-1999-Annual-Program-Performance-Report
3530,2,usda economic research service fy annual program performance report,USDA-Economic-Research-Service-FY-1999-Annual-Program-Performance-Report
3531,2,dui attorney,DUI-Attorney
3532,2,beginners guide to oolong tea,A_Beginners_Guide_To_Oolong_Tea
3533,2,affidavit of death of joint tenant,Affidavit-of-Death-of-Joint-Tenant
3534,2,ncvrw resource guide maximizing communication and awareness,2006-NCVRW-RESOURCE-GUIDE--2-MAXIMIZING-COMMUNICATION-AND-AWARENESS
3535,2,minutes june,minutes_june_2007
3536,2,car rental excise taxes fhpamonitoringcom,Car-Rental-Excise-Taxes---fhpamonitoringcom
3537,2,dave ramsey budget forms,Dave-Ramsey-Budget-Forms
3538,2,contractor list lee county florida,Contractor-List---Lee-County-Florida
3539,2,ieee power electronics ieee project titles ncct final year projects,IEEE-Power-Electronics-IEEE-Project-Titles_-2009---2010-NCCT-Final-Year-Projects
3540,2,rental verification,RENTAL-VERIFICATION
3541,2,site plan,site-plan
3542,2,driver handbook,DRIVER-HANDBOOK
3543,2,different types of stock,Different-Types-of-Stock
3544,2,administrators guide,ADMINISTRATORS-GUIDE
3545,2,communion quotation,Communion-Quotation
3546,2,letter from pastor sherren,A-Letter-From-Pastor-Sherren
3547,2,employee performance review manager or supervisor addendum,Employee-Performance-Review---Manager-or-Supervisor-Addendum
3548,2,waste evaluation template lean manufacturing,Waste-Evaluation-Template---Lean-Manufacturing
3549,2,quality project plan worksheet,Quality-Project-Plan-Worksheet
3550,2,agreement on agriculture,AGREEMENT-ON-AGRICULTURE
3551,2,application for apartment rental,APPLICATION-FOR-APARTMENT-RENTAL
3552,2,first meeting agenda,Sample-First-Meeting-Agenda
3553,2,instructors solutions manual,Instructors-Solutions-Manual
3554,2,best things that eyelash growth products can offer,The-Best-Things-That-Eyelash-Growth-Products-Can-Offer
3555,2,messagelabs intelligence annual security report,MessageLabs-Intelligence-2008-Annual-Security-Report
3556,2,press release from,PRESS-RELEASE-from
3557,2,mortgage refinancing vancouver recommends their clients the best home loans,Mortgage-Refinancing-Vancouver-recommends-their-clients-the-best-Home-Loans
3558,2,grammar guide,Grammar_Guide
3559,2,deep research report on china solar grade polysilicon industry,2011-2015-Deep-Research-Report-on-China-Solar-Grade-Polysilicon-Industry
3560,2,guide on weight loss lose weight the correct way,A-Guide-On-Weight-Loss---Lose-Weight-The-Correct-Way
3561,2,specimen collection,Specimen-collection
3562,2,acknowledgement cum consent letter,ACKNOWLEDGEMENT-CUM-CONSENT-LETTER
3563,2,sign permit application,SIGN-PERMIT-APPLICATION
3564,2,program course approval handbook,Program-_-Course-Approval-Handbook
3565,2,mortgage application checklist,MORTGAGE-APPLICATION-CHECKLIST
3566,2,method of statement of drainage underground,Method-of-Statement-of-Drainage-Underground
3567,2,attorney lien,ATTORNEY-LIEN
3568,2,independent expenditures federal election commission home pagexls,Independent-Expenditures---Federal-Election-Commission-Home-Pagexls
3569,2,manufacturers business plan backgroundrtf,Manufacturers-business-plan---Backgroundrtf
3570,2,drupal ultimate community site guide,Drupal-6-Ultimate-Community-Site-Guide
3571,2,notice of motion to consolidate blog at wordpresscomdoc,Notice-of-Motion-to-Consolidate---Blog-at-WordPresscomdoc
3572,2,cpa report,CPA-Report
3573,2,agency budget summary,2012-13_Agency_Budget_Summary
3574,2,anti bullying policy,ANTI-BULLYING-POLICY
3575,2,emulator notice,emulator_NOTICE
3576,2,sp report mol bulak final,2009_SP_Report_Mol_Bulak_final
3577,2,of employment certificate,Sample-of-Employment-Certificate
3578,2,personal budget plan bi weekly,Personal-Budget-Plan-Bi-Weekly
3579,2,tma application,TMA_Application_2011
3580,2,allred letter redacted,Allred-Letter-Redacted
3581,2,are these facts about bayliner boat cover true or false part,Are-These-Facts-About-Bayliner-Boat-Cover-True-Or-False-PART2
3582,2,recommendation,Recommendation-Template
3583,2,principle inventory worksheet,Principle-4-Inventory-Worksheet
3584,2,commercial property rental agreement,Commercial-Property-Rental-Agreement
3585,2,rvc letter,RVC-Letter
3586,2,tentative schedule,Tentative-Schedule
3587,2,ccna lab manual,CCNA-LAB-Manual
3588,2,roofit users manual v,RooFit-Users-Manual-v291
3589,2,louisiana sugarcane parish estimate,2004-Louisiana-Sugarcane-Parish-Estimate
3590,2,louisiana sugarcane parish estimate download as pdf,2004-Louisiana-Sugarcane-Parish-Estimate---Download-as-PDF
3591,2,direct debit form,direct_debit_form
3592,2,public health lessons from haccp based inspection models project,Public-Health-Lessons-from-HACCP-Based-Inspection-Models-Project
3593,2,wedding planner contract,sample-wedding-planner-contract-template
3594,2,holiday request form,holiday_request_form
3595,2,image release,Image-Release-2010
3596,2,meeting minutes format (doc),meeting-minutes-format-(DOC)
3597,2,fando report january mansukh investment and trading solution,FandO-Report-03-January-2012-Mansukh-Investment-and-Trading-Solution
3598,2,equity morning note january mansukh investment and trading solution,Equity-Morning-Note-03-January-2012---Mansukh-Investment-and-Trading-Solution
3599,2,summer camp schedule,Summer-Camp-Schedule-2012
3600,2,asia bc e commerce report,Asia-B2C-E-Commerce-Report-2011
3601,2,latin america bc e commerce report,Latin-America-B2C-E-Commerce-Report-2011
3602,2,europe bc e commerce report,Europe-B2C-E-Commerce-Report-2011
3603,2,india bc e commerce report,India-B2C-E-Commerce-Report-2011
3604,2,letter letter of intent for joint venture,Letter-Letter_of_Intent_for_Joint_Venture
3605,2,derivative report january by mansukh investment and trading solution,Derivative-Report-04-January-2012--By--Mansukh-Investment-and-Trading-Solution
3606,2,canada home mortgage rate,Canada-home-mortgage-rate
3607,2,carex shipping,Carex-Shipping
3608,2,absence excuse form,ABSENCE-EXCUSE-FORM
3609,2,income based repayment statement of income,INCOME-BASED-REPAYMENT-STATEMENT-OF-INCOME
3610,2,car loan refinance tips and techniques,Car_Loan_Refinance_Tips_And_Techniques
3611,2,car loan homeowners loan secured personal loan car finance,Car_loan___Homeowners_loan___Secured_personal_loan___Car_finance
3612,2,choose a feasible loan seeking secured loans advice,Choose_A_Feasible_Loan_Seeking_Secured_Loans_Advice
3613,2,property condition disclosure statement,Property-Condition-Disclosure-Statement
3614,2,finance with ease secured homeowner loan uk,Finance_With_Ease_-_Secured_Homeowner_Loan_UK
3615,2,how to apply car loan,How_To_Apply_Car_Loan
3616,2,how to find the right car loan,How-to-Find-The-Right-Car-Loan
3617,2,writing your personal statement,WRITING-YOUR-PERSONAL-STATEMENT
3618,2,odometer disclosure statement,Odometer-Disclosure-Statement
3619,2,statement of no loss,STATEMENT-OF-NO-LOSS
3620,2,statement of interest,Statement-of-Interest
3621,2,statement of internal control,statement-oF-inteRnal-ContRol
3622,2,design statement,Design-Statement
3623,2,statement of exclusivity and availability,Statement-of-exclusivity-and-availability
3624,2,written statement of employment,Written-Statement-of-Employment
3625,2,risk disclosure statement,RISK-DISCLOSURE-STATEMENT
3626,2,sqa plan,SQA-Plan-Template
3627,2,word bos cv ornegi,word-bos-cv-ornegi-1
3628,2,business strategy plan,Business-Strategy-Plan
3629,2,equipment lease checklist,Equipment-Lease-Checklist
3630,2,sales invoice with remittance,Sales-Invoice-with-Remittance
3631,2,time management schedule,Time-Management-Schedule
3632,2,credit line agreement,Credit-Line-Agreement
3633,2,employee stock option agreement,Employee-Stock-Option-Agreement
3634,2,new client form,New-Client-Form
3635,2,authorized seller agreement,Authorized-Seller-Agreement
3636,2,loan worksheet,Loan-Worksheet
3637,2,sign in sheet,Sign-In-Sheet-Template
3638,2,conservation security program csp annual report,Conservation-Security-Program-CSP---2007-Annual-Report
3639,2,grassland reserve program grp annual report,Grassland-Reserve-Program-GRP---2007-Annual-Report
3640,2,wildlife habitat incentives program whip annual report,Wildlife-Habitat-Incentives-Program-WHIP---2007-Annual-Report
3641,2,wetlands reserve program wrp annual report,Wetlands-Reserve-Program-WRP---2007-Annual-Report
3642,2,affidavit of service,AFFIDAVIT-OF-SERVICE
3643,2,empower network setup guide,Empower-Network-Setup-Guide
3644,2,n firmware release note,N2100-Firmware-Release-Note
3645,2,cv book,CV-Book-2009
3646,2,medical information release form,Medical-Information-Release-form
3647,2,virtues alphabet book unit summary,A-Virtues-Alphabet-Book-Unit-Summary
3648,2,initiating application kit,Initiating-Application-kit
3649,2,c complete reference,C-Complete-Reference
3650,2,study abroad application,Study-Abroad-Application
3651,2,ltoi release tables and charts,LtoI-release---tables-and-charts
3652,2,personal services contract,SAMPLE-PERSONAL-SERVICES-CONTRACT
3653,2,exhibitor service manual,EXHIBITOR-SERVICE-MANUAL
3654,2,grievance form,Grievance-Form
3655,2,instructions for completing year comprehensive education plan,Instructions-for-Completing-5-Year-Comprehensive-Education-Plan
3656,2,plan for continuous improvement,Plan-for-Continuous-Improvement
3657,2,google guide secrets for using google in the classroom,Google-Guide-29-Secrets-for-Using-Google-in-the-Classroom
3658,2,abc primetime schedule thru th feb,ABC-Primetime-Schedule-thru-5th-Feb-2012
3659,2,bad credit auto loan refinance how to refinance an auto loan,Bad_Credit_Auto_Loan_Refinance_-_How_To_Refinance_An_Auto_Loan
3660,2,loans are not only for homeowners get tenant loans,Loans_are_Not_Only_for_Homeowners__Get_Tenant_Loans
3661,2,take hassle free finance at instant bad credit tenant loan,Take_Hassle_Free_Finance_at_Instant_Bad_Credit_Tenant_Loan
3662,2,uk guide to secured loans get easy access to secured loans,UK_Guide_To_Secured_Loans_Get_Easy_Access_To_Secured_Loans
3663,2,report to the external review panel,REPORT-TO-THE-EXTERNAL-REVIEW-PANEL
3664,2,salary analysis of cooperative extension service positions table,SALARY-ANALYSIS-OF-COOPERATIVE-EXTENSION-SERVICE-POSITIONS-TABLE-1
3665,2,"fraud prevention through program design %c%ad authorization selection, and limitation","Fraud-Prevention-Through-Program-Design-%25C2%25AD-Authorization-Selection,-and-Limitation"
3666,2,equine west nile virus %c%ad final summary report,2006-Equine-West-Nile-Virus-%25C2%25AD-Final-Summary-Report
3667,2,tier cover,Tier-2-cover
3668,2,doctoral handbook,Doctoral-Handbook
3669,2,website design agreement,Website-Design-Agreement
3670,2,wedding planning worksheet,2011-Wedding-Planning-Worksheet
3671,2,financial statement analysis and security valuation,Financial-Statement-Analysis-and-Security-Valuation
3672,2,developing an effective vision statement,Developing-an-Effective-Vision-Statement
3673,2,marketing plan and analysis,Marketing-Plan-And-Analysis
3674,2,consumers guide to auto insurance,Consumers-Guide-to-Auto-Insurance
3675,2,back cover,Back-cover
3676,2,graphic design request form,GRAPHIC-DESIGN-REQUEST-FORM
3677,2,organization website,Organization-Website-Template
3678,2,parents guide,A-Parents-Guide
3679,2,tranfer request jv,Tranfer_Request_JV_Template
3680,2,request for change,request-for-change
3681,2,secret cash machine on squidoo your complete guide to squidoo domination,The-Secret-Cash-Machine-on-Squidoo---Your-Complete-Guide-to-Squidoo-Domination
3682,2,republican national convention remarks as prepared for delivery by renee amoore,2008-Republican-National-Convention-Remarks-as-Prepared-for-Delivery-by-Renee-Amoore
3683,2,jury duty excuse letter,Jury-Duty-Excuse-Letter
3684,2,job application printable,Job-Application-Printable
3685,2,burger king application,Burger-King-Application
3686,2,job application forms,Job-Application-Forms
3687,2,cla cao cra dissolution report,CLA-_-CAO-CRA-Dissolution-Report-1-10-12
3688,2,social security administration application for a social security card,SOCIAL-SECURITY-ADMINISTRATION-Application-for-a-Social-Security-Card
3689,2,ambulance cover,AMBULANCE-COVER
3690,2,getting a car loan,Getting-a-Car-Loan
3691,2,game proposal,Game-Proposal
3692,2,citizens charter,CITIZENS-CHARTER
3693,2,ccna routers and routing basics v student lab manual,CCNA-2-Routers-and-Routing-Basics-v311-Student-Lab-Manual
3694,2,ccna switching basics and intermediate routing v student lab manual,CCNA-3-Switching-Basics-and-Intermediate-Routing-v31-Student-Lab-Manual
3695,2,ccna wan technologies v student lab manual,CCNA-4-WAN-Technologies-v31-Student-Lab-Manual
3696,2,ccna portable guide,CCNA-Portable-Guide
3697,2,gis steering committee project status report,GIS-Steering-Committee-Project-Status-report
3698,2,firewall failure plan checklist,Firewall-failure-plan-checklist
3699,2,partnership for justice fund directory,Partnership-for-Justice-Fund-Directory--91807
3700,2,letter to credit bureau,Sample-Letter-To-Credit-Bureau
3701,2,guide to hacking with sub,Guide-to-Hacking-with-sub7
3702,2,national society statutory inspection of anglican schools report,National-Society-Statutory-Inspection-of-Anglican-Schools-Report-
3703,2,method report,The_Method_Report_2
3704,2,power of attorney download as,Power-of-Attorney---Download-as-DOC
3705,2,mechanical reference,Mechanical-Reference_02
3706,2,daimler annual report,Daimler-Annual-Report-2008
3707,2,board of directors report,1-BOARD-OF-DIRECTORS-REPORT-2010
3708,2,winter class schedule bulletin,Winter-2010-Class-Schedule-Bulletin
3709,2,aarkstore deep research report on china solar grade polysilicon industry,Aarkstore----2011-2015-Deep-Research-Report-on-China-Solar-Grade-Polysilicon-Industry
3710,2,detailed tender notice,DETAILED-TENDER-NOTICE
3711,2,planning commission staff report,Planning-Commission-Staff-Report-Template
3712,2,final report template dec,Final-Report-Template-22-Dec-03
3713,2,bms report template bpcs,BMS-Report-Template-BPCS
3714,2,achievement report,Achievement-report-template
3715,2,knowledge report,The-Knowledge-Report
3716,2,real trend report walton real estate sales activity,The-REAL-Trend-Report-Walton-Real-Estate-Sales-Activity
3717,2,how loan consolidations are a best friend of ex students,How-Loan-Consolidations-Are-A-Best-Friend-of-Ex-Students
3718,2,report to the legislature floridas used oil recycling program,REPORT-TO-THE-LEGISLATURE-FLORIDAS-USED-OIL-RECYCLING-PROGRAM
3719,2,letter on bounce check,Sample-Letter-on-Bounce-Check
3720,2,renewal letter of job contract when you work in a government,Sample-Renewal-Letter-of-Job-Contract-When-You-Work-in-a-Government
3721,2,certificate completion,Sample-Certificate-Completion
3722,2,mental health therapist cover letter,Sample-Mental-Health-Therapist-Cover-Letter
3723,2,sub contracting proposal letter,Sub-Contracting-Proposal-Letter
3724,2,tax form schedule m,Tax-Form-Schedule-M3
3725,2,loan amortization calculator,Loan-Amortization-Calculator
3726,2,count report,THE-COUNT-REPORT
3727,2,half year report,THE-2009-HALF-YEAR-REPORT
3728,2,validation report for ironport messaging gateway,Validation-Report-for-IronPort-Messaging-Gateway
3729,2,monmouthshire county council road works report for the period,Monmouthshire-County-Council-Road-Works-Report-for-the-period
3730,2,mid year report,Mid-Year-Report-2009
3731,2,quote,Quote-template
3732,2,guide to your online education in law,A-Guide-To-Your-Online-Education-In-Law
3733,2,navle tech report copy,NAVLE-tech-report-2008-09-copy
3734,2,kindergarten report card,Kindergarten-Report-Card
3735,2,adp national employment report shows us employment decreased by,ADP-NATIONAL-EMPLOYMENT-REPORT-SHOWS-US-EMPLOYMENT-DECREASED-BY
3736,2,statement of basis,STATEMENT-OF-BASIS
3737,2,beloit report,Beloit-Report-071009
3738,2,economic report,Economic-Report-2009
3739,2,wrap up report,Wrap-up-Report
3740,2,third quarterly report,Third-Quarterly-Report-2009
3741,2,daily market report by wada,Daily-market-report-by-Wada08172009
3742,2,mlm consultant,MLM-Consultant
3743,2,swan christian college annual report,Swan-Christian-College-2008-Annual-Report
3744,2,influenza in queensland weekly report august,Influenza-in-Queensland-2009-Weekly-Report-17-August-2009
3745,2,daily status report,DAILY-STATUS-REPORT
3746,2,infant daily report,INFANT-DAILY-REPORT
3747,2,midterm report,Midterm-Report
3748,2,audit report format,AUDIT-REPORT-FORMAT
3749,2,cv writing,CV-WRITING
3750,2,trading report,TRADING-REPORT
3751,2,modello report,Modello-report
3752,2,strategic partnership agreement,Strategic-Partnership-Agreement-Template
3753,2,agreement for employment of executive,Agreement-for-Employment-of-Executive
3754,2,agreement for affiliate program,Agreement-for-Affiliate-Program
3755,2,security deposit agreement refund form,Security-Deposit-Agreement-Refund-Form
3756,2,speaker agreement,speaker-agreement
3757,2,pet adoption agreement,PET-ADOPTION-AGREEMENT
3758,2,settlement agreement and mutual release of claims,SETTLEMENT-AGREEMENT-AND-MUTUAL-RELEASE-OF-CLAIMS
3759,2,shoot agreement,shoot-agreement
3760,2,godisnji plan i program,godisnji-plan-i-program
3761,2,land trust agreement,LAND-TRUST-AGREEMENT
3762,2,paypal guide,PayPal-Guide
3763,2,payment agreement,Payment-Agreement
3764,2,medical marijuana collective agreement,Medical-Marijuana-Collective-Agreement
3765,2,aircraft rental agreement,AIRCRAFT-RENTAL-AGREEMENT
3766,2,release agreement,RELEASE-AGREEMENT
3767,2,owner agreement,Owner-Agreement
3768,2,letter of appeal,letter-of-appeal
3769,2,confidential non disclosure agreement,CONFIDENTIAL-NON-DISCLOSURE-AGREEMENT
3770,2,policy manual,Policy-Manual
3771,2,working agreement,WORKING-AGREEMENT
3772,2,salary deferral agreement,SALARY-DEFERRAL-AGREEMENT
3773,2,notice of blanket purchase agreement,Notice-of-Blanket-Purchase-Agreement
3774,2,section iv a time charter agreement,SECTION-IV-A---Time-Charter-Agreement
3775,2,homestay accommodation agreement,Homestay-Accommodation-Agreement
3776,2,non circumvention non disclosure agreement,NON-CIRCUMVENTION-NON-DISCLOSURE-AGREEMENT
3777,2,artist producer agreement,ARTIST-PRODUCER-AGREEMENT
3778,2,payment agreement and,PAYMENT-AGREEMENT-AND
3779,2,non circumvention agreement,NON-CIRCUMVENTION-AGREEMENT
3780,2,financial services agreement,FINANCIAL-SERVICES-AGREEMENT
3781,2,confidentiality and nondisclosure agreement,CONFIDENTIALITY-AND-NONDISCLOSURE-AGREEMENT
3782,2,irrevocable master fee protection agreement august,Irrevocable-Master-Fee-Protection-Agreement-August-2005
3783,2,independent distributor agreement,Independent-Distributor-Agreement
3784,2,pfs infrastructure bond series application form,PFS-Infrastructure-Bond-Series-2-Application-Form
3785,2,household budget,household-budget
3786,2,notice of tax upset sale,NOTICE-OF-TAX-UPSET-SALE
3787,2,quotation or proposal,Sample-Quotation-or-Proposal
3788,2,request for proposal for km software,Sample-Request-for-Proposal-for-Km-Software
3789,2,of a hire purchase contract car,Sample-of-a-Hire-Purchase-Contract-Car
3790,2,phase i environmental site assessment report,Sample-Phase-I-Environmental-Site-Assessment-Report
3791,2,royalty statement,Sample-Royalty-Statement
3792,2,sales proposal of sales and inventory,Sample-Sales-Proposal-of-Sales-and-Inventory
3793,2,study permit letter,Sample-Study-Permit-Letter
3794,2,visa letter rejection,Sample-Visa-Letter-Rejection
3795,2,network business greeting letter,Sample-Network-Business-Greeting-Letter
3796,2,proposal letter in pawn shop system,Sample-Proposal-Letter-in-Pawn-Shop-System
3797,2,termination letter for poor job performance,Sample-Termination-Letter-for-Poor-Job-Performance
3798,2,letter to appeal denial of unemployment benefits,Sample-Letter-to-Appeal-Denial-of-Unemployment-Benefits
3799,2,website marketing strategy plan,Sample-Website-Marketing-Strategy-Plan
3800,2,of resolution letter for budget,Sample-of-Resolution-Letter-for-Budget
3801,2,of technical report in technical writing,Sample-of-Technical-Report-in-Technical-Writing
3802,2,proposal cover letter to participate bidding,Sample-Proposal-Cover-Letter-to-Participate-Bidding
3803,2,letter to phone company refund for phone bill overcharges,Sample-Letter-to-Phone-Company-Refund-for-Phone-Bill-Overcharges
3804,2,audit financier rapport de stage,Audit-Financier-Rapport-De-Stage
3805,2,payment form,Sample-Payment-Form
3806,2,prepare budget proposal excel,Sample-Prepare-Budget-Proposal---Excel
3807,2,permission to conduct,Sample-Permission-to-Conduct-Template
3808,2,avd resume,Avd-Resume
3809,2,awol letter,Awol-Letter-Sample
3810,2,axa employee handbook,Axa-Employee-Handbook
3811,2,axis proposal,Axis-Proposal
3812,2,record label association contract,Sample-Record-Label-Association-Contract
3813,2,aws license,Aws-License
3814,2,automotive parts supplier reference model,Automotive-Parts-Supplier-Reference-Model
3815,2,ayurveda business plan,Ayurveda-Business-Plan---DOC
3816,2,covered bonds and mortgage emeaqxp,Covered-Bonds-and-Mortgage-EMEA09qxp
3817,2,mortgage loan originator,Mortgage-Loan-Originator
3818,2,loan agreement family south africa,Loan-Agreement-Family-South-Africa
3819,2,survey questionnaire for loan,Sample-Survey-Questionnaire-for-Loan
3820,2,mortgage forgiveness debt relief,Mortgage-Forgiveness-Debt-Relief
3821,2,hsbc mutual funds hsbc mortgage fund,HSBC-Mutual-Funds-HSBC-Mortgage-Fund
3822,2,cmhc mortgage schedule,CMHC-MORTGAGE-SCHEDULE
3823,2,awol employee memo,Awol-Employee-Memo
3824,2,operational plan in er,Sample-Operational-Plan-in-Er
3825,2,mba application form,MBA-APPLICATION-FORM
3826,2,award for best certificate,Award-for-Best-Certificate
3827,2,workplace drug policy statement,Sample-Workplace-Drug-Policy-Statement
3828,2,award certificate for runners,Award-Certificate-for-Runners---DOC
3829,2,liferaft hire agreement,Liferaft-Hire-Agreement
3830,2,marrige application form,Marrige-Application-Form
3831,2,liquid waste truck lease agreement,Liquid-Waste-Truck-Lease-Agreement
3832,2,marriage certificate kerala,Marriage-Certificate-Kerala
3833,2,lifetime warranty certificate,Lifetime-Warranty-Certificate-Template
3834,2,liquor store marketing plan,Liquor-Store-Marketing-Plan
3835,2,llc operating agreement ca,Llc-Operating-Agreement-Ca-Template
3836,2,marriage proposal bio data,Marriage-Proposal-Bio-Data
3837,2,lista produselor certificate,Lista-Produselor-Certificate
3838,2,marketing services coordinator resume,Marketing-Services-Coordinator-Resume
3839,2,llc lease,Llc-Lease
3840,2,llc operating agreement aircraft,Llc-Operating-Agreement-Aircraft
3841,2,master sanitation schedule chemical company,Master-Sanitation-Schedule-Chemical-Company
3842,2,limited liability partnership agreement singapore,Limited-Liability-Partnership-Agreement-Singapore
3843,2,llc operating agreement california dual class,Llc-Operating-Agreement-California-Dual-Class
3844,2,marraige certificate south africa,Marraige-Certificate-South-Africa
3845,2,loan calculators,Loan-Calculators
3846,2,depreciation worksheet,Depreciation-Worksheet---DOC
3847,2,choosing an insurance policy for hawaii,Choosing-an-insurance-policy-for-Hawaii
3848,2,motive power technician program opens door to further study or rewarding career,Motive-Power-Technician-Program-Opens-Door-to-Further-Study-or-Rewarding-Career
3849,2,volunteer contract,Sample-Volunteer-Contract
3850,2,contract for sale and purchase of real estate,CONTRACT-FOR-SALE-AND-PURCHASE-OF-REAL-ESTATE
3851,2,expression of interest for annual maintenance contract,EXPRESSION-OF-INTEREST-FOR-ANNUAL-MAINTENANCE-CONTRACT
3852,2,sponsorship advertising contract,Sponsorship-Advertising-Contract
3853,2,my success contract,MY-SUCCESS-CONTRACT
3854,2,science lab safety contract,Science-Lab-Safety-Contract
3855,2,advertising display contract,Advertising-Display-Contract
3856,2,ad contract,ad-contract-0910
3857,2,new construction contract,NEW-CONSTRUCTION-CONTRACT
3858,2,dog walking service contract,Dog-Walking-Service-Contract
3859,2,dealer contract,Dealer-Contract
3860,2,motion to approve ceres contract,Motion-to-Approve-Ceres-Contract
3861,2,contract forms,Contract-Forms
3862,2,federal supply service authorized federal supply schedule price,FEDERAL-SUPPLY-SERVICE-AUTHORIZED-FEDERAL-SUPPLY-SCHEDULE-PRICE
3863,2,group tour contract,2007-GROUP-TOUR-CONTRACT
3864,2,dj services contract,DJ-Services-Contract
3865,2,rate contract,Rate-Contract
3866,2,consumer credit disclosure motor vehicle retail installment contract,CONSUMER-CREDIT-DISCLOSURE---MOTOR-VEHICLE-RETAIL-INSTALLMENT-CONTRACT
3867,2,wedding cake contract,Wedding-Cake-Contract
3868,2,freelance contract,Freelance-Contract
3869,2,european contract law,European-Contract-Law
3870,2,website renewal contract,Website-Renewal-Contract
3871,2,learner contract,Learner-Contract
3872,2,service contract contract notice de,Service-contract---Contract-notice---228147-2009---DE
3873,2,supply contract contract notice sk,Supply-contract---Contract-notice---216497-2009---SK
3874,2,speaker contract,SPEAKER-CONTRACT
3875,2,ifrs inr press release,Ifrs-Inr-Press-Release---INFOSYS-TECHNOLOGIES---1-17-2012
3876,2,steps to creating your internet marketing plan,10_Steps_to_Creating_Your_Internet_Marketing_Plan
3877,2,sso field manual,sso-field-manual
3878,2,notice of meeting of the board of directors,NOTICE-OF-MEETING-OF-THE-BOARD-OF-DIRECTORS
3879,2,distributor agreement non exclusive,Distributor-Agreement_-Non-Exclusive
3880,2,past due first notice,Past-Due_-first-notice
3881,2,sales rep agreement,Sales-Rep-Agreement
3882,2,re tender notice,RE---TENDER-NOTICE
3883,2,prospectus nordic american tanker shipping,Prospectus-NORDIC-AMERICAN-TANKER-SHIPPING---1-18-2012
3884,2,m infrastructure project plan schedule,M102-infrastructure-project-plan-schedule-template
3885,2,thirty () day notice to vacate,THIRTY-(30)-DAY-NOTICE-TO-VACATE
3886,2,notice of voluntary dismissal pursuant to fed r civ,NOTICE-OF-VOLUNTARY-DISMISSAL-PURSUANT-TO-FED-R-CIV
3887,2,primary election notice,PRIMARY-ELECTION-NOTICE
3888,2,notice of bad check,NOTICE-OF-BAD-CHECK
3889,2,best selling home plan,Best-Selling-Home-Plan
3890,2,new york city fire department citywide job vacancy notice,NEW-YORK-CITY-FIRE-DEPARTMENT-CITYWIDE-JOB-VACANCY-NOTICE
3891,2,notice and agenda of commission meeting,Notice-and-Agenda-of-Commission-Meeting
3892,2,google backlinks this is by far the most comprehesive report and program,Google-Backlinks-This-is-by-far-the-most-comprehesive-report-and-program
3893,2,three day notice to pay rent or give possession,THREE-DAY-NOTICE-TO-PAY-RENT-OR-GIVE-POSSESSION
3894,2,babysitter liability form,Babysitter-Liability-Form
3895,2,medical referral form,Medical-Referral-Form-Template
3896,2,medicare enrolment information application,Medicare-Enrolment-Information-Application
3897,2,backdated affidavit,Backdated-Affidavit
3898,2,auction site proposal,Auction-Site-Proposal
3899,2,background reference for employee pdf,Background-Reference-for-Employee---PDF
3900,2,memorandum in support of motion to dismiss securities fraud claim,Memorandum-in-Support-of-Motion-to-Dismiss-Securities-Fraud-Claim
3901,2,memorandum of advice australia,Memorandum-of-Advice-Australia
3902,2,mining coal broker fee agreement,Mining-Coal-Broker-Fee-Agreement
3903,2,audit bank syariah,Audit-Bank-Syariah
3904,2,memorandum of product flow recommendation,Memorandum-of-Product-Flow-Recommendation
3905,2,audit comptable financier,Audit-Comptable-Financier
3906,2,missile defense agency purchase contract,Missile-Defense-Agency-Purchase-Contract
3907,2,student information proposal,Student-Information-Proposal
3908,2,study case,Study-Case-Template
3909,2,rolling employment contract,Rolling-Employment-Contract---DOC
3910,2,memorandum for employees,Memorandum-for-Employees
3911,2,audio transmitter sample lab report,Audio-Transmitter-Sample-Lab-Report
3912,2,memorandum of agreement of purchase and sale,Memorandum-of-Agreement-of-Purchase-and-Sale
3913,2,audit budget and timeline,Audit-Budget-and-Timeline
3914,2,mining option agreement,Mining-Option-Agreement
3915,2,attorney general request to transfer,Attorney-General-Request-to-Transfer
3916,2,backflow prevention form,Backflow-Prevention-Form
3917,2,backup and disaster recovery recommendations report,Backup-and-Disaster-Recovery-Recommendations-Report
3918,2,basic rental agreement or residential lease,BASIC-RENTAL-AGREEMENT-OR-RESIDENTIAL-LEASE
3919,2,backup recovery plan strategy,Backup-Recovery-Plan-Strategy
3920,2,alabamas premier casino rental company,ALABAMAS-PREMIER-CASINO-RENTAL-COMPANY
3921,2,memorandum of understanding between companies,Sample-Memorandum-of-Understanding-Between-Companies
3922,2,backflow prevention device inspection form,Backflow-Prevention-Device-Inspection-Form
3923,2,of audited financial statement,Sample-of-Audited-Financial-Statement
3924,2,of certificate of toefl pdf,Sample-of-Certificate-of-Toefl-Pdf
3925,2,yard for lease,Yard-For-Lease
3926,2,michigan blank crime report forms,Michigan-Blank-Crime-Report-Forms
3927,2,office condos for sale or lease,Office-Condos-for-Sale-or-Lease
3928,2,equity and portfolio management,Equity-and-Portfolio-Management
3929,2,attorney gmail com,Attorney-Gmail-Com
3930,2,attorneys letter refusing offer,Attorneys-Letter-Refusing-Offer
3931,2,mobile abattoir business proposal,Mobile-Abattoir-Business-Proposal
3932,2,master lease agreement,MASTER-LEASE-AGREEMENT
3933,2,milk marketing plan,Sample-Milk-Marketing-Plan
3934,2,memorandum in opposition to motion for summary judgment,Memorandum-in-Opposition-to-Motion-for-Summary-Judgment
3935,2,of bank account confirmation letter,Sample-of-Bank-Account-Confirmation-Letter
3936,2,missouri financial disclosure affidavit,Missouri-Financial-Disclosure-Affidavit
3937,2,of certificate for academic excellence,Sample-of-Certificate-for-Academic-Excellence
3938,2,audit employee induction programme,Audit-Employee-Induction-Programme
3939,2,mhra wdl certificate,Mhra-Wdl-Certificate
3940,2,room rental application,Room-Rental-Application-Template
3941,2,microloan,Microloan-Template
3942,2,of consent letter for minors to work,Sample-of-Consent-Letter-for-Minors-to-Work
3943,2,sales agreement for purchase of an rv,Sales-Agreement-for-Purchase-of-an-Rv
3944,2,sales person timesheet,Sales-Person-Timesheet-Template
3945,2,student loan from national bank,Student-Loan-from-National-Bank
3946,2,subcontractor visit site,Subcontractor-Visit-Site
3947,2,audit program on special economic zone,Audit-Program-on-Special-Economic-Zone
3948,2,audit recommendations to hr follow up report,Audit-Recommendations-to-Hr-Follow-Up-Report
3949,2,swimming pool remodeling contract,Swimming-Pool-Remodeling-Contract
3950,2,audit services engagement letter,Audit-Services-Engagement-Letter-Sample
3951,2,swimming pool compliance certificate,Swimming-Pool-Compliance-Certificate
3952,2,audit laporan investasi dana pensiun,Audit-Laporan-Investasi-Dana-Pensiun
3953,2,superintendent recommendation form,Superintendent-Recommendation-Form
3954,2,supplier certificate,Supplier-Certificate
3955,2,audit financiar contabil,Audit-Financiar-Contabil
3956,2,surat penawaran harga,Surat-Penawaran-Harga-Template
3957,2,management agreement for dentist,Management-Agreement-for-Dentist
3958,2,audit process flow chart,Audit-Process-Flow-Chart
3959,2,authority letter for proof of billing address,Authority-Letter-for-Proof-of-Billing-Address
3960,2,authorization for relase of medical records,Authorization-for-Relase-of-Medical-Records
3961,2,authorization form to repair,Authorization-Form-to-Repair
3962,2,authorization letter to collect belonging at bank,Authorization-Letter-to-Collect-Belonging-at-Bank
3963,2,residency affidavit,Residency-Affidavit
3964,2,affidavit of support,Affidavit-of-Support
3965,2,audit financiers,Audit-Financiers
3966,2,t shirt inventory management spreadsheet,T-Shirt-Inventory-Management-Spreadsheet
3967,2,management consulting proposition,Management-Consulting-Proposition
3968,2,australian stock exchange automated trading system,Australian-Stock-Exchange-Automated-Trading-System
3969,2,los angeles bankruptcy universal data form,Los-Angeles-Bankruptcy-Universal-Data-Form
3970,2,authorisation letter to banks,Authorisation-Letter-to-Banks
3971,2,survival certificate,Survival-Certificate
3972,2,authorization letter to renew license,Authorization-Letter-to-Renew-License
3973,2,authorization letter to renew national bureau if investigation,Authorization-Letter-to-Renew-National-Bureau-If-Investigation---DOC
3974,2,swiss account statement balance,Swiss-Account-Statement-Balance---DOC
3975,2,australia letter of intent to hire it,Australia-Letter-of-Intent-to-Hire-It---DOC
3976,2,surat proposal kerjasama dengan bank,Surat-Proposal-Kerjasama-Dengan-Bank
3977,2,surety bond certificate excel,Surety-Bond-Certificate---Excel
3978,2,authorization letter from export company to import company,Authorization-Letter-from-Export-Company-to-Import-Company
3979,2,authorization letter to activate a dormant account,Authorization-Letter-to-Activate-a-Dormant-Account
3980,2,tapout affiliate agreement,Tapout-Affiliate-Agreement
3981,2,suplier application forms,Suplier-Application-Forms
3982,2,tax no form,Tax-16-No-Form
3983,2,machine loaner agreement,Machine-Loaner-Agreement
3984,2,loan salary advance application form,Loan-Salary-Advance-Application-Form
3985,2,australian deed of gift,Australian-Deed-of-Gift
3986,2,make up certificate,Make-Up-Certificate-Template
3987,2,authorization for signer of llc,Authorization-for-Signer-of-Llc
3988,2,authorization letter from landlord to tenant,Authorization-Letter-from-Landlord-to-Tenant
3989,2,fcra notice of non selection because of a background check,FCRA-Notice-of-Non-Selection-Because-of-a-Background-Check
3990,2,authorisation letter to pre bid on behalf of company,Authorisation-Letter-to-Pre-Bid-on-Behalf-of-Company
3991,2,authority to disclose personal information declaration,Authority-to-Disclose-Personal-Information-Declaration
3992,2,authorization forms new york,Authorization-Forms-New-York
3993,2,presenters guide,Presenters-Guide
3994,2,auto estimate forms,Auto-Estimate-Forms
3995,2,agreement for professional services between,AGREEMENT-FOR-PROFESSIONAL-SERVICES-BETWEEN-
3996,2,authorization to represent company,Authorization-to-Represent-Company
3997,2,authorization sample letter,Authorization-Sample-Letter
3998,2,authorization sample letter to renew nbi,Authorization-Sample-Letter-to-Renew-Nbi
3999,2,tasc order form templatexls,Tasc-Order-Form-TemplateXls
4000,2,auto damage estimate form,Auto-Damage-Estimate-Form
4001,2,authorization to relase information form,Authorization-to-Relase-Information-Form
4002,2,management consultant contract,Management-Consultant-Contract
4003,2,load calculation spreadsheet,Load-Calculation-Spreadsheet
4004,2,jw player quick start guide,JW-Player-Quick-Start-Guide
4005,2,choda minutes,ChoDA-Minutes-91211
4006,2,global and china refractory material industry report,Global-and-China-Refractory-Material-Industry-Report_-2009-2010
4007,2,simple letter agreement for the transfer of materials,Simple-Letter-Agreement-for-the-Transfer-of-Materials
4008,2,of cv,Sample-Of-Cv
4009,2,virus prevention checklist,Virus-prevention-checklist
4010,2,weekly work schedule,Weekly-Work-Schedule-template
4011,2,start up business plan,start-up_business_plan
4012,2,weekly commodity report,weekly-commodity-report
4013,2,practice plan,The-Practice-Plan-Template
4014,2,template epc agreement,Template-Epc-Agreement
4015,2,template e commerce fulfilment,Template-E-Commerce-Fulfilment
4016,2,autocad drafter resume,Autocad-Drafter-Resume
4017,2,autocallable twin win certificate on dj eurostoxx,Autocallable-Twin-Win-Certificate-on-Dj-Eurostoxx
4018,2,template letter to council refusing housing,Template-Letter-to-Council-Refusing-Housing
4019,2,tenant lease addendum form,Tenant-Lease-Addendum-Form
4020,2,telecommunications dd contract,Telecommunications-D2D-Contract
4021,2,telephone sales enquiry,Telephone-Sales-Enquiry-Template
4022,2,authorization to collect information on behalf of another person,Authorization-to-Collect-Information-on-Behalf-of-Another-Person
4023,2,temporary iso certificate,Temporary-Iso-Certificate
4024,2,textile manual handling,textile_manual_handling
4025,2,oregon tax refund,Oregon-Tax-Refund
4026,2,terms and conditions on invoice,Terms-and-Conditions-on-Invoice
4027,2,telecommunications equipment reseller labor agreement,Telecommunications-Equipment-Reseller-Labor-Agreement
4028,2,tdsb application for permit,Tdsb-Application-for-Permit
4029,2,automobil strategic audit,Automobil-Strategic-Audit
4030,2,newspaper association of america paid online content executive summary and business model,Newspaper-Association-of-America-Paid-Online-Content-Executive-Summary-and-Business-Model
4031,2,technology handover,Technology-Handover-Template
4032,2,template for registration of buyer,Template-for-Registration-of-Buyer
4033,2,automated ach debit authorization,Automated-Ach-Debit-Authorization
4034,2,terms and conditions template mobile app,Terms-and-Conditions-Template-Mobile-App
4035,2,teaching application letter for re employment,Teaching-Application-Letter-for-Re-Employment
4036,2,template for handover,Template-for-Handover
4037,2,template for missing persons report,Template-for-Missing-Persons-Report
4038,2,taxi trip sheet,Taxi-Trip-Sheet-Template
4039,2,term revision worksheet,Term-2-Revision-Worksheet-2---DOC
4040,2,terms and conditions template joinery,Terms-and-Conditions-Template-Joinery
4041,2,tefl worksheet,Tefl-Worksheet-20---DOC
4042,2,template extractor,Template-Extractor
4043,2,template examples film industry disclaimer,Template-Examples-Film-Industry-Disclaimer
4044,2,template surat lamaran kerja,Template-Surat-Lamaran-Kerja
4045,2,letter of proposal,Letter-of-Proposal
4046,2,request for leave,Request-for-Leave
4047,2,hot work permit,Hot-Work-Permit
4048,2,china nitrogenous fertilizer market report,China-Nitrogenous-Fertilizer-Market-Report
4049,2,metatrader manual,MetaTrader-Manual
4050,2,independent contractor form,Independent-Contractor-Form
4051,2,certificate templates year certificate,certificate-templates-20-Year-Certificate
4052,2,share certificate,Share-Certificate-Template-1
4053,2,st louis personal injury attorney,St-Louis-Personal-Injury-Attorney
4054,2,car wash business plan,Car-Wash-Business-Plan
4055,2,coffee shop business plan,Coffee-Shop-Business-Plan
4056,2,self storage business plan,Self-Storage-Business-Plan-Template
4057,2,pr agencies and social media tips to power social brand building,PR-Agencies-and-Social-Media-4-Tips-to-Power-Social-Brand-Building
4058,2,general guide to buying office furniture for the home office,A-General-Guide-To-Buying-Office-Furniture-For-The-Home-Office
4059,2,bonus report,Bonus-Report
4060,2,letter to charity,Letter_to_Charity
4061,2,investor guide to iraq,Investor-Guide-to-Iraq
4062,2,infrastructure security partnership tisp,The-Infrastructure-Security-Partnership-_TISP_
4063,2,communication strategy and plan,COMMUNICATION-STRATEGY-AND-PLAN
4064,2,declaration of sentiments,The-Declaration-of-Sentiments
4065,2,work order request,Work-Order-Request
4066,2,je exam notice,JE_Exam_2012-notice
4067,2,guide to,Guide-to
4068,2,cross reference list tax parcels owner name order,Cross-Reference-List-Tax-Parcels-----Owner-Name-Order
4069,2,sos annual report,SOS-Annual-Report-2009
4070,2,budget forms,budget------forms
4071,2,blank form,blank-form
4072,2,mou,MOU-template
4073,2,online application,Online-Application
4074,2,your guide to lowering your blood pressure with dash,Your-Guide-to-Lowering-Your-Blood-Pressure-with-DASH
4075,2,home mortgage calculator,Home-Mortgage-Calculator
4076,2,product description,Product-Description-Template
4077,2,apparel design and merchandising agreement,Apparel-Design-and-Merchandising-Agreement
4078,2,relocation checklist,Relocation-Checklist
4079,2,university of birmingham news release,university_of_birmingham_news_release
4080,2,wireless site survey template ver,Wireless-Site-Survey-Template-ver-43
4081,2,membership benefits handbook aarp,Membership-Benefits-Handbook---AARP
4082,2,marketing plan handbook,THE-MARKETING-PLAN-HANDBOOK
4083,2,mitsubishi sigma service repair manual compatibility fact sheet,Mitsubishi-Sigma-Service-Repair-Manual-Compatibility-Fact-Sheet-1990
4084,2,nissan z service repair manual compatibility fact sheet,Nissan-370Z-Service-Repair-Manual-Compatibility-Fact-Sheet-2009_-2010
4085,2,nissan nx service repair manual compatibility fact sheet,Nissan-NX-Service-Repair-Manual-Compatibility-Fact-Sheet-1991-1992-1993
4086,2,lexus rx h service repair manual compatibility fact sheet,Lexus-RX-400h-Service-Repair-Manual-Compatibility-Fact-Sheet-2006_-2007_-2008
4087,2,nike buba biznis plan,Nike-buba---biznis-plan
4088,2,informal agenda,INFORMAL-AGENDA
4089,2,sigmma biznis plan,Sigmma---biznis-plan
4090,2,internship application letter,Internship-Application-Letter
4091,2,whiskey in emerging markets to market guide,Whiskey-in-Emerging-Markets-to-2015-Market-Guide
4092,2,quality back links will give benefits to any website,Quality-Back-links-Will-Give-Benefits-To-Any-Website
4093,2,write the first letter to your future bride,Write-The-First-Letter-To-Your-Future-Bride
4094,2,affidavit in support of motion for summary judgment,AFFIDAVIT-IN-SUPPORT-OF-MOTION-FOR-SUMMARY-JUDGMENT2
4095,2,f&o report febuary mansukh investment and trading solution,F&O-Report-03-Febuary-2012-Mansukh-Investment-and-Trading-Solution
4096,2,development budget worksheet,Development-Budget-Worksheet
4097,2,loan comparison worksheet,Loan_Comparison_Worksheet
4098,2,be a sharecash king guide,Be-a-Sharecash-King-Guide-1
4099,2,thermal power plant,Thermal_Power_Plant_27
4100,2,mortgage leads the approach to more sales,Mortgage_Leads__The_Approach_to_More_Sales
4101,2,agreement contract,Sample-Agreement-Contract
4102,2,freelance writing opportunities,freelance-writing-opportunities-03
4103,2,rental car coupon codes,rental-car-coupon-codes-10
4104,2,business invoice format blue,Business-Invoice-Format--Blue-2
4105,2,pet sitting invoice,Pet-Sitting-Invoice-Sample
4106,2,your policy summary features of aib car insurance policy features,Your-Policy-Summary-Features-of-AIB-Car-Insurance-Policy-Features
4107,2,spreadsheet management,Spreadsheet-Management
4108,2,power and politics in project management,Power-and-Politics-in-Project-Management
4109,2,agenda enclosure,Agenda-Enclosure-5
4110,2,social and living skills checklist,SOCIAL-AND-LIVING-SKILLS-CHECKLIST
4111,2,for immediate release %ef%bf%bd lawton ok july,For-Immediate-Release-%EF%BF%BD-Lawton-OK-July-21-2006
4112,2,custom software development agreement,Custom-Software-Development-Agreement
4113,2,re clearing agent authorization letter,Re-CLEARING-AGENT-AUTHORIZATION-LETTER---DOC
4114,2,treasury stock,Treasury_stock
4115,2,generex biotechnology corp form d,GENEREX-BIOTECHNOLOGY-CORP-Form-D---2-7-2012
4116,2,windows server active directory guide,Windows-Server-2008-Active-Directory-Guide
4117,2,academy of model aeronautics membership manual,ACADEMY-OF-MODEL-AERONAUTICS-MEMBERSHIP-MANUAL
4118,2,application for postgraduate studentship,application-for-postgraduate-studentship-2010-2
4119,2,checklist a,CHECKLIST-A
4120,2,mark product guide,mark_product_guide
4121,2,hospital release forms,Sample-Hospital-Release-Forms
4122,2,tips on applying for a second mortgage,9_Tips_on_Applying_for_a_Second_Mortgage
4123,2,c %ef%bf%bd general checklist ala policy on meaurement traceability,C105-%EF%BF%BD-GENERAL-CHECKLIST-A2LA-POLICY-ON-MEAUREMENT-TRACEABILITY
4124,2,spanish thank you letter to contact,Spanish-Thank-You-Letter-to-Contact-doc
4125,2,thank you letter to contact,Thank-You-Letter-to-Contact.doc
4126,2,report of the public safety committee,REPORT-OF-THE-PUBLIC-SAFETY-COMMITTEE
4127,2,camp counselor application,Camp-Counselor-Application-2011
4128,2,audit your current brand,20_Audit_Your_Current_Brand
4129,2,site visit letter,Sample-Site-Visit-Letter
4130,2,twitter handbook for teachers,Twitter-Handbook-for-Teachers
4131,2,by letter dated june,By-letter-dated-June-16
4132,2,spain petrochemicals report q,Spain-Petrochemicals-Report-Q1-2012
4133,2,first time homebuyer dallas mortgage faq part,First-Time-Homebuyer-Dallas-Mortgage-FAQ---Part-2
4134,2,address proof letter for employee,ADDRESS-PROOF-LETTER-FOR-EMPLOYEE
4135,2,demand elasticity,DEMAND-ELASTICITY
4136,2,form %ef%bf%bdgeneral information,Form-201%EF%BF%BDGeneral-Information
4137,2,trading partner agreement,Trading-Partner-Agreement
4138,2,aggregate supply and aggregate demand,Aggregate-Supply-and-Aggregate-Demand
4139,2,letter of credit no,Letter-of-Credit-No
4140,2,minutes of agenda meeting,MINUTES-OF-AGENDA-MEETING
4141,2,business letter format suggested,business-letter-format-suggested
4142,2,bae systems australia defense company profile and swot report,BAE-Systems-Australia-Defense-Company-Profile-and-SWOT-Report
4143,2,advanced electronics company defense company profile and swot report,Advanced-Electronics-Company-Defense-Company-Profile-and-SWOT-Report
4144,2,santa clara county commissary permit,Santa-Clara-County-Commissary-Permit
4145,2,practice checklists share purchase procedure,Practice-Checklists-Share-Purchase-Procedure
4146,2,missed appt letter,Missed-Appt-Letter
4147,2,diffusion and osmosis worksheet,Diffusion-and-Osmosis-Worksheet
4148,2,common stock market ppt mba finance,The-Common-Stock-Market-PPT-_-MBA-FINANCE
4149,2,template for headed paper,Template-for-headed-paper---DOC
4150,2,benefits of php application development,Benefits-of-PHP-Application-Development
4151,2,installshield release notes,InstallShield-2010-Release-Notes
4152,2,affidavit of undertaking,AFFIDAVIT-OF-UNDERTAKING
4153,2,gattaca worksheet,GATTACA-Worksheet-1
4154,2,contoh proposal ptk,CONTOH-PROPOSAL-PTK
4155,2,application for certificate of free sale or export certificate for,Application-for-certificate-of-free-sale-or-export-certificate-for
4156,2,letter of intent draft,Letter-of-Intent-Draft
4157,2,southern california academy of sciences session schedule,Southern-California-Academy-of-Sciences-2010-Session-Schedule
4158,2,how to build a website in minutes,How-to-Build-a-Website-in-5-Minutes
4159,2,work permit,Work-Permit
4160,2,audit working papers,audit-working-papers---DOC
4161,2,contractor safety,Contractor-Safety
4162,2,business plan final,Business-Plan-Final211208
4163,2,contoh proposal pkm,Contoh-Proposal-PKM
4164,2,cv without contact id,CV-without-contact-ID009908
4165,2,letter of reprimand,Sample-Letter-Of-Reprimand
4166,2,materi proposal,MATERI-PROPOSAL
4167,2,godisnji plan i program za,godisnji-plan-i-program-za-2010-2011
4168,2,storyboard template for multimedia product development,Storyboard-Template-for-Multimedia-Product-Development---DOC
4169,2,request for sponsorship,REQUEST-FOR-SPONSORSHIP
4170,2,certificate of free sale,CERTIFICATE-OF-FREE-SALE
4171,2,formostar body wrap release form,FORMOSTAR-BODY-WRAP-RELEASE-FORM
4172,2,sessions with on demand webcasts,2010-2011-Sessions-with-On-Demand-Webcasts
4173,2,completion of the examination entry form %ef%bf%bd guidance notes,Completion-of-the-Examination-Entry-Form-%EF%BF%BD-Guidance-Notes
4174,2,writing a resume,WRITING-A-RESUME
4175,2,troop goal setting worksheet,Troop-Goal-Setting-Worksheet
4176,2,isf form,102-ISF-FORM
4177,2,business consultant,Business-consultant
4178,2,address book,Address-book-template-1
4179,2,advertising booking form mv,Advertising-Booking-Form-MV
4180,2,ap request for payment form,AP-Request-for-Payment-Form
4181,2,blank order form excel,Blank_Order_Form_Excel
4182,2,bonspiel hst blank expense report,Bonspiel_2010_HST_Blank_Expense_Report
4183,2,budget format,Budget-Format
4184,2,bid contract service supply,Bid-Contract-Service-_-Supply
4185,2,board of directors meeting minutes,BOARD-OF-DIRECTORS-MEETING-MINUTES
4186,2,cv complet,CV-COMPLET
4187,2,recreation guide,Recreation-Guide
4188,2,field manual,Field-Manual
4189,2,lins money making guide lin%e%%a,Lins-Money-Making-Guide---Lin%E2%84%A2
4190,2,gift receipt form excel,Gift-Receipt-Form-Excel
4191,2,resolve unlimit paypal guide,Resolve-_-Unlimit-PayPal-Guide
4192,2,irb meeting schedule,IRB-2012-meeting-schedule
4193,2,audit plc,Audit-Plc-template
4194,2,secretary of state certificate of amendment,Secretary-Of-State-Certificate-Of-Amendment---LANTRONIX-INC---2-14-2012
4195,2,annual report of activities,Annual-Report-of-Activities
4196,2,customs trade partnership against terrorism (c tpat),Customs-Trade-Partnership-Against-Terrorism-(C-TPAT)
4197,2,entry summary query,Entry-Summary-Query
4198,2,agreement between the kingdom of saudi arabia and,AGREEMENT-BETWEEN-THE-KINGDOM-OF-SAUDI-ARABIA-AND-
4199,2,consent to drug and alcohol testing,Consent-to-Drug-and-Alcohol-Testing
4200,2,vendor matrix,Vendor_Matrix
4201,2,seminar schedule,Seminar-schedule
4202,2,bank account closer letter,Bank-Account-Closer-Letter
4203,2,iceland tonne kilometre monitoring plan,Iceland_Tonne_Kilometre_Monitoring_Plan
4204,2,foreign relations committee report,Foreign-Relations-Committee-Report
4205,2,staff report resolution,Staff-Report---Resolution-341
4206,2,cover memo,Cover-Memo
4207,2,staff report resolution hii,Staff-Report---Resolution-HII-194
4208,2,publicity report,PUBLICITY-REPORT
4209,2,notice to vendors,Notice-to-vendors
4210,2,application lifecycle,The-Application-Lifecycle
4211,2,job requisition form,JOB-REQUISITION-FORM---DOC
4212,2,collection spare parts accessories engraving,COLLECTION-SPARE-PARTS-ACCESSORIES-ENGRAVING-2010
4213,2,jump manual best jacob hiller jump manual review,The-Jump-Manual---Best-Jacob-Hiller-Jump-Manual-Review
4214,2,derivatives report feb,Derivatives-Report-16-Feb-2012
4215,2,how a criminal attorney will help,How-A-Criminal-Attorney-Will-Help
4216,2,seo audit,SEO-Audit-Example
4217,2,application form haj,Application-Form-Haj-2
4218,2,application form haj bank copy,Application-Form-Haj-5-Bank-Copy
4219,2,configure receipt printer demo,CONFIGURE-RECEIPT-PRINTER_demo
4220,2,credit and security agreement,Credit-And-Security-Agreement---QUEST-DIAGNOSTICS-INC---2-16-2012
4221,2,dock receipt,DOCK-RECEIPT
4222,2,scarlet letter project,The-Scarlet-Letter-Project---DOC
4223,2,resignation letter with notice period,Resignation-Letter-with-notice-period
4224,2,facebook power ventures order,Facebook-Power-Ventures-Order
4225,2,invoice packing list,Invoice_Packing_List
4226,2,law of contract,Law-of-Contract
4227,2,rejection letter to interviewed applicants,REJECTION-LETTER-TO-INTERVIEWED-APPLICANTS---DOC
4228,2,holiday request letter,Holiday-Request-Letter
4229,2,photovideo release form,PHOTOVIDEO-RELEASE-FORM
4230,2,letter of apology,letter-of-apology
4231,2,certificate of correction of tax roll,CERTIFICATE-OF-CORRECTION-OF-TAX-ROLL
4232,2,non circumvention non disclosure and working agreement,Non-Circumvention-Non-Disclosure-and-Working-Agreement
4233,2,managers handbook,Managers-Handbook
4234,2,letter of offer teaching assistant,sample-letter-of-offer-teaching-assistant
4235,2,school improvement plan,SCHOOL-IMPROVEMENT-PLAN
4236,2,all hail the power,All-Hail-the-Power
4237,2,order of service,Order-of-Service-081510
4238,2,circular,Circular-Template
4239,2,manual for leather accessorie and leather goods,MANUAL-FOR-LEATHER-ACCESSORIE-AND-LEATHER-GOODS
4240,2,wedding invitation,Wedding-Invitation-Template
4241,2,age proof medical certificate,Age-Proof-Medical-Certificate
4242,2,commercial driver license,4506-Commercial-Driver-License
4243,2,imc plan,IMC-plan
4244,2,confidential disclosure agreement,CONFIDENTIAL-DISCLOSURE-AGREEMENT
4245,2,auto accident attorney,Auto-Accident-Attorney
4246,2,application for undergraduate admission,APPLICATION-FOR-UNDERGRADUATE-ADMISSION
4247,2,use a simple business plan to organize your online business,Use-A-Simple-Business-Plan-To-Organize-Your-Online-Business
4248,2,leave request,Leave-Request
4249,2,daily stock traders guide,Daily-Stock-Traders-Guide-15122011
4250,2,methodology and method for estimation of carbon stock in forest,A-Methodology-and-Method-for-Estimation-of-Carbon-Stock-in-Forest-
4251,2,cash advance debt consolidation insurance free credit report,Cash-Advance-_-Debt-Consolidation-_-Insurance-_-Free-Credit-Report-_1_
4252,2,cv practice ws,CV-Practice-ws-2
4253,2,candidatos electos y plan decenal,Candidatos-Electos-y-Plan-Decenal
4254,2,performance planning and evaluation form,Performance-Planning-And-Evaluation-Form
4255,2,data form,Data-form
4256,2,registration form download now,REGISTRATION-FORM---Download-Now-DOC
4257,2,jan position statement on education,1989-Jan-02_-Position-Statement-on-Education
4258,2,of consent forms,Sample-of-Consent-Forms
4259,2,lease termination agreement,Lease-termination-agreement
4260,2,play and win free bingo no deposit required,Play-and-Win-Free-Bingo-No-Deposit-Required349
4261,2,ios application development,iOS-5-Application-Development
4262,2,airline invitation letter,airline-invitation-letter
4263,2,research statement,research_statement
4264,2,directory submission report seo jungle,Directory-Submission-Report---SEO-Jungle
4265,2,dasar dasar penyusunan business plan,DASAR-DASAR-PENYUSUNAN-BUSINESS-PLAN
4266,2,request an inspection,Request-An-Inspection
4267,2,car loan with no credit,Car-Loan-with-no-Credit
4268,2,letterhead template get as,Letterhead-Template---Get-as-DOC
4269,2,plan negocio,plan-negocio
4270,2,personal reference form,Personal-Reference-Form---DOC
4271,2,symbian application development,Symbian-Application-Development
4272,2,best cv templates,Best-CV-Templates
4273,2,research and development agreement,Research-And-Development-Agreement---DEXCOM-INC---2-23-2012
4274,2,cover your car with the cheapest motor insurance around,Cover-Your-Car-with-the-Cheapest-Motor-Insurance-Around
4275,2,morocco property buyers guide,Morocco-Property-Buyers-Guide
4276,2,real estate attorney real estate attorney the real estate attorneys real,Real-estate-attorney-Real-estate-attorney-The-real-estate-attorneys-Real
4277,2,hiring the right property manager for your rental income property,Hiring_the_Right_Property_Manager_for_Your_Rental___Income_Property
4278,2,your checklist on how to revive a dead computer,Your_Checklist_On_How_To_Revive_A_Dead_Computer
4279,2,work plan,Work-Plan-Template
4280,2,venue hire booking enquiry form,Venue_Hire_Booking_Enquiry_Form
4281,2,hers ob gyn contraceptive history form,HERS-OB-GYN-CONTRACEPTIVE-HISTORY-FORM
4282,2,how to get the best home loan deal,How_To_Get_The_Best_Home_Loan_Deal
4283,2,can you make money as a fashion consultant,Can-You-make-money-as-a-fashion-consultant
4284,2,web site evaluation form log,Web-Site-Evaluation-Form-Log
4285,2,senior project hubsite worksheet (microsoft word),Senior-Project-Hubsite-Worksheet-(Microsoft-Word)
4286,2,sw hostel application form ver,SW-Hostel-Application-Form-Ver03
4287,2,bank of india challan form,DOWNLOAD-BANK-OF-INDIA-CHALLAN-FORM
4288,2,setup guide,Setup-Guide
4289,2,edexcel registration form part igcse subject fee,edexcel_registration_form_part_2_-_igcse_subject___fee-7
4290,2,plan rada if inansijskog poslovanja,PLAN-RADA-IF-INANSIJSKOG-POSLOVANJA-2008
4291,2,jobstartfuture skills training plan form,JOBSTARTFUTURE-SKILLS-TRAINING-PLAN-FORM
4292,2,home maintenance specifications checklist,Home-Maintenance-Specifications-Checklist
4293,2,academic senate meeting summary,ACADEMIC-SENATE-MEETING-SUMMARY
4294,2,wheel,The-Wheel-Template
4295,2,montage,montage-template
4296,2,webinar,webinar-template
4297,2,curriculum,CURRICULUM-TEMPLATE
4298,2,toon boom animate pro effects template pack,Toon-Boom-Animate-Pro-Effects-Template-Pack-3
4299,2,vendor rating,Vendor-Rating-Template
4300,2,sales presentation,Sales-Presentation-Template
4301,2,casa poster,CASA-POster-Template
4302,2,template file,Template-File
4303,2,events calendar,Events-Calendar-Template
4304,2,client white,Client-White-template
4305,2,template book,Template---Book
4306,2,airtel,Airtel-Template
4307,2,cvb letterhead,CVB-Letterhead-Template
4308,2,addendum,Addendum-1-Template
4309,2,equality impact assessment,Equality-Impact-Assessment-Template
4310,2,single detached dwelling partial third storey application,Single-detached-dwelling-partial-third-storey-application
4311,2,its status report,ITS-Status-Report-template
4312,2,sow,SOW-Template
4313,2,blank pleading template with line numbering word,Blank-Pleading-Template-With-Line-Numbering-Word-1-2-3-4
4314,2,comment,Comment-Template
4315,2,investment proposal letter,Download-Investment-Proposal-Letter
4316,2,nsa schedule,nsa_schedule
4317,2,detailed budget by activity eacea,Detailed-budget-by-activity---EACEA
4318,2,district of columbia application for medicaid provider enrollmen,District-of-Columbia-Application-for-Medicaid-provider-enrollmen
4319,2,basic drawing guide lesson,Basic-drawing-guide-lesson-3
4320,2,broker carrier agreement,Broker-Carrier-Agreement
4321,2,customer service plan,Customer-Service-Plan-Template
4322,2,godi%ef%bf%bdnji plan ip rogram rada %ef%bf%bdkole,GODI%EF%BF%BDNJI-PLAN-IP-ROGRAM-RADA-%EF%BF%BDKOLE
4323,2,manual oficial corel draw x,Manual-Oficial-Corel-Draw-X3
4324,2,banquet event order,BANQUET-EVENT-ORDER
4325,2,counseling permission form,counseling-permission-form
4326,2,teacher guide,Teacher-Guide
4327,2,headingley development trust,Headingley-Development-Trust
4328,2,district of columbia application abclicense,District-of-Columbia-Application_ABCLicense
4329,2,most common chinese characters in order of frequency,The-most-common-Chinese-characters-in-order-of-frequency
4330,2,needs analysis form,Needs-analysis-form
4331,2,resume preparation,Resume-Preparation
4332,2,executive annual performance plan,Executive-Annual-Performance-Plan---TIM-HORTONS----2-28-2012
4333,2,employee physical form,EMPLOYEE-PHYSICAL-FORM
4334,2,conference full paper,Conference-Full-Paper-template
4335,2,power of now tolle eckhart,The-Power-of-NOW---Tolle_-Eckhart
4336,2,evaluation proposal,evaluation-proposal
4337,2,first amendment to revolving credit agreement,First-Amendment-To-Revolving-Credit-Agreement---SUNPOWER-CORP---2-29-2012
4338,2,news article analysis worksheet,News-Article-Analysis-Worksheet-2
4339,2,bergey s manual of systematic bacteriology,bergey-s-manual-of-systematic-bacteriology
4340,2,newspaper article worksheet,-NEWSPAPER-ARTICLE-WORKSHEET-
4341,2,tort law worksheet,Tort-Law-worksheet
4342,2,changes to irs tax settlement rules,Changes_to_IRS_Tax_Settlement_Rules
4343,2,disability insurance policy things to get the best deal,Disability_Insurance_Policy__5_Things_To_Get_The_Best_Deal
4344,2,getting a car with a uk secured loan,Getting_a_car_with_a_UK_Secured_Loan
4345,2,go for steroids online buy products order online,Go_For_Steroids_Online__Buy_Products__Order_Online_
4346,2,three years rolling plan,THREE-YEARS-ROLLING-PLAN
4347,2,penny stock trading for the beginner or the pro,Penny_Stock_Trading_for_the_Beginner_or_the_Pro
4348,2,secured loan,Secured_Loan
4349,2,stock and options millionaire principles,Stock_and_Options_Millionaire_Principles
4350,2,stock option trading millionaire principles,Stock_Option_Trading_Millionaire_Principles
4351,2,advantages of an online car loan,The_Advantages_Of_An_Online_Car_Loan
4352,2,power of your subconscious mind,The_Power_Of_Your_Subconscious_Mind
4353,2,role of an online stock broker,The_Role_Of_An_Online_Stock_Broker
4354,2,ultimate muscle meal plan,The_Ultimate_Muscle_Meal_Plan
4355,2,tips to consider before buying an annuity policy,Tips_to_Consider_Before_Buying_an_Annuity_Policy
4356,2,what is a good home insurance policy,What_Is_A_Good_Home_Insurance_Policy_
4357,2,trademark license agreement related companies,Trademark-License-Agreement-related-companies
4358,2,communications plan matrix,Communications-Plan-Matrix-Sample
4359,2,write off policy,Write-off-Policy
4360,2,compaq quick troubleshooting guide,Compaq-Quick-Troubleshooting-Guide
4361,2,laboratory safety manual,Laboratory-Safety-Manual
4362,2,fun math games that children will adore,Fun-Math-Games-That-Children-Will-Adore276
4363,2,bank teller sample resume,Bank-Teller-Sample-Resume
4364,2,michael jacksons will,Michael-Jacksons-Will
4365,2,minutes of meeting of directors of,MINUTES-OF-MEETING-OF-DIRECTORS-OF
4366,2,letter download as,Sample-Letter---Download-as-DOC
4367,2,minutes public meeting no,Minutes---Public-Meeting-No-96-2
4368,2,plp sample social media policy,PLP-Sample-Social-Media-Policy-2012
4369,2,of resignation letter,EXAMPLE-OF-RESIGNATION-LETTER
4370,2,nuclear power plant,NUCLEAR-POWER-PLANT
4371,2,artistic toy prospecting plan with plush toys (plushgo),Artistic-Toy-Prospecting-Plan-with-Plush-Toys-(Plush2Go)
4372,2,introduction letter get as,INTRODUCTION-LETTER---Get-as-DOC
4373,2,resignation acceptance letter,Resignation-acceptance-letter
4374,2,price list order form,Price-List-Order-Form
4375,2,notice of privacy practices,NOTICE-OF-PRIVACY-PRACTICES
4376,2,manual article submission service,Manual_article_submission_service
4377,2,proposal penelitian kualitatif,PROPOSAL-PENELITIAN-KUALITATIF
4378,2,truck driver resume,TRUCK-DRIVER-resume-sample
4379,2,bad credit auto loan,Bad-credit-auto-loan
4380,2,zero tolerance policy,11-Zero-Tolerance-Policy
4381,2,content,content-template
4382,2,application form english,application-form-English
4383,2,cover letter for questionnaires,Cover-Letter-for-Questionnaires
4384,2,media accreditation application form,Media-Accreditation-Application-Form
4385,2,identify the choice that best completes the statement,Identify-the-choice-that-best-completes-the-statement
4386,2,wire transfer,Wire-Transfer-Template
4387,2,teaser,Teaser_template
4388,2,cms billing instructions guide,CMS-1500-Billing-Instructions-Guide
4389,2,analyst resume,Analyst-Resume
4390,2,forex guide,Forex-Guide
4391,2,cv below l pack complete v,CV_below_L2__pack_complete_V1
4392,2,notary public license law,Notary-Public-License-Law
4393,2,plantilla para plan de negocio,Plantilla-para-Plan-de-Negocio
4394,2,revised schedule vi in excel,Revised-Schedule-VI-in-excel
4395,2,following is a sample form letter for withdrawing from a,The-following-is-a-sample-form-letter-for-withdrawing-from-a---DOC
4396,2,daily agri commodity report by capitalheight,Daily-Agri-Commodity-Report-By-CapitalHeight-05-03-2012
4397,2,daily equity report by capitalheight,Daily-Equity-Report-By-CapitalHeight-05-03-2012
4398,2,apa formatting and style guide,APA-Formatting-and-Style-Guide
4399,2,ministry action plan,MINISTRY-ACTION-PLAN
4400,2,social media risk assessment,Social-Media-Risk-Assessment-Template
4401,2,what you will learn,What-you-will-learn
4402,2,california rental lease agreement,California-Rental-Lease-Agreement
4403,2,loan participation agreement,Loan-Participation-Agreement
4404,2,assignment of contract for purchase of real estate,Assignment-of-Contract-for-Purchase-of-Real-Estate
4405,2,daily stock report by capitalheight,Daily-Stock-Report-By-Capitalheight---6-03-2012
4406,2,where there is a will,WHERE-THERE-IS-A-WILL--
4407,2,mfl policy,Mfl-Policy
4408,2,brazil mining report q,Brazil-Mining-Report-Q1-2012
4409,2,godisnji plan ip rogram,2011-2012-GODISNJI-PLAN-IP-ROGRAM
4410,2,agent contract,Agent-Contract
4411,2,development and license agreement,Development-And-License-Agreement---BIOCRYST-PHARMACEUTICALS-INC---3-6-2012
4412,2,maintenance and service guide,Maintenance-and-Service-Guide
4413,2,best resume,Best-Resume-Sample-2
4414,2,contoh proposal business plan,contoh-proposal-business-plan
4415,2,unit order and their fulfilment,Unit-7-Order-and-their-fulfilment_1_
4416,2,best application format for job employment,Best-Application-format-for-job-employment
4417,2,skills checklist,skills-checklist
4418,2,china toy market report,china-toy-market-report
4419,2,thermal receipt printer,Thermal-Receipt-Printer
4420,2,minutes of knowsley primary care trust board,MINUTES-of-Knowsley-Primary-Care-Trust-Board
4421,2,group fitness class schedule,Group-Fitness-Class-Schedule
4422,2,unit assign summary sheet,Unit-11-Assign-Summary-Sheet
4423,2,fall schedule,Fall-Schedule-2009
4424,2,shuttle schedule,shuttle-schedule
4425,2,school ipm plan,School-IPM-Plan
4426,2,rotation schedule,Rotation-Schedule
4427,2,dawson community college fall ccconline course schedule,Dawson-Community-College-Fall-2009-CCCOnline-Course-Schedule
4428,2,salary schedule,SALARY-SCHEDULE
4429,2,immunization schedule,IMMUNIZATION-SCHEDULE
4430,2,flu shot schedule,2005-FLU-SHOT-SCHEDULE
4431,2,flu clinic schedule,FLU-CLINIC-SCHEDULE
4432,2,baptism certificate,Baptism-Certificate
4433,2,bombay stock exchange,2011---Bombay-Stock-Exchange
4434,2,schedule of matches,SCHEDULE-OF-MATCHES-21082009
4435,2,virginia independent clinical assessment program (vicap),Virginia-Independent-Clinical-Assessment-Program-(VICAP)
4436,2,plan de capacitacion,PLAN-DE-CAPACITACION
4437,2,school improvement action plan,School-Improvement-Action-Plan
4438,2,annual accounting report,Annual-Accounting-Report-2009
4439,2,asx listing rules appendix b new issue announcement application,ASX-Listing-Rules-Appendix-3B-New-issue-announcement-application
4440,2,transcription worksheet,Transcription-Worksheet---DOC
4441,2,press release zero coupon bond (ctz) offering announcement,PRESS-RELEASE-Zero-Coupon-Bond-(CTZ)-Offering-Announcement
4442,2,kia sedona service repair manual,Kia_Sedona_2002-2007_Service_Repair_Manual
4443,2,bmw i service manual repair manual fsm,BMW_535i_SERVICE_MANUAL_REPAIR_MANUAL_FSM_1985_1991
4444,2,mazda pickup trucks b series service repair manual,1992_Mazda_Pickup_Trucks_B_Series_Service_Repair_Manual_92
4445,2,chevrolet chevy pickup truck service manual,CHEVROLET_CHEVY_PICKUP_TRUCK_SERVICE_MANUAL
4446,2,honda cbrr maintenance repair and troubleshooting manual,Honda-CBR250R-Maintenance-Repair-and-Troubleshooting-Manual
4447,2,honda crv service manual,HONDA_CRV_SERVICE_MANUAL_2001_2006
4448,2,honda crv service repair workshop manual,HONDA_CRV_SERVICE_REPAIR_WORKSHOP_MANUAL_2002_2006
4449,2,honda prelude service manual repair manual,HONDA_PRELUDE_SERVICE_MANUAL_REPAIR_MANUAL_1997_2001
4450,2,honda xr service manual repair manual,HONDA_XR250_SERVICE_MANUAL_REPAIR_MANUAL_1984_2004
4451,2,hyundai trajet service manual repair manual,HYUNDAI_TRAJET_SERVICE_MANUAL_REPAIR_MANUAL_1999_2008
4452,2,jcb operators manual and,JCB-OPERATORS-MANUAL-8052-AND-8060
4453,2,kia rio service manual repair onliine,KIA_RIO_SERVICE_MANUAL_REPAIR_2006_2007_2008_ONLIINE
4454,2,land rover discovery manual diesel repair manual,LAND_ROVER_DISCOVERY_MANUAL_DIESEL_REPAIR_MANUAL_1995_1999
4455,2,lexus gs service repair workshop manual,LEXUS_GS300_SERVICE_REPAIR_WORKSHOP_MANUAL_1991_1997
4456,2,massey ferguson mf tractor before sn b parts manual pdf,MASSEY_FERGUSON_MF_375_TRACTOR_BEFORE_SN_B18008_PARTS_MANUAL_819750_pdf
4457,2,mercury marine service manual stroke hp outboard,MERCURY_MARINE_SERVICE_MANUAL_4_STROKE_40_50_60_HP_OUTBOARD
4458,2,opel vauxhall vectra b service manual repair manual,Opel_Vauxhall_Vectra_B_1995_Service_Manual_Repair_Manual
4459,2,palm tx manual,Palm_TX_Manual
4460,2,pistol silencer manual,Pistol_Silencer_Manual
4461,2,renault workshop engine repair manual,Renault_Workshop_Engine_Repair_Manual
4462,2,suzuki grand vitara xl service repair workshop manual,SUZUKI_GRAND_VITARA_XL7_SERVICE_REPAIR_WORKSHOP_MANUAL
4463,2,toyota camry hybrid factory service repair manual,TOYOTA_CAMRY_HYBRID_FACTORY_SERVICE_REPAIR_MANUAL_2007_2009
4464,2,toyota celica workshop service repair manual,Toyota_Celica_1983_2000_Workshop_Service_repair_manual
4465,2,toyota corolla factory service repair manual,TOYOTA_COROLLA_FACTORY_SERVICE_REPAIR_MANUAL_2001_2006
4466,2,toyota cressida workshop service repair manual,Toyota_Cressida_1983_1992_Workshop_Service_repair_manual
4467,2,toyota echo factory service repair manual,TOYOTA_ECHO_FACTORY_SERVICE_REPAIR_MANUAL_2000_2002
4468,2,toyota paseo workshop service repair manual,Toyota_Paseo_1992_1997_Workshop_Service_repair_manual
4469,2,toyota paseo service repair workshop manual,TOYOTA_PASEO_SERVICE_REPAIR_WORKSHOP_MANUAL_1991_1997
4470,2,toyota previa workshop service repair manual,Toyota_Previa_1991_1997_Workshop_Service_repair_manual
4471,2,toyota supra workshop service repair manual,Toyota_Supra_1983_1998_Workshop_Service_repair_manual
4472,2,toyota supra factory service repair manual,TOYOTA_SUPRA_FACTORY_SERVICE_REPAIR_MANUAL_1993_1999
4473,2,volkswagen vanagon factory service manual,VOLKSWAGEN_VANAGON_FACTORY_SERVICE_MANUAL_1980_1992
4474,2,yamaha fj full service repair manual,YAMAHA_FJ600_FULL_SERVICE_REPAIR_MANUAL_1984_1992
4475,2,member development team training plan,Member-Development-Team-Training-Plan
4476,2,chevrolet cavalier service repair manual,Chevrolet_Cavalier_1995-2005_Service_Repair_Manual
4477,2,chevrolet impala service repair manual,Chevrolet_Impala_2006-2008_Service_Repair_Manual
4478,2,chevrolet uplander service repair manual,Chevrolet_Uplander_2005-2009_Service_Repair_Manual
4479,2,derbi gpr racing service repair manual,Derbi_Gpr-125_Racing__Service_Repair_Manual
4480,2,honda passport service repair manual,Honda_Passport_1998-2002_Service_Repair_Manual
4481,2,hyosung rapier te atv service repair manual,Hyosung_Rapier-Te450_Atv__Service_Repair_Manual
4482,2,kawasaki kvf brute force atv service repair manual,Kawasaki_Kvf-750_Brute-Force_Atv_2004-2007_Service_Repair_Manual
4483,2,mitsubishi galant service repair manual,Mitsubishi_Galant_1988-1993_Service_Repair_Manual
4484,2,moto guzzi stelvio v italian service repair manual,Moto_Guzzi_Stelvio_1200_4v_Italian_2008-2010_Service_Repair_Manual
4485,2,peugeot petrol diesel service repair manual,Peugeot_306_Petrol_Diesel_1993-1995_Service_Repair_Manual
4486,2,yamaha outboard motor hp service repair manual,Yamaha_Outboard_Motor_2-250hp_1984-1996_Service_Repair_Manual
4487,2,buick rendezvous service repair manual,Buick_Rendezvous_2002-2007_Service_Repair_Manual
4488,2,volkswagen jetta service repair manual,Volkswagen_Jetta_1999-2005_Service_Repair_Manual
4489,2,web design certificate web design certificate program web,The-Web-Design-Certificate-Web-Design-Certificate-Program-Web
4490,2,home affordable modification program hardship affidavit (form,Home-Affordable-Modification-Program-Hardship-Affidavit-(Form-1021
4491,2,fundraising policy,Fundraising-Policy
4492,2,marine safety note no,MARINE-SAFETY-NOTE-NO
4493,2,baseball schedule,BASEBALL_SCHEDULE_2010
4494,2,warranty program,Warranty-Program
4495,2,abc primetime schedule thru th april,ABC-Primetime-Schedule-thru-8th-April-2012
4496,2,quotation form,QUOTATION-FORM---DOC
4497,2,bad credit personal loan,Bad-Credit-Personal-Loan
4498,2,ecommerce proposal,eCommerce-Proposal
4499,2,simple interest loan calculator,simple-interest-loan-calculator
4500,2,contract procedures swift against swift,CONTRACT_PROCEDURES_SWIFT_700_AGAINST_SWIFT_760
4501,2,city council agenda,City-Council-Agenda
4502,2,tentative agenda,TENTATIVE-AGENDA
4503,2,working agenda americas conference%c%ae,Working-Agenda-Americas-Conference%C2%AE
4504,2,godi%ef%bf%bdnji plan ip rogram rada,GODI%EF%BF%BDNJI-PLAN-IP-ROGRAM-RADA
4505,2,mjesecni plan i program iz vjeronauka za,Mjesecni-plan-i-program-iz-vjeronauka-za-2
4506,2,send completed application to,Send-completed-application-to
4507,2,planning applications committee agenda,Planning-Applications-Committee-Agenda
4508,2,proposal bisnis,Proposal-Bisnis
4509,2,proposal polhukam,Proposal-POLHUKAM-06
4510,2,afmp scripting guide,afmp_scripting_guide
4511,2,agency performance plan,AGENCY-PERFORMANCE-PLAN-TEMPLATE
4512,2,module community development manual,Module-5-Community-Development-Manual
4513,2,five year plan,Five-Year-Plan
4514,2,project plan worksheet,Project-Plan-Worksheet
4515,2,compliance plan,Compliance-Plan
4516,2,plan of care,PLAN-OF-CARE
4517,2,parenting plan,PARENTING-PLAN
4518,2,integrated marketing plan,Integrated-Marketing-Plan
4519,2,handbook bloggers cyberdissidents gb,handbook_bloggers_cyberdissidents-GB
4520,2,event budget planner,EVENT-BUDGET-PLANNER
4521,2,plan de marketing,Plan-de-Marketing
4522,2,menyusun business plan rumah sakit,MENYUSUN-BUSINESS-PLAN-RUMAH-SAKIT
4523,2,audi collection,Audi-collection
4524,2,prospectus nts mortgage income fund,Prospectus-NTS-MORTGAGE-INCOME-FUND---3-12-2012
4525,2,proposed pha plan,2010-Proposed-PHA-Plan
4526,2,regional solid waste management plan,Regional-Solid-Waste-Management-Plan
4527,2,emergency management plan,Emergency-Management-Plan
4528,2,table of contents,Table-Of-Contents-Template
4529,2,teaching plan,Teaching-Plan
4530,2,plan auditor%c%da interna de calidad,PLAN-AUDITOR%C3%8DA-INTERNA-DE-CALIDAD
4531,2,chemical hygiene plan,Chemical-Hygiene-Plan
4532,2,application guidelines,application-guidelines
4533,2,important notice to those covered under sponsor plans,Important-Notice-to-those-Covered-under-Sponsor-Plans
4534,2,minutes of the january monthly meeting of athlone town council,Minutes-of-the-January-Monthly-Meeting-of-Athlone-Town-Council-
4535,2,summary practice,Summary-practice
4536,2,business plan google adsense account,Free-Business-Plan-Google-adsense-account
4537,2,agreement for design services,Agreement-For-Design-Services
4538,2,collins s b c hf comms reciever section manual,Collins-75S-3B-C-HF-Comms-Reciever-Section-6-Manual
4539,2,collins kws hf comms reciever section manual,Collins-KWS-1-HF-Comms-Reciever-Section-6-Manual
4540,2,march calendar,March-2013-Calendar-Template
4541,2,equity analysis,EQUITY-ANALYSIS
4542,2,power of integrity in preaching,The-Power-of-Integrity-in-Preaching
4543,2,how to write a fundraising proposal,How-to-write-a-fundraising-proposal
4544,2,week ultimate body detox plan,-The-4-Week-Ultimate-Body-Detox-Plan
4545,2,massage intake form,Massage-Intake-Form
4546,2,mortgage payment protection insurance,Mortgage_Payment_Protection_Insurance
4547,2,unix command reference,Unix-Command-Reference
4548,2,how to be a programmer a short comprehensive and personal summary,How-to-be-a-Programmer-A-Short-Comprehensive-and-Personal-Summary
4549,2,employment contract employment contract,Employment-Contract-Employment-Contract---YONGYE-INTERNATIONAL----3-15-2012
4550,2,bijoy bangla typing guide,Bijoy-Bangla-Typing-Guide
4551,2,trustee application form,Trustee-application-form
4552,2,welcome finance loan,Welcome-Finance-Loan
4553,2,manual del estudiante,Manual-del-estudiante
4554,2,health insurance quote reform weekly easytoinsureme,Health-Insurance-Quote-Reform-Weekly-EasyToInsureME-090409772
4555,2,edgar submission header summary,EDGAR-Submission-Header-Summary
4556,2,plan de formation detablissement,PLAN-DE-FORMATION-DETABLISSEMENT-2003-2004---DOC-5
4557,2,contract colectiv de munca,CONTRACT-COLECTIV-DE-MUNCA
4558,2,anexa model plan de afaceri,anexa-1-model-plan-de-afaceri
4559,2,ap pronunciation guide,AP-PRONUNCIATION-GUIDE
4560,2,will and moral responsibility,FREE-WILL-AND-MORAL-RESPONSIBILITY
4561,2,offer of employment,offer-of-employment
4562,2,website standard terms and conditions,Website-Standard-Terms-and-Conditions-Template
4563,2,it business plan,IT-Business-Plan
4564,2,private equity primer,PRIVATE-EQUITY-PRIMER
4565,2,student letter,Sample-student-letter
4566,2,settlement of long term spousal support,Settlement-of-Long-Term-Spousal-Support
4567,2,corporate business application systems,Corporate-Business-Application-Systems
4568,2,complete guide to starting a website,The-Complete-Guide-to-Starting-a-Website
4569,2,debt equity choice,THE-DEBT-EQUITY-CHOICE
4570,2,constitution of zimbabwe,THE-CONSTITUTION-OF-ZIMBABWE
4571,2,punjab national bank request for proposal rfp for,PUNJAB-NATIONAL-BANK-REQUEST-FOR-PROPOSAL-_RFP_-FOR
4572,2,contract book,Contract-Book
4573,2,worldventures detailed compensation plan,WorldVentures-Detailed-Compensation-Plan
4574,2,link budget,Link-budget
4575,2,certified commercial and residential general contractor in tampa florida,Certified-Commercial-and-Residential-General-Contractor-in-Tampa-Florida
4576,2,millionaire penny stock trading secrets,Millionaire-Penny-Stock-Trading-Secrets
4577,2,bloggers guide to profits,Bloggers_Guide_To_Profits
4578,2,clear web services seo and optimisation guide,Clear-Web-Services-SEO-And-Optimisation-Guide
4579,2,uniform residential loan application interactive (form ) pdf,Uniform-Residential-Loan-Application-Interactive-(Form-1003)-PDF
4580,2,claim denial appeal form,Claim-Denial-Appeal-Form
4581,2,color scheme designer license,color_scheme_designer_license
4582,2,cv aslam,cv_aslam
4583,2,form change order,Form-1109---Change-Order
4584,2,skripta za business plan,Skripta-za-business-plan
4585,2,epson printer print quality guide,Epson-Printer-Print-Quality-Guide
4586,2,salary certificate format,Salary-Certificate-Format
4587,2,department for work and pensions report,Department-for-Work-and-Pensions-report
4588,2,taxes what every entrepreneur and consultant needs to know,TAXES_-What-every-entrepreneur-and-consultant-needs-to-know
4589,2,written statement of,WRITTEN-STATEMENT-OF
4590,2,checklist for moving,A_Checklist_For_Moving
4591,2,this message was created automatically by mail delivery software,This-message-was-created-automatically-by-mail-delivery-software
4592,2,guide to subdivide,The_Guide_to_Subdivide
4593,2,oregon health plan ohp client handbook,Oregon-Health-Plan-OHP-Client-Handbook
4594,2,office furniture buyers guide,Office_Furniture_Buyers_Guide
4595,2,outdoor furniture buying guide,Outdoor_Furniture_Buying_Guide
4596,2,estimate the web world with web design,Estimate_The_Web_World_With_Web_Design
4597,2,self optimization guide optimization,Self_optimization_guide___optimization
4598,2,five ways to boost your marketing power,Five_Ways_to_Boost_Your_Marketing_Power
4599,2,agreement to sell works of art,Agreement-to-Sell-Works-of-Art
4600,2,form pages,398-Form-Pages-_
4601,2,change order (doc),Change-Order-(DOC)
4602,2,standard letter for inviting candidate for informal first stage,Standard-letter-for-inviting-candidate-for-informal-first-stage
4603,2,general durable power of attorney,General-Durable-Power-of-Attorney
4604,2,disney vacation ultimate packing list,Disney-Vacation-Ultimate-Packing-List
4605,2,casual leave application form,CASUAL-LEAVE-APPLICATION-FORM
4606,2,gnu general public license,GNU-GENERAL-PUBLIC-LICENSE
4607,2,bajaj chetak service repair manual,Bajaj-Chetak-service-repair-manual
4608,2,mazda b series pickup truck service repair manual,1991_Mazda_B_Series_Pickup_Truck_Service_Repair_Manual_91
4609,2,acura rl service manual body repair manual,1996-2004_Acura_3_5RL_Service_Manual_Body_Repair_Manual
4610,2,yamaha rhino efi service manual,2008_Yamaha_Rhino_700_EFI_Service_Manual
4611,2,audi a service manual repair manual,AUDI_A4_SERVICE_MANUAL_REPAIR_MANUAL_1995-2001
4612,2,automated ebook website digital delivery php script,Automated_Ebook_Website-Digital_Delivery_PHP_Script
4613,2,blackhat guide make a day at home,Blackhat_Guide-Make_100-1_000_a_day_at_home
4614,2,business credit step by step guide,Business_credit_Step_by_step_guide
4615,2,buy plr pack fitness guide to staying healthy quality,Buy_PLR_Pack-Fitness_Guide_to_Staying_Healthy_Quality
4616,2,canon ipf service and repair manual,Canon_iPF5000_Service_and_Repair_Manual
4617,2,canon mvxi e pal service and repair manual,Canon_MVX10i_E_PAL_Service_and_Repair_Manual
4618,2,canon powershot pro manual,Canon_PowerShot_Pro_1_Manual
4619,2,case tractor parts manual r pdf,CASE_1594_TRACTOR_PARTS_MANUAL_8_2222R1_pdf
4620,2,claas rollant round baler parts manual pdf,CLAAS_ROLLANT_66_ROUND_BALER_PARTS_MANUAL_186076_6_pdf
4621,2,collection of branding secrets with bonuses videos,Collection_of_Branding_Secrets-With_Bonuses_Videos
4622,2,ez form generator,EZ_Form_Generator
4623,2,hyundai yanmar tnv tnv series industrial engines service repair troubleshooting manual,HYUNDAI_YANMAR_3TNV_4TNV_SERIES_INDUSTRIAL_ENGINES_SERVICE_REPAIR_TROUBLESHOOTING_MANUAL
4624,2,improved factory polaris sportsman shop manual pro,IMPROVED_2008_FACTORY_Polaris_Sportsman_500_Shop_Manual_PRO
4625,2,kubota g g gh gh lawn garden tractor workshop service manual pdf,KUBOTA_G3200_G4200_G4200H_G5200H_LAWN_GARDEN_TRACTOR_WORKSHOP_SERVICE_MANUAL_pdf
4626,2,kubota kx kx compact excavator workshop service manual pdf,KUBOTA_KX61_3_KX71_3_COMPACT_EXCAVATOR_WORKSHOP_SERVICE_MANUAL_pdf
4627,2,kubota m m mdt n tractor workshop service manual pdf,KUBOTA_M4700_M5400_M5400DT_N_TRACTOR_WORKSHOP_SERVICE_MANUAL_pdf
4628,2,der steueroasen report off shore report legal steuern sparen,Der_Steueroasen-Report_Off_Shore_Report-Legal_Steuern_sparen
4629,2,panasonic tc ps full service manual technical training,Panasonic_TC-P50S1_FULL_Service_Manual_Technical_Training
4630,2,penny stock castaway,Penny_Stock_Castaway
4631,2,pioneer avic xbt service manual package,Pioneer_AVIC-X1BT_Service_Manual_Package
4632,2,power link builder software,Power_Link_Builder_Software
4633,2,psd ebox cover creator,PSD_eBox_Cover_Creator
4634,2,massey ferguson mf tractor after sn a parts manual pdf,MASSEY_FERGUSON_MF_240_TRACTOR_After_SN_A20287_PARTS_MANUAL_819786_pdf
4635,2,master reseller lizenz ebook verkaufen ohne eigenkapital drop shipping dropshipping,MASTER-RESELLER-LIZENZ_eBook_Verkaufen_ohne_Eigenkapital_Drop-Shipping_Dropshipping
4636,2,napoleon hill audio and ebook collection with mrr,Napoleon_Hill_Audio_and_Ebook_Collection_with_MRR
4637,2,new holland nh harvester parts manual pdf,NEW_HOLLAND_NH_1880_HARVESTER_PARTS_MANUAL_11_74_pdf
4638,2,nissan sentra workshop service repair manual,Nissan_Sentra_2001_Workshop_Service_Repair_Manual
4639,2,honda crv service manual fsm,HONDA_CRV_SERVICE_MANUAL_FSM_1997-2000
4640,2,searchable kvfi brute force factory service manual,SEARCHABLE_06-10_KVF650i_Brute_Force_Factory_Service_Manual
4641,2,searchable factory yamaha grizzly series repair manual,SEARCHABLE_98-10_Factory_Yamaha_Grizzly_Series_Repair_Manual
4642,2,suzuki burgman service manual scooter an,SUZUKI_BURGMAN_SERVICE_MANUAL_SCOOTER_AN650_1998-2008
4643,2,suzuki rm service repair workshop manual,SUZUKI_RM125_SERVICE_REPAIR_WORKSHOP_MANUAL_2003-2005
4644,2,pay per click marketing guide,The_Pay_Per_Click_Marketing_Guide
4645,2,ultimate collection products plr mrr,The_Ultimate_Collection_Products_PLR_MRR
4646,2,ultimate guide to dwarf hamster,The_Ultimate_Guide_to_Dwarf_Hamster
4647,2,toshiba estudio full service manual,Toshiba_eStudio_282_Full_Service_Manual
4648,2,toyota camry service repair workshop manual pdf,TOYOTA_CAMRY_SERVICE_REPAIR_WORKSHOP_MANUAL_1994-1998---PDF
4649,2,malaguti service manual ciak and repair,MALAGUTI_SERVICE_MANUAL_CIAK_125_AND_150_REPAIR
4650,2,mazda service repair workshop manual,MAZDA_6_SERVICE_REPAIR_WORKSHOP_MANUAL_2002-2007
4651,2,volvo service manual repair manual,Volvo_850_1995-1996_Service_Manual_Repair_Manual
4652,2,white cab tractor parts manual pdf,WHITE_6065_CAB_TRACTOR_PARTS_MANUAL_pdf
4653,2,yahoo traffic will help you grow your business,Yahoo_2_Traffic_will_Help_You_Grow_Your_Business
4654,2,yamaha fzr service repair workshop manual,YAMAHA_FZ6R_SERVICE_REPAIR_WORKSHOP_MANUAL_2009-2011
4655,2,toyota landcruiser factory service repair manual,TOYOTA_LANDCRUISER_FACTORY_SERVICE_REPAIR_MANUAL_1967-1975
4656,2,toyota tundra service repair workshop manual,TOYOTA_TUNDRA_SERVICE_REPAIR_WORKSHOP_MANUAL_2007-2010
4657,2,marketing budget worksheet,Marketing-Budget-Worksheet
4658,2,aprilia rst mille futura service repair manual,aprilia_rst_mille_futura_2001-2005_service_repair_manual
4659,2,chevrolet camaro service repair manual,chevrolet_camaro_1997-2002_service_repair_manual
4660,2,chevrolet silverado service repair manual,chevrolet_silverado_1999-2007_service_repair_manual
4661,2,fiat marea service repair manual,fiat_marea_1996-2003_service_repair_manual
4662,2,fiat uno service repair manual,fiat_uno_1983-1995_service_repair_manual
4663,2,gmc envoy service repair manual,gmc_envoy_2002-2009_service_repair_manual
4664,2,honda trx rancher atv service repair manual,honda_trx420_rancher_atv_2007-2011_service_repair_manual
4665,2,honda trxfa rincon atv service repair manual,honda_trx650fa_rincon_atv_2003_service_repair_manual
4666,2,jeep compass mk service repair manual,jeep_compass_mk_2007-2009_service_repair_manual
4667,2,jeep grand cherokee wj service repair manual,jeep_grand_cherokee_wj_2002_service_repair_manual
4668,2,kia sephia service repair manual,kia_sephia_1994-1997_service_repair_manual
4669,2,mazda millenia service repair manual,mazda_millenia_1996-2003_service_repair_manual
4670,2,nissan maxima a service repair manual,nissan_maxima_a34_2004-2008_service_repair_manual
4671,2,opel astra zafira romanian service repair manual,opel_astra_zafira_romanian_1998-1999_service_repair_manual
4672,2,piaggio vespa lx t service repair manual,piaggio_vespa_lx-4t_150__service_repair_manual
4673,2,polaris scrambler atv service repair manual,polaris_scrambler_500_atv_2004-2005_service_repair_manual
4674,2,polaris sportsman atv service repair manual,polaris_sportsman_450-500_atv_2007_service_repair_manual
4675,2,ski doo snowmobiles service repair manual,ski-doo_snowmobiles_1998_service_repair_manual
4676,2,subaru impreza service repair manual,subaru_impreza_2008-2010_service_repair_manual
4677,2,subaru tribeca service repair manual,subaru_tribeca_2005-2008_service_repair_manual
4678,2,suzuki gsf gsf bandit service repair manual,suzuki_gsf-600_gsf-1200_bandit_1995-2001_service_repair_manual
4679,2,suzuki lt z atv service repair manual,suzuki_lt-z400_atv_2003-2008_service_repair_manual
4680,2,vauxhall opel astra belmont service repair manual,vauxhall_opel_astra_belmont_1980-1995_service_repair_manual
4681,2,yamaha xt tt service repair manual,yamaha_xt-350_tt-350_1985-2000_service_repair_manual
4682,2,yamaha yfm f grizzly atv service repair manual,yamaha_yfm-660f_grizzly_atv_2002-2008_service_repair_manual
4683,2,acura el l service repair manual,acura_el_16l_1997-2000_service_repair_manual
4684,2,acura tl service repair manual,acura_tl_1999-2003_service_repair_manual
4685,2,cadillac eldorado service repair manual,cadillac_eldorado_1996-2002_service_repair_manual
4686,2,chevrolet trailblazer service repair manual,chevrolet_trailblazer_2002-2009_service_repair_manual
4687,2,ford ranger service repair manual,ford_ranger_1993-1997_service_repair_manual
4688,2,honda ridgeline service repair manual,honda_ridgeline_2006-2009_service_repair_manual
4689,2,malaguti madison service repair manual,malaguti_madison_250__service_repair_manual
4690,2,vauxhall opel astra kadett service repair manual,vauxhall_opel_astra_kadett_1990-1999_service_repair_manual
4691,2,nissan frontier service repair manual,Nissan_Frontier_2005-2009_Service_Repair_Manual
4692,2,nissan sentra service repair manual,Nissan_Sentra_1994-1999_Service_Repair_Manual
4693,2,toyota fj cruiser service repair manual,Toyota_FJ_Cruiser_2007-2009_Service_Repair_Manual
4694,2,annual deal report defense,Annual-Deal-Report---Defense
4695,2,unclassified report to congress wmd covering january to december,Unclassified-Report-to-Congress-WMD-Covering-1January-to-31-December-2007
4696,2,indiana career pathway plan,Indiana-Career-Pathway-Plan---DOC-2
4697,2,minute guide to conducting a job interview,10-Minute-Guide-to-Conducting-a-Job-Interview
4698,2,new job enquiry form %ef%bf%bd mlm building control,New-Job-Enquiry-Form-%EF%BF%BD-MLM-Building-Control
4699,2,application form download as,application-form---Download-as-DOC
4700,2,application form for the canton fair invitation,Application-Form-for-the-Canton-Fair-Invitation
4701,2,application for employment form,Application-for-Employment-Form
4702,2,assignment of insurance policy,Assignment-of-Insurance-Policy
4703,2,bill of sale boat with warranty,Bill-of-Sale---Boat-with-Warranty
4704,2,consent of assignment,Consent-of-Assignment
4705,2,memorandum of understanding memorandum of understanding,Memorandum-Of-Understanding-Memorandum-Of-Understanding---TOYZAPCOM----3-28-2012
4706,2,gp letter for patients on change to millinette,GP-letter-for-patients-on-change-to-Millinette-30-75
4707,2,inspectors report,Inspectors-Report
4708,2,facebook timeline for pages product guide from techcrunch,Facebook-Timeline-For-Pages-Product-Guide-from-TechCrunch
4709,2,annual performance progress report part i managing for results,ANNUAL-PERFORMANCE-PROGRESS-REPORT---PART-I-MANAGING-FOR-RESULTS
4710,2,electrical engineer cv,Electrical-engineer-CV-template
4711,2,logo proposal,Logo-proposal
4712,2,format of quotation,FORMAT-OF-QUOTATION
4713,2,krs form z,krs-form-z20
4714,2,room rental residential tenancy agreement,Room-Rental-Residential-Tenancy-Agreement
4715,2,hire ipad application developers,Hire-iPad-Application-Developers
4716,2,blog marketing guide,Blog_Marketing_Guide
4717,2,short form operating agreement for single member llc,Short-Form-Operating-Agreement-for-Single-Member-LLC
4718,2,drupal training manual,Drupal-7-Training-Manual
4719,2,stock redemption agreement western capital resources,Stock-Redemption-Agreement-WESTERN-CAPITAL-RESOURCES-3-30-2012
4720,2,assignment of residential lease,Assignment-of-Residential-Lease
4721,2,mortgage to rent,Mortgage-to-Rent
4722,2,indice business plan semplificato,INDICE-BUSINESS-PLAN-SEMPLIFICATO
4723,2,motorcycle policy,Motorcycle-Policy
4724,2,spreadsheet job,SPREADSHEET-JOB-131
4725,2,notice inviting tender,Notice-Inviting-Tender
4726,2,plan integral del curso,PLAN-INTEGRAL-DEL-CURSO---DOC-3
4727,2,citizen charter,citizen_charter
4728,2,power of serving others,The-Power-of-Serving-Others
4729,2,performance consulting,Performance-Consulting
4730,2,advertising checklist,Advertising-Checklist
4731,2,business requirements,Business-Requirements-Template
4732,2,stakeholder analysis,Stakeholder-Analysis-Template
4733,2,purchase and sale agreement for equipment shared services,Purchase-and-Sale-Agreement-for-Equipment---Shared-Services
4734,2,risk register,Risk-Register-Template-3
4735,2,dennison street plan and profile city of waltham,Dennison-Street-Plan-and-Profile-1929----City-of-Waltham
4736,2,continuum of care report card,Continuum-of-Care-Report-Card
4737,2,pile foundation design a student guide,Pile-Foundation-Design-A-Student-Guide
4738,2,planning application,Planning-Application
4739,2,exhibitor registration form,EXHIBITOR-REGISTRATION-FORM---DOC
4740,2,financial disclosure,financial-disclosure
4741,2,massachusetts all alcohol manufacturing license,Massachusetts-All-Alcohol-Manufacturing-License
4742,2,goals,Goals-template
4743,2,bountiful high school alt robert reyes contract,Bountiful-High-School-ALT-2011-Robert-Reyes-Contract_1_
4744,2,boston food service permit,Boston-Food-Service-Permit
4745,2,national bank report part,national-bank-report-part-4
4746,2,canadas legal age of consent to sexual activity,Canadas-legal-age-of-consent-to-sexual-activity
4747,2,checklist for starting a law practice,Checklist-for-starting-a-law-practice
4748,2,hertz hdp manual,Hertz-HDP-1-Manual
4749,2,how to develop a business plan,How-to-Develop-a-Business-Plan
4750,2,franchise marketing plan,Franchise-Marketing-Plan
4751,2,investor application,investor_application
4752,2,budget rent a car,Budget-Rent-a-car
4753,2,cv uk,CV_UK
4754,2,currency forward contract limits currency trading however protects investments,Currency-Forward-Contract-Limits-Currency-Trading-however-Protects-Investments
4755,2,th anniversary press release,30th-Anniversary-press-release
4756,2,membership forms tenant,Membership-Forms---Tenant
4757,2,utilities power pack bz,UTILITIES-POWER-PACK-BZ_2_
4758,2,promissory note promissory note,PROMISSORY-NOTE-PROMISSORY-NOTE-10
4759,2,what you should know about home equity lines of credit,What_you_should_know_about_Home_Equity_Lines_of_Credit
4760,2,budget rent a car case study,Budget-Rent-A-Car-case-study
4761,2,power of attorney pdf,power-of-attorney---PDF
4762,2,michael gasiorek resume,Michael-Gasiorek-Resume
4763,2,sports policy and the sports environment,SPORTS-POLICY-AND-THE-SPORTS-ENVIRONMENT
4764,2,ghanteshwar park report,Ghanteshwar-Park-report
4765,2,rental car insurance eng,rental_car_insurance_Eng
4766,2,consultant name,Consultant-Name
4767,2,exhibitor application,Exhibitor-Application
4768,2,request for price quotation,REQUEST-FOR-PRICE-QUOTATION
4769,2,adamis pharmaceuticals corp form d,ADAMIS-PHARMACEUTICALS-CORP-Form-D---4-6-2012
4770,2,memorandum state of alaska,MEMORANDUM-State-of-Alaska
4771,2,mo managing officer form,MO-Managing-Officer-Form
4772,2,application for primary retail liquor license,Application-for-Primary-Retail-Liquor-License
4773,2,directors report consolidated financial,DIRECTORS-REPORT-CONSOLIDATED-FINANCIAL
4774,2,project manager checklist,Project-Manager-Checklist
4775,2,mind power,MInd-Power
4776,2,cv formate,CV_Formate
4777,2,our client agreement,OUR-CLIENT-AGREEMENT
4778,2,blank monthly budget,Blank_Monthly_Budget_Template
4779,2,endorser addendum to federal plus loan application and master,Endorser-Addendum-to-Federal-PLUS-Loan-Application-and-Master
4780,2,affidavit of loss,affidavit-of-loss
4781,2,schedule of events,SCHEDULE_OF_EVENTS
4782,2,press release granite city food brewery,Press-Release---Granite-City-Food-_-Brewery
4783,2,franchise business plan,franchise-business-plan
4784,2,ubc curriculum proposal form,UBC-Curriculum-Proposal-Form
4785,2,handbook on philippine government procurement,Handbook-on-Philippine-Government-Procurement
4786,2,process of getting a loan for a car,The-Process-of-Getting-a-Loan-for-a-Car
4787,2,minutes of llc meeting,Minutes-of-LLC-Meeting
4788,2,long form possessives,Long-Form-Possessives
4789,2,email marketing,Email-Marketing-Template
4790,2,emailmarketing selecting a vendor,EMAILMARKETING_Selecting_a_Vendor
4791,2,adsense policy,AdSense_Policy
4792,2,examination handbook,Examination-Handbook
4793,2,rmic harp batch loan modification submission form,RMIC-HARP-Batch-Loan-Modification-Submission-Form
4794,2,pio form,PIO-Form
4795,2,vehicle inspection checklist,Vehicle_Inspection_Checklist
4796,2,make you budget even more cheaper and enjoy your tour to poland,Make-you-budget-even-more-cheaper-and-enjoy-your-tour-to-Poland
4797,2,rent to own application,Rent-to-own-application
4798,2,annual report dd,Annual-Report-dd
4799,2,cbwf power words,CBWF-Power-Words
4800,2,mortgage deed,Mortgage-Deed
4801,2,non exclusive sales representative agreement,Non-Exclusive-Sales-Representative-Agreement
4802,2,non exclusive software reseller agreement,Non-Exclusive-Software-Reseller-Agreement
4803,2,notice of dismissal,Notice-of-Dismissal
4804,2,notice to vacate for non payment of rent,Notice-to-Vacate-for-Non-Payment-of-Rent
4805,2,series a preferred stock purchase agreement,Series-A-Preferred-Stock-Purchase-Agreement
4806,2,manual english,Manual_english
4807,2,georgia child care learning center and group day care home application packet,Georgia-Child-Care-Learning-Center-and-Group-Day-Care-Home-Application-Packet
4808,2,account closure form,Account-Closure-Form
4809,2,retention bonus agreement,Retention-Bonus-Agreement
4810,2,location independent lifestyle,The-Location-Independent-Lifestyle
4811,2,records retention policy tables,Records-Retention-Policy-Tables
4812,2,recruitment and employment agencies,recruitment_and_employment_agencies_1_
4813,2,resource cost estimate worksheet,Resource-Cost-Estimate-Worksheet_1_
4814,2,resume one page,resume-one-page
4815,2,assessment report,Sample-Assessment-Report
4816,2,regulations charter revocation and revocation appeals laws and,Regulations-Charter-Revocation-and-Revocation-Appeals---Laws-and
4817,2,dallas attorney shae armstrong helps with your immigration legal needs,Dallas-Attorney-Shae-Armstrong-Helps-With-Your-Immigration-Legal-Needs
4818,2,notice to pay rent or quit,Notice-to-Pay-Rent-or-Quit
4819,2,permit,PERMIT-TEMPLATE
4820,2,payroll direct deposit form,Payroll_Direct_Deposit_Form
4821,2,consumer news san diego city attorney office,CONSUMER-NEWS-SAN-DIEGO-CITY-ATTORNEY-OFFICE
4822,2,(template %ef%bf%bdvisa application letter),(TEMPLATE-%EF%BF%BDVISA-APPLICATION-LETTER)
4823,2,lead based paint disclosure addendum,LEAD-BASED-PAINT-DISCLOSURE-ADDENDUM
4824,2,mental health report,Mental-Health-Report
4825,2,transfer letter,Transfer-Letter
4826,2,family feud,Family-Feud-template
4827,2,medical certificate form,MEDICAL-CERTIFICATE-FORM
4828,2,this agreement made and entered into this day of,This-Agreement-made-and-entered-into-this-day-of
4829,2,ap micro summary,AP-Micro-3-7-Summary
4830,2,supervisor%ef%bf%bds checklist,SUPERVISOR%EF%BF%BDS-CHECKLIST
4831,2,ihs institutional review board (irb) checklist n,IHS-Institutional-Review-Board-(IRB)-Checklist--N-
4832,2,un common theatre company audition form,Un-Common-Theatre-Company-Audition-Form---DOC
4833,2,industry analysis checklist,Industry-Analysis-Checklist
4834,2,business business process and business system analyst resume,Business_-business-process-and-business-system-analyst-resume
4835,2,parole handbook,PAROLE-HANDBOOK
4836,2,jimmy sweeney cover letter,Jimmy-Sweeney-cover-letter
4837,2,web application development,web-application-development
4838,2,ifrs usd press release,Ifrs-Usd-Press-Release---INFOSYS-TECHNOLOGIES---4-13-2012
4839,2,letter requesting repairs,Letter-Requesting-Repairs
4840,2,greg watson resume,Greg-Watson-Resume
4841,2,mesabi trust declares distribution,Mesabi-Trust-Declares-Distribution
4842,2,weekly sales report,Weekly-Sales-Report
4843,2,kansas city missouri non profit organization registration application,Kansas-City-Missouri-Non-Profit-Organization-Registration-Application
4844,2,accounts receivable review report,Accounts-Receivable-Review---Report-Example
4845,2,balance transfer form,Balance-Transfer-Form_1_
4846,2,monthly budget worksheet with calculator,Monthly-Budget-Worksheet-With-Calculator
4847,2,cash flow forecast,Cash-Flow-Forecast-Template
4848,2,pfc tax free bonds application form,PFC-Tax-Free-Bonds-Application-Form
4849,2,personal budget worksheet,Personal-Budget-Worksheet-03
4850,2,commercial credit application,commercial-credit-application
4851,2,cover tugas,cover-tugas
4852,2,software license,Software-License
4853,2,aes student handbook,10-11-AES-Student-Handbook
4854,2,volunteer expense reimbursement form,103_Volunteer_Expense_Reimbursement_Form_20110105
4855,2,car buyers checklist,car-buyers-checklist
4856,2,settlement and mutual release agreement,Settlement-And-Mutual-Release-Agreement---PRINCETON-REVIEW-INC---4-16-2012
4857,2,osd c pp demo test script template workbook,OSD_C_-P2P-Demo-Test-Script-Template-Workbook
4858,2,california residential purchase agreement and joint escrow instructions,CALIFORNIA-RESIDENTIAL-PURCHASE-AGREEMENT-AND-JOINT-ESCROW-INSTRUCTIONS
4859,2,credit application credit application,Credit-Application-CREDIT-APPLICATION
4860,2,project business plan,Project-Business-Plan
4861,2,ielts handbook,IELTS_Handbook_2007
4862,2,earn a certificate in igi appraisals,Earn-a-Certificate-in-IGI-Appraisals
4863,2,letter of explanation,Letter-of-Explanation-_3_
4864,2,rental info,rental_info
4865,2,gps manual,GPS-manual
4866,2,purchase order template new version,Purchase-Order-Template-New-Version
4867,2,warning,Download---WARNING
4868,2,employee warning notice(),Employee-Warning-Notice(1)
4869,2,on campus employment verification,On-Campus-Employment-Verification
4870,2,employment confirmation letter,Employment-Confirmation-Letter
4871,2,notice of vacancies,Notice-of-Vacancies
4872,2,scambook complaint group report custom credit services,Scambook-Complaint-Group-Report-Custom-Credit-Services
4873,2,michigan cosmetology shop license,Michigan-Cosmetology-Shop-License
4874,2,course schedule chem fall,COURSE-SCHEDULE---CHEM-125---FALL-2008
4875,2,contoh proposal usaha makanan,CONTOH-PROPOSAL-USAHA-MAKANAN
4876,2,shared ownership shared equity,SHARED-OWNERSHIP-SHARED-EQUITY
4877,2,spelling abbreviations and symbols guide,Spelling-Abbreviations-and-Symbols-Guide
4878,2,warning letter to employee,Warning-Letter-to-Employee
4879,2,install guide,Install-guide
4880,2,delegated report,DELEGATED-REPORT-061011
4881,2,types of reactions worksheet,Types-of-Reactions-Worksheet-1
4882,2,() extension of contract time,(1806)-EXTENSION-OF-CONTRACT-TIME
4883,2,mass emailer manual de uso,mass_emailer-Manual-de-uso
4884,2,biography book report,Biography-Book-Report
4885,2,about our mortgage services,About-our-Mortgage-services
4886,2,blank application,Blank-Application
4887,2,application inventory master,Application-Inventory-Master
4888,2,ibm websphere application server,IBM_WebSphere_Application_Server
4889,2,motion picture analysis worksheet,Motion-Picture-Analysis-Worksheet
4890,2,wholesale home equity rate sheet alaska,WHOLESALE-HOME-EQUITY-RATE-SHEET-Alaska
4891,2,indirect statement,Indirect-Statement
4892,2,exclusive distribution agreement,Exclusive-distribution-agreement
4893,2,online lead generation report bc,online-lead-generation-report-B2C-2008
4894,2,maternity leave letter,maternity-leave-letter
4895,2,parental support and consent,Parental-Support-and-Consent
4896,2,template for minutes,TEMPLATE-FOR-MINUTES
4897,2,abt double sided body,Abt-Double-Sided-Body-Template
4898,2,notice of review and appeal rights,Notice-of-Review-and-Appeal-Rights
4899,2,biodiversity report,BIODIVERSITY-REPORT
4900,2,indemnification letter,Sample-INDEMNIFICATION-Letter
4901,2,request for quotation template download as,Request-for-Quotation-Template---Download-as-DOC
4902,2,texas drivers handbook,TEXAS-DRIVERS-HANDBOOK
4903,2,contract specification,Contract-Specification
4904,2,writing a summary,Writing-a-Summary
4905,2,generic employment application,Generic-Employment-Application
4906,2,visa letter request form,Visa-Letter-Request-Form
4907,2,real estate contract timelines,Real-Estate-Contract-Timelines
4908,2,national scouting report,National-Scouting-Report
4909,2,cover letters resumes correspondence letters,COVER-LETTERS-RESUMES-CORRESPONDENCE-LETTERS
4910,2,plan your next party like a pro,Plan-Your-Next-Party-Like-A-Pro
4911,2,hipaa authorization for use and disclosure,HIPAA-AUTHORIZATION-FOR-USE-AND-DISCLOSURE
4912,2,guide to discontinued wedgwood china,A_Guide_to_Discontinued_Wedgwood_China
4913,2,forexyard metatrader guide arabic,ForexYard-Metatrader-Guide-Arabic
4914,2,definitive guide to centos,The-Definitive-Guide-to-CentOS
4915,2,on site content seo checklist,On-Site-Content-Seo-Checklist
4916,2,guide to skylights vinyl windows,A_Guide_To_Skylights_Vinyl_Windows
4917,2,bussiness hibbard homes mark plan,BUSSINESS_HIBBARD_HOMES_MARK_PLAN
4918,2,notice to applicants,Notice---------to-Applicants
4919,2,audio visual request form,audio-visual-request-form
4920,2,zone file access agreement,Zone-File-Access-Agreement
4921,2,minutes of grand mark,Minutes-of-Grand-Mark-_1_
4922,2,delhi budget hotels,Delhi-Budget-Hotels
4923,2,bigtaff budget expense planner v,bigtaff-Budget-_-Expense-Planner-v1
4924,2,lease or buy,Lease-or-Buy
4925,2,request for proposal quotation,Request-for-Proposal-Quotation
4926,2,gec meetings and minutes minutes[],GEC-Meetings-and-Minutes-Minutes[967]
4927,2,cambridge certificate in advanced english,Cambridge-Certificate-In-Advanced-English
4928,2,understanding the benefits and importance of application hosting,Understanding-the-Benefits-and-Importance-of-Application-Hosting
4929,2,information security consulting is a business need,Information-Security-Consulting-Is-A-Business-Need
4930,2,mi loan activity reporting,MI_Loan_Activity_Reporting_Template
4931,2,proposal draft,proposal-draft-1
4932,2,manual blogspot tampil beda dengan nama domain milik sendiri,Manual-Blogspot-Tampil-Beda-Dengan-Nama-Domain-Milik-Sendiri
4933,2,lifeloc equipment order form,LifeLoc-Equipment-Order-Form
4934,2,last pay certificate of payment sample,last-pay-certificate-of-payment-sample-template
4935,2,monthly vehicle inspection form,MONTHLY-VEHICLE-INSPECTION-FORM
4936,2,troubleshooting guide,Troubleshooting-Guide
4937,2,hsbc finance corporation declares dividend for holders of series b preferred stock,HSBC-Finance-Corporation-Declares-Dividend-for-Holders-of-Series-B-Preferred-Stock
4938,2,emergency plan,Emergency-Plan
4939,2,problem statement download as,PROBLEM-STATEMENT---Download-as-DOC
4940,2,person centred support plan for people with dementia,Person-centred-support-plan-for-people-with-dementia---DOC
4941,2,commercial invoice and packing list,Commercial-Invoice-and-Packing-List
4942,2,talk template dark,Talk-Template-Dark
4943,2,executor legal survival guide buffalo lawyers,The-Executor-Legal-Survival-Guide-Buffalo-Lawyers
4944,2,general risk assessment form get now,General-Risk-Assessment-Form---Get-Now-DOC
4945,2,manual de procedimientos para la,MANUAL-DE-PROCEDIMIENTOS-PARA-LA---DOC
4946,2,reviewers guide hp photosmart series,Reviewers-Guide-HP-Photosmart-7200-Series
4947,2,of agenda format,SAMPLE-OF-AGENDA-FORMAT
4948,2,calling wherever you will go,Calling---Wherever-You-Will-Go
4949,2,video case teaching note,Video-Case-Teaching-Note
4950,2,aci dealing certificate,ACI-DEALING-CERTIFICATE
4951,2,waiver letter,Waiver-Letter-15
4952,2,internet publicity guide,The-Internet-Publicity-Guide
4953,2,labor agreement,LABOR-AGREEMENT
4954,2,notice of rent past due,Notice-of-Rent-Past-Due---DOC-1
4955,2,application for surrender or partial surrender of an environmental,Application-for-surrender-or-partial-surrender-of-an-environmental
4956,2,resume secrets exposed,resume-secrets-exposed
4957,2,siebel consultant core exam,Siebel-77-Consultant-Core-Exam
4958,2,officer separation agreement,Officer-Separation-Agreement---CMS-ENERGY-CORP---4-26-2012
4959,2,llc restricted unit agreement,LLC-Restricted-Unit-Agreement
4960,2,cover depan,cover-depan
4961,2,vault career guide to marketing and brand management nd edition,Vault-Career-Guide-to-Marketing-and-Brand-Management_-2nd-Edition__2001__1_
4962,2,nf letter template version,NF-Letter-Template-version-18
4963,2,fill in all the fields in the application form below (usetab to,Fill-in-all-the-fields-in-the-Application-Form-below-(UseTab-to
4964,2,certificate authority,Certificate_authority
4965,2,user%ef%bf%bds manual,User%EF%BF%BDs-Manual
4966,2,tracking report,Tracking-Report
4967,2,canon np np service repair manual,Canon-NP1010-NP-1010-Service-Repair-Manual
4968,2,honda cb service manual repair manual,HONDA_CB250_SERVICE_MANUAL_REPAIR_MANUAL_1974-1979
4969,2,honda civic repair manual,Honda_Civic_1988_repair_manual
4970,2,honda trx service repair workshop manual,HONDA_TRX350_SERVICE_REPAIR_WORKSHOP_MANUAL_2004-2006
4971,2,nissan frontier service manual,NISSAN_FRONTIER_SERVICE_MANUAL_2001-2004
4972,2,acura integra service repair manual,Acura_Integra_1994-1997_Service_Repair_Manual
4973,2,arctic cat snowmobile service repair manual,Arctic_Cat_Snowmobile_1990-1998_Service_Repair_Manual
4974,2,buell x lightning service repair manual,Buell_X1_Lightning_1999-2000_Service_Repair_Manual
4975,2,chevrolet blazer service repair manual,Chevrolet_Blazer_1992-1994_Service_Repair_Manual
4976,2,chevrolet hhr service repair manual,Chevrolet_Hhr_2005-2010_Service_Repair_Manual
4977,2,kymco people s t stroke service repair manual,Kymco_People_S_50_125_200_4t_Stroke__Service_Repair_Manual
4978,2,malaguti ciak service repair manual,Malaguti_Ciak_125-150__Service_Repair_Manual
4979,2,mitsubishi mirage service repair manual,Mitsubishi_Mirage_1997-2002_Service_Repair_Manual
4980,2,nissan pathfinder r service repair manual,Nissan_Pathfinder_R51_2008-2010_Service_Repair_Manual
4981,2,pontiac grand am service repair manual,Pontiac_Grand_Am_1999-2005_Service_Repair_Manual
4982,2,suzuki rm service repair manual,Suzuki_Rm-250_2003-2006_Service_Repair_Manual
4983,2,cadillac escalade service repair manual,Cadillac_Escalade_2002-2006_Service_Repair_Manual
4984,2,yamaha yzf service repair manual,Yamaha_Yzf-600_1996-2003_Service_Repair_Manual
4985,2,funding agreement,Funding-Agreement-Sample
4986,2,nurses guide to acne skin care ebook,Nurses-Guide-To-Acne-Skin-Care-EBook
4987,2,in cases involving driving on suspended license maryland attorney,In-cases-involving-driving-on-suspended-license-Maryland-Attorney
4988,2,experience certificate (doc),experience-certificate-(DOC)
4989,2,maryland sentencing guidelines manual,Maryland-Sentencing-Guidelines-Manual
4990,2,step by step guide to making money online,step-by-step-guide-to-making-money-online
4991,2,village of arlington heights illinois adopted budget,VILLAGE-OF-ARLINGTON-HEIGHTS-ILLINOIS-ADOPTED-BUDGET
4992,2,condominium inspection beneath the surface,Condominium-Inspection---Beneath-The-Surface
4993,2,cell cycle review worksheet,Cell-Cycle-Review-Worksheet
4994,2,shipping schedule,Shipping-Schedule
4995,2,building a document management plan part,Building-a-Document-Management-Plan---Part-1
4996,2,request for certificate of insurance,REQUEST-FOR-CERTIFICATE-OF-INSURANCE
4997,2,employment certificate,Employment-Certificate
4998,2,sale request form,Sale-Request-Form
4999,2,request for extension of,REQUEST-FOR-EXTENSION-OF
5000,2,shipping order,shipping-order
5001,2,tjhs instrument check out form,TJHS-INSTRUMENT-CHECK-OUT-FORM
5002,2,los angeles department of water and power,LOS-ANGELES-DEPARTMENT-OF-WATER-AND-POWER
5003,2,guide to natural gas fireplaces,A_Guide_to_Natural_Gas_Fireplaces
5004,2,tips on how to invest in penny stock,TIPS-ON-HOW-TO-INVEST-IN-PENNY-STOCK
5005,2,orlando disneyland vacation rental homes,Orlando_Disneyland_Vacation_Rental_Homes
5006,2,notice of class action settlement,NOTICE-OF-CLASS-ACTION-SETTLEMENT
5007,2,city of albuquerque bill,City-of-Albuquerque-Bill-Template
5008,2,course description,Course-Description-Template
5009,2,sherwin sales postion resume,Sherwin-_Sales-postion_Resume
5010,2,terms of business agreement express car insurance,TERMS-OF-BUSINESS-AGREEMENT-Express-Car-Insurance
5011,2,central securities corporation releases report to stockholders,Central-Securities-Corporation-Releases-Report-to-Stockholders
5012,2,south carolina vacation rental checklist,South_Carolina_Vacation_Rental_Checklist
5013,2,about this manual,About-this-manual
5014,2,preferred stock,Preferred-Stock
5015,2,equity valuation,Equity-Valuation
5016,2,special educational needs policy,Special-Educational-Needs-Policy
5017,2,mechanical license,Mechanical_license
5018,2,demand and forecasting,DEMAND-AND-FORECASTING
5019,2,facebook application development,Facebook-Application-Development
5020,2,hiring supervisor%ef%bf%bds orientation planning checklist,HIRING-SUPERVISOR%EF%BF%BDS-ORIENTATION-PLANNING-CHECKLIST
5021,2,auto loan application,AUTO-LOAN-APPLICATION
5022,2,executive incentive compensation plan,Executive-Incentive-Compensation-Plan---EDISON-INTERNATIONAL---5-2-2012
5023,2,physical and chemical changes worksheet,Physical-and-Chemical-Changes-Worksheet
5024,2,collective bargaining agreement,COLLECTIVE-BARGAINING-AGREEMENT
5025,2,loan policy,LOAN-POLICY
5026,2,waiver of liability release form,Waiver-of-Liability-Release-Form
5027,2,interview agenda,interview-agenda
5028,2,writing an effective resume,WRITING-AN-EFFECTIVE-RESUME
5029,2,third point letter to board may release,Third-Point-Letter-to-Board-May-3-Release
5030,2,landlord tenant law,Landlord-Tenant-Law
5031,2,excel formulas manual,Excel-Formulas-manual
5032,2,deep research report on global and china a zeolite industry,Deep-Research-Report-on-2012-Global-and-China-4A-Zeolite-Industry
5033,2,be calculative and plan before you leave for travelling,Be-calculative-and-plan-before-you-leave-for-travelling
5034,2,essential guide to internet mark,the_essential_guide_to_internet_mark
5035,2,agency card credit debt settlement,Agency-Card-Credit-Debt-Settlement
5036,2,agreement to purchase real estate,AGREEMENT_TO_PURCHASE_REAL_ESTATE
5037,2,application for internship,application-for-internship
5038,2,sss form r,SSS-Form-R-3
5039,2,banking practice basic project plan template nl v,Banking-Practice-basic-project-plan-template-200901-NL-v1
5040,2,public relations plan,Public-Relations-Plan---DOC
5041,2,consent for dental implant surgery,Consent-for-Dental-Implant-Surgery
5042,2,mail order,Mail-Order
5043,2,christmas dinner checklist,Christmas-Dinner-Checklist
5044,2,policy framework,Policy-Framework
5045,2,do not sell letter to icann,Do-Not-Sell-letter-to-ICANN
5046,2,cv updated,CV-Updated
5047,2,fx report,Free-FX-Report
5048,2,beginners guide to growing marijuana,Beginners-Guide-To-Growing-Marijuana
5049,2,media release media release,MEDIA-RELEASE-MEDIA-RELEASE
5050,2,loan submission form,Loan_Submission_Form
5051,2,texas attorney general child support,Texas-Attorney-General-Child-Support-
5052,2,supplier directory,THE-SUPPLIER-DIRECTORY
5053,2,kansas alcohol financial disclosure,Kansas-Alcohol-Financial-Disclosure
5054,2,sa residents access online personal loan sites,SA-Residents-Access-Online-Personal-Loan-Sites
5055,2,virginia beach home inspection report,Virginia-Beach-Home-Inspection-Report
5056,2,sanj samachar final report,sanj-samachar-final-report
5057,2,u fouo us army mine resistant ambush protected mrap vehicles handbook,_U-FOUO_-US-Army-Mine-Resistant-Ambush-Protected-_MRAP_-Vehicles-Handbook
5058,2,how to write a job winning resume that puts yours on top,how-to-write-a-job-winning-resume-that-puts-yours-on-top
5059,2,fair debt collection,fair-debt-collection
5060,2,sat guide,SAT_2009_Guide
5061,2,power of networking,The-Power-of-Networking
5062,2,will the democrats be able to reverse the online gambling ban,Will_the_Democrats_be_able_to_Reverse_the_Online_Gambling_Ban
5063,2,contract letter,Sample-Contract-letter
5064,2,director compensation policy,Director-Compensation-Policy---HARLEY-DAVIDSON-INC---5-10-2012
5065,2,unfc statement may bur,UNFC_Statement__May2012__Bur
5066,2,proposal of,PROPOSAL-OF
5067,2,exchange wholesale agreement version this,Exchange-Wholesale-Agreement-Version-This
5068,2,georgia department of corrections annual report (pdf),Georgia-Department-of-Corrections-Annual-Report-2003-(PDF)
5069,2,kansas std report january december (pdf),Kansas-STD-Report-January-December-2002-(PDF)
5070,2,collection development policy,Collection-----Development-Policy
5071,2,session financial projections,Session-4---Financial-Projections-Template
5072,2,bank account debit authorization,Bank-Account-Debit-Authorization
5073,2,current classic titles added to collection,Current-classic-titles-added-to-collection
5074,2,good advice from a san mateo divorce attorney,Good-Advice-from-a-San-Mateo-Divorce-Attorney
5075,2,flower delivery,Flower-Delivery
5076,2,stephanie conejos county community assessment final report,1216647089-Stephanie---Conejos-County-Community-Assessment-Final-Report
5077,2,month cash flow statement,12-month-cash-flow-statement
5078,2,meeting registration form,2012-Meeting-Registration-Form
5079,2,utah dui report to the legislature (pdf),Utah-DUI-Report-to-the-Legislature-2004-(PDF)
5080,2,bad boat credit loan,BAD-BOAT-CREDIT-LOAN
5081,2,brand extension,Brand-extension
5082,2,template for letter,Template-for-Letter
5083,2,annex e budget monitoring spreadsheet q,Annex_E_Budget_Monitoring_Spreadsheet_Q2
5084,2,application for payment procedure,Application-for-Payment-Procedure
5085,2,approved vendor list,approved-vendor-list
5086,2,choosing the right auto loan online,Choosing-the-right-auto-loan-online
5087,2,fundamental report hul,634491790250000000_Fundamental-report-HUL
5088,2,patient consent form,46___Patient_Consent_Form
5089,2,annual report for,Annual-report-for-2007
5090,2,china online and mobile payment market report,china_online_and_mobile_payment_market_report_2006
5091,2,dental implant consent form,DENTAL-IMPLANT-CONSENT-FORM
5092,2,cinema and antiquity registration form,CINEMA-AND-ANTIQUITY-REGISTRATION-FORM
5093,2,donation agreement form this donation agreement form is for the,Donation-Agreement-Form-This-donation-agreement-form-is-for-the-_1_
5094,2,customer service request form,Customer-Service-Request-Form
5095,2,bad credit cash loan,Bad-credit-cash-loan
5096,2,down payment assistance application,Down_Payment_Assistance_Application
5097,2,business plan template master,Business-Plan-Template---Master
5098,2,ca sports browse tree guide,ca_sports_browse_tree_guide
5099,2,hearing aids online purchase part,Hearing-Aids-Online-Purchase---Part-1
5100,2,k plan,401_K_Plan
5101,2,florida living will,Florida-Living-Will
5102,2,license de,License-DE
5103,2,master insertion order,Master-Insertion-Order
5104,2,xpedio software license agreement,XPEDIO-SOFTWARE-LICENSE-AGREEMENT
5105,2,mortgage assistance program,Mortgage-Assistance-Program
5106,2,mortgage loans,Mortgage-Loans
5107,2,multifamily rental underwriting,Multifamily-Rental-Underwriting-Template
5108,2,national mortgage loans,National-Mortgage-Loans
5109,2,notice of sheriffs levy and sale,NOTICE-OF-SHERIFFS-LEVY-AND-SALE
5110,2,capstone proposal,capstone_proposal_510
5111,2,final project proposal,Final_Project_Proposal
5112,2,resume writing guide,resume-writing-guide
5113,2,accounting cv sample,Accounting-CV-Sample-Template
5114,2,accounting specialist cover letter,Accounting-Specialist-Cover-Letter-sample
5115,2,cover letter for resume,cover-letter-for-resume
5116,2,sheet document imaging report,Sheet1---Document-Imaging-Report
5117,2,subcontractor payment application,Subcontractor_Payment_Application
5118,2,supplier registration database export,Supplier-Registration-Database-Export
5119,2,financial report on textile mills,Financial_report_on_textile_mills
5120,2,statement of cash flows template using the direct method,Statement-of-Cash-Flows-Template-Using-the-Direct-Method_1_
5121,2,government petroleum fund annual report,The-Government-Petroleum-Fund-Annual-Report-2000
5122,2,financial analyst cover letter,Financial-Analyst-Cover-Letter-Sample
5123,2,contract for services of independent contractor,CONTRACT-FOR-SERVICES-OF-INDEPENDENT-CONTRACTOR
5124,2,bcom part schedule,BCOM-Part-1-Schedule-2012
5125,2,adder summary,Adder-Summary
5126,2,request for proposals rfp dakota county,REQUEST-FOR-PROPOSALS-RFP-Dakota-County
5127,2,payment request form,payment_request_form
5128,2,site inspection report,Site-Inspection-Report
5129,2,game schedule,Game-Schedule
5130,2,salary,salary-template_1_
5131,2,notice of sheriff%ef%bf%bds levy and sale,NOTICE-OF-SHERIFF%EF%BF%BDS-LEVY-AND-SALE
5132,2,thank you for your interest in becoming a vendor in the sherwood,Thank-you-for-your-interest-in-becoming-a-vendor-in-the-Sherwood
5133,2,draf of the agreement of colaboration and strategic alliance,DRAF-OF-THE-Agreement-of-Colaboration-and-Strategic-Alliance
5134,2,contract language,CONTRACT-Language-Template
5135,2,guide touristique,Guide-touristique
5136,2,instructions for completing and submitting this application,Instructions-for-Completing-and-Submitting-this-Application
5137,2,visualizing the pgp web of trust,Visualizing-the-PGP-Web-of-Trust
5138,2,contract for sale of real estate,CONTRACT-FOR-SALE-OF-REAL-ESTATE
5139,2,used car loan,Used-car-loan
5140,2,worksheet math grade,worksheet-math-grade-3
5141,2,yearly budget worksheet,yearly-budget-worksheet
5142,2,training plan national code,Sample-Training-Plan-National-Code
5143,2,benefit plan,The-Benefit-Plan
5144,2,godisnji plan i program skole,Godisnji-plan-i-program-skole-2010-2011
5145,2,do you have the will to lead,Do-You-Have-the-Will-to-Lead
5146,2,plan de vida personal,PLAN-DE-VIDA-PERSONAL
5147,2,plan de gobierno,plan-de-gobierno
5148,2,this agreement and deed of easement made this,THIS-AGREEMENT-AND-DEED-OF-EASEMENT-made-this
5149,2,notice of revocation of power of attorney,Notice-of-revocation-of-power-of-attorney
5150,2,modelo plan de trabajo ulf,modelo-plan-de-trabajo-ulf
5151,2,project work plan,Sample-Project-Work-Plan
5152,2,householder application for planning permission,Householder-Application-for-Planning-Permission
5153,2,plan of action and milestones for,PLAN-OF-ACTION-and-MILESTONES-FOR
5154,2,qmrd data update form,qmrd-data-update-form
5155,2,weekly plan sheet,Weekly-Plan-Sheet
5156,2,certificate of achievement,Certificate-of-achievement
5157,2,affidavit title,affidavit-title
5158,2,verizon google legislative framework proposal,verizon_google_legislative_framework_proposal_081010
5159,2,source selection template and guide,Source-Selection---Template-and-Guide
5160,2,first semester plan for the year,The-First-Semester-Plan-For-the-Year-20082009
5161,2,financial disclosure form financial disclosure form nevada,Financial-Disclosure-Form-Financial-Disclosure-Form---Nevada
5162,2,nfl defensive rankings spreadsheet walter footballxls,2010-NFL-Defensive-Rankings-Spreadsheet---Walter-Footballxls
5163,2,tenant contact information,TENANT-CONTACT-INFORMATION
5164,2,guy roy baxter birth certificate scan,Guy-Roy-Baxter-Birth-Certificate---Scan-1
5165,2,budget format template excel,Budget-format-template---Excel
5166,2,quotation for conveyancing,Quotation-for-Conveyancing
5167,2,referee report,referee-report
5168,2,how to plan for a kitchen remodeling or renovation project,How-to-Plan-for-a-Kitchen-Remodeling-or-Renovation-Project
5169,2,form personal medication record,Form-4-Personal-Medication-Record
5170,2,conference feedback form,conference-feedback-form
5171,2,intercreditor and subordination agreement,Intercreditor-And-Subordination-Agreement---BLUE-DOLPHIN-ENERGY-CO---5-21-2012
5172,2,project initiation checklist,project-initiation-checklist
5173,2,woolworths new article summary wnas v,woolworths-new-article-summary-wnas-v3-0-2
5174,2,gis form,Gis-Form-403-Sample
5175,2,permit statistical report download now excel,Permit-Statistical-Report---Download-Now-Excel
5176,2,grievance policy,Grievance-Policy
5177,2,application for registration of telemarketer,APPLICATION-FOR-REGISTRATION-OF-TELEMARKETER
5178,2,collection letter templates,Sample-Collection-Letter-Templates
5179,2,california deed of trust,California-Deed-of-Trust
5180,2,consumer loan agreement,Consumer-Loan-Agreement
5181,2,acceptable internet policy,Acceptable-Internet-Policy-Template
5182,2,wine in emerging asia to market guide,Wine-in-Emerging-Asia-to-2016-Market-Guide
5183,2,abc dummy guide to venture capital,The-ABC-Dummy-Guide-to-Venture-Capital
5184,2,proposal cover letter,Proposal-cover-letter---DOC
5185,2,qa incoming inspection,QA-Incoming-Inspection---DOC
5186,2,still wine in emerging asia to market guide,Still-Wine-in-Emerging-Asia-to-2016-Market-Guide
5187,2,disabled person%ef%bf%bds rail card application form,Disabled-Person%EF%BF%BDs-Rail-Card-Application-Form
5188,2,entry level resume guidepdf,Entry-Level-Resume-Guidepdf
5189,2,basic resume,basic-resume-sample
5190,2,pre employment testing,Pre-Employment-Testing
5191,2,quote request,Quote-request-template
5192,2,section i executive summary,SECTION-I-EXECUTIVE-SUMMARY
5193,2,biodata form,biodata-form
5194,2,power factor correction,Power-factor-correction
5195,2,upsc annual report,UPSC-annual-report-2010-11
5196,2,power of attorney get as,Power-of-Attorney---Get-as-DOC
5197,2,irrevocable special power of attorney,IRREVOCABLE-SPECIAL-POWER-OF-ATTORNEY
5198,2,contractor safety management procedure,Contractor-safety-management-procedure
5199,2,property investment strategies vendor finance,Property-investment-strategies---vendor-finance
5200,2,plantilla del plan de unidad,Plantilla-del-plan-de-unidad
5201,2,california lemon law attorney michael vachon,California-Lemon-Law-Attorney-Michael-Vachon
5202,2,marketing audit,marketing-audit
5203,2,yr sample letter for request,15-Yr-Sample-Letter-for-Request
5204,2,standard appointment letter of offer download as,Standard-Appointment-Letter-of-Offer---Download-as-DOC
5205,2,trinidad and tobago oil and gas report q,Trinidad-and-Tobago-Oil-And-Gas-Report-Q2-2012
5206,2,amendment to a contract[],Amendment-to-a-Contract[1]
5207,2,downtown revitalization letter of intent,2010-Downtown-Revitalization-Letter-of-Intent
5208,2,blank commercial invoice,Blank-Commercial-Invoice
5209,2,warning labels,SAMPLE-WARNING-Labels
5210,2,contract nr,CONTRACT-nr
5211,2,sirmadam we have seen your resume,SIRMADAM-WE-HAVE-SEEN-YOUR-RESUME_
5212,2,screening agenda and staff analysis,SCREENING-AGENDA-AND-STAFF-ANALYSIS
5213,2,cv europeo,CV-EUROPEO
5214,2,mazda maintenance schedule,Mazda3-Maintenance-Schedule
5215,2,duty statement,Duty-Statement
5216,2,commercial mortgage loans,Commercial-Mortgage-Loans
5217,2,comma worksheet,Comma-Worksheet
5218,2,how to generate qualified subprime mortgage leads per day,How-to-Generate-27-Qualified-Subprime-Mortgage-Leads-Per-Day
5219,2,financial consulting agreement,Financial-Consulting-Agreement---DOC
5220,2,golf sponsorship letter,Golf-Sponsorship-letter-2010
5221,2,subscription form,subscription-form
5222,2,commercial net lease for part of building[],Commercial-Net-Lease-for-Part-of-Building[1]
5223,2,caregiver application,Caregiver-Application
5224,2,commercial sublease,Commercial-Sublease
5225,2,printable certificate b,Free-Printable-Certificate-2b
5226,2,scannable resume,Scannable-Resume---DOC
5227,2,expenses claim form,SAMPLE-EXPENSES-CLAIM-FORM
5228,2,electricity worksheet,Electricity-Worksheet
5229,2,contract closeout flowchart,Contract-Closeout-Flowchart---DOC
5230,2,resume curriculum vitae formate,Resume-Curriculum-vitae-formate
5231,2,letter to,Letter-to
5232,2,aci settlements certificate examination,The-ACI-Settlements-Certificate-Examination---DOC
5233,2,sun certified enterprise architect quick reference,Sun-Certified-Enterprise-Architect-Quick-Reference
5234,2,letterhead template for resources,Letterhead-template-for-Resources
5235,2,professional growth and development plan,Professional-Growth-and-Development-Plan
5236,2,documentatie atribuire achizitie audit,documentatie-atribuire-achizitie-audit-2
5237,2,llc operating agreement for single member llc,LLC-Operating-Agreement-for-Single-Member-LLC
5238,2,professional development plan template,Professional-Development-Plan-Template---DOC-1
5239,2,student discipline handbook,STUDENT-DISCIPLINE-HANDBOOK
5240,2,going green a guide to being more energy efficient,Going-Green_-A-Guide-To-Being-More-Energy-Efficient
5241,2,disclaimer of liability,DISCLAIMER-OF-LIABILITY
5242,2,sellers affidavit no creditors,Sellers-Affidavit----No-Creditors
5243,2,stock agreement,Stock-Agreement
5244,2,demand and supply crude oil,DEMAND-AND-SUPPLY-CRUDE-OIL
5245,2,insanity workout schedule,INSANITY-Workout-Schedule
5246,2,recruitment letter,Sample-Recruitment-Letter
5247,2,sex education policy and politics,sex-education-policy-and-politics
5248,2,ebook english toefl test and score manual,_ebook---english_---TOEFL---Test-and-Score-Manual
5249,2,aone strategic plan,AONE-STRATEGIC-PLAN
5250,2,exclusive agency agreement,Exclusive-Agency-Agreement
5251,2,zumba waiver form,Zumba-Waiver-Form
5252,2,of employment,of-employment
5253,2,refund requests,Refund-Requests
5254,2,job offer rejection letter,Job-Offer-Rejection-Letter
5255,2,invoice template,Free-Invoice-Template---DOC
5256,2,in the employment tribunal,IN-THE-EMPLOYMENT-TRIBUNAL
5257,2,proxy form,proxy-form-2011
5258,2,super seo guide,Super-Seo-Guide
5259,2,philippine constitution,1987-Philippine-Constitution
5260,2,city attorney city of san diego,City-Attorney-City-of-San-Diego
5261,2,credit card agreement,CREDIT-CARD-AGREEMENT
5262,2,asset purchase agreement this asset purchase agreement the rtf,Asset-Purchase-Agreement-This-Asset-Purchase-Agreement-_the-rtf
5263,2,affidavit of no insurance,Affidavit-of-No-Insurance
5264,2,netherlands metals report q,Netherlands-Metals-Report-Q2-2012
5265,2,template business case,Template-Business-Case
5266,2,massage therapy business plan,Download-Massage-Therapy-Business-Plan-Template
5267,2,general donation request letter,General-Donation-Request-Letter
5268,2,confidential private placement memorandum,CONFIDENTIAL-PRIVATE-PLACEMENT-MEMORANDUM
5269,2,handbook of project management,The-Handbook-of-Project-Management
5270,2,catalyst weekly sales report,Catalyst-weekly-sales-report
5271,2,using invoice discounting for cash flow,Using_Invoice_Discounting_For_Cash_Flow
5272,2,fault tolerant flight control techniques with application to a quadrotor uav testbed,Fault-tolerant-flight-control-techniques-with-application-to-a-quadrotor-uav-testbed
5273,2,purchase of printed books of urdu,Purchase-of-Printed-Books-of-Urdu
5274,2,detox plan for body mind and spirit,detox_plan_for_body_mind_and_spirit
5275,2,bosch power tools,Bosch-Power-Tools
5276,2,summary chart,SUMMARY-CHART
5277,2,belize economic report for [],Belize-Economic-Report-for-2006[1]
5278,2,british virgin islands economic report for [],British-Virgin-Islands-Economic-Report-for-2006[1]
5279,2,odesk cover letter,Odesk-Cover-Letter
5280,2,zombie survival guide,Zombie-survival-guide
5281,2,dominica economic report for [],Dominica-Economic-Report-for-2006[1]
5282,2,grenada economic report for [],Grenada-Economic-Report-for-2006[1]
5283,2,guyana economic report for [],Guyana-Economic-Report-for-2006[1]
5284,2,independent contractor agreementdoc,Independent-Contractor-Agreementdoc
5285,2,jamaica economic report for [],Jamaica-Economic-Report-for-2006[1]
5286,2,montserrat economic report for [],Montserrat-Economic-Report-for-2006[1]
5287,2,power words,power-words
5288,2,project planning checklist,Project-Planning-Checklist
5289,2,cheque collection locations standard chartered bank india,Cheque-Collection-Locations---Standard-Chartered-Bank-India
5290,2,template a,TEMPLATE-A
5291,2,madison dane county general application,Madison-Dane-County-General-Application
5292,2,st and nd mortgage refinance loan why refinance both mortgages,1st-And-2nd-Mortgage-Refinance-Loan-Why-Refinance-Both-Mortgages
5293,2,guide to choosing sunglasses,A_Guide_to_Choosing_Sunglasses
5294,2,bad credit loan,Bad_Credit_Loan
5295,2,natural skin care guide,Natural-Skin-Care-Guide
5296,2,guide to jewelry care and repair,Guide-To-Jewelry-Care-And-Repair
5297,2,guide to natural beauty tips,Guide-to-Natural-Beauty-Tips
5298,2,can you lose weight without a weight loss plan,Can_You_Lose_Weight_Without_A_Weight_Loss_Plan_
5299,2,application for provisional accred,Application-for-Provisional-Accred
5300,2,incident form,Incident-Form
5301,2,amendment no to loan agreement,Amendment-No-1-To-Loan-Agreement---HOOKER-FURNITURE-CORP---6-6-2012
5302,2,form of caste certificate,THE-FORM-OF-CASTE-CERTIFICATE
5303,2,proforma invoice non commercial shipments,proforma-Invoice-non-commercial-shipments-sample
5304,2,job safety and environmental analysis worksheet,Job-Safety-and-Environmental-Analysis-Worksheet
5305,2,home loan tips,Home-Loan-tips
5306,2,table of contents nordstrom supplier compliance,Table-of-Contents-Nordstrom-Supplier-Compliance
5307,2,workshop feedback form,Workshop-Feedback-Form---DOC
5308,2,burndy cross reference table,Burndy-Cross-Reference-Table
5309,2,g a expense budget,G-A-Expense-Budget
5310,2,billing statement l,billing-statement_L
5311,2,employee timesheet l,employee-timesheet_L
5312,2,employee timesheet with breaks l,employee-timesheet-with-breaks_L
5313,2,food stock take,Food-Stock-Take-Template
5314,2,equipment rental agreement,Equipment-rental-agreement
5315,2,schedule for year old class,Schedule-for-2-3-Year-Old-Class---DOC
5316,2,consumer demand,Consumer-Demand
5317,2,schengen visa form,Schengen-Visa-Form
5318,2,payment plan agreement,Payment-Plan-Agreement
5319,2,order by keyword,The-ORDER-BY-Keyword
5320,2,form b,FORM-B-5
5321,2,caribbean ecomics report part[],The-Caribbean-Ecomics-Report-----Part1[1]
5322,2,mobile application development india,Mobile-Application-Development-India
5323,2,social media implementation checklist,Social-Media-Implementation-Checklist
5324,2,incident management policy,Incident-Management-Policy-Template
5325,2,gantt chart template download as excel,Gantt-Chart-Template---Download-as-Excel
5326,2,report to cabinet gateshead council,REPORT-TO-CABINET-Gateshead-Council
5327,2,to whomsoever it may concern experience certificate format,to-whomsoever-it-may-concern-experience-certificate-format
5328,2,abstract cd template,Abstract-CD-Template---DOC
5329,2,agenda san joaquin county,AGENDA-San-Joaquin-County
5330,2,home a loan,Home_A_Loan
5331,2,how to pick a general contractor for new home construction or remodeling,How-To-Pick-A-General-Contractor-For-New-Home-Construction-Or-Remodeling
5332,2,home equity loan,Home_Equity_Loan
5333,2,memorandum of understanding for,MEMORANDUM-OF-UNDERSTANDING-FOR
5334,2,how to apply for a fixed auto loan,How_to_apply_for_a_fixed_auto_loan
5335,2,moneybookers gateway manual,moneybookers_gateway_manual
5336,2,how to stretch your student loan,How_To_Stretch_Your_Student_Loan
5337,2,road justice new york construction accident attorney,Road-Justice-New-York-Construction-Accident-Attorney
5338,2,sunday schedule,SUNDAY-Schedule
5339,2,breach of contract,breach-of-contract
5340,2,figure consulting,6-Figure-Consulting
5341,2,make guide moneybag,Make-_100-Guide---MoneyBag
5342,2,mobile marketing planning checklist,Mobile-Marketing-Planning-Checklist
5343,2,membership information form,Membership-Information-Form
5344,2,independent exposure method in electron beam lithography,Independent-exposure-method-in-electron-beam-lithography
5345,2,jewelry store software will help small jewelers compete with the big guys,Jewelry_Store_Software_Will_Help_Small_Jewelers_Compete_With_The__Big_Guys_
5346,2,utah contractor license,Utah-Contractor-License
5347,2,operativni plan i program,Operativni-plan-i-program
5348,2,addendum to rental agreement,ADDENDUM-TO-RENTAL-AGREEMENT
5349,2,expert guide to opt in list building,The-Expert-Guide-to-Opt-in-List-Building
5350,2,cctv policy,CCTV-policy
5351,2,proposal bantuan,Proposal-Bantuan
5352,2,how to create a website guide,how-to-create-a-website-guide
5353,2,promotion letter,promotion-letter-sample
5354,2,omniform form,OmniForm-Form---DOC
5355,2,staffing services agreement,2008-Staffing-Services-Agreement
5356,2,%ef%bf%bdformulation and evaluation of sustained release tablets of,%EF%BF%BDFORMULATION-AND-EVALUATION-OF-SUSTAINED-RELEASE-TABLETS-OF-
5357,2,template for writing a music business plan,Template-for-Writing-a-Music-Business-Plan
5358,2,plan nacional de contingencia,plan-nacional-de-contingencia
5359,2,draw jewelry order form,DRAW-JEWELRY-ORDER-FORM
5360,2,final report format,FINAL-REPORT-FORMAT
5361,2,application no child left behind blue ribbon schools,Application-2006-2007-No-Child-Left-Behind---Blue-Ribbon-Schools
5362,2,overview of financial statement analysis,Overview-of-Financial-Statement-Analysis
5363,2,how to teach supply and demand,HOW-TO-TEACH-SUPPLY-AND-DEMAND
5364,2,official guide to,The-Official-Guide-to
5365,2,motion lighting using solar power,Motion-Lighting-Using-Solar-Power
5366,2,cellulite treatment the cellulite checklist,Cellulite_Treatment___The_Cellulite_Checklist
5367,2,vso request for perkins funds,VSO-REQUEST-FOR-PERKINS-FUNDS
5368,2,claim form,Claim-Form
5369,2,offer to purchase ns,offer_to_purchase_ns
5370,2,solicitation letter to new employees,Sample-Solicitation-Letter-to-New-Employees
5371,2,easter pastoral letter,EASTER-2009-PASTORAL-LETTER
5372,2,letter of recommendations,Letter-of-recommendations
5373,2,lettre de recommandationletter of recommendation,Lettre-de-recommandationLetter-of-recommendation
5374,2,florida medicaid health plan application,FLORIDA-MEDICAID-HEALTH-PLAN-APPLICATION
5375,2,authorization for release of records,AUTHORIZATION-FOR-RELEASE-OF-RECORDS
5376,2,safe recruitment form,Safe-Recruitment-Form
5377,2,bi monthly progress summary report final,6-Bi-Monthly-Progress-Summary-Report-FINAL
5378,2,independent contractor agreement between,Independent-Contractor-Agreement-between
5379,2,job appointment letter,job-appointment-letter
5380,2,fax cover page,FAX-Cover-Page
5381,2,quick guide on dental braces,Quick_Guide_on_Dental_Braces
5382,2,self assessment checklist,Self-Assessment-Checklist
5383,2,contract de comodat,CONTRACT-DE-COMODAT
5384,2,common stock warrant moneyflow systems international inc,Common-Stock-Warrant-MONEYFLOW-SYSTEMS-INTERNATIONAL-INC-6-14-2012
5385,2,explanatory memorandum,Explanatory-Memorandum
5386,2,proposal individu skb bisnis krupuk ikan,PROPOSAL-INDIVIDU-SKB-BISNIS-KRUPUK-IKAN-05
5387,2,cv ornegi,cv-ornegi-02
5388,2,medical records release authorization,MEDICAL-RECORDS-RELEASE-AUTHORIZATION
5389,2,application of eu competition law under financial crisis,Application-of-EU-Competition-Law-under-Financial-Crisis
5390,2,unconditional waiver and release upon final payment,UNCONDITIONAL-WAIVER-AND-RELEASE-UPON-FINAL-PAYMENT
5391,2,php switch statement,The-PHP-Switch-Statement
5392,2,after incident report,After-Incident-Report
5393,2,short term rental agreement,SHORT-TERM-RENTAL-AGREEMENT---DOC
5394,2,power of pretending,The-Power-of-Pretending
5395,2,global serviced apartments industry report,The-Global-Serviced-Apartments-Industry-Report
5396,2,wilson school district incident report,WILSON-SCHOOL-DISTRICT-INCIDENT-REPORT
5397,2,employment law not getting paid for work completed,Employment-Law-Not-Getting-Paid-For-Work-Completed
5398,2,iso audit checklist,ISO-27001-Audit-Checklist
5399,2,request for assistance,Request-For-Assistance
5400,2,brc audit checklist,BRC-Audit-Checklist
5401,2,return merchandise authorization,Return-Merchandise-Authorization
5402,2,streamlined sales and use tax agreement,Streamlined-Sales-and-Use-Tax-Agreement----1
5403,2,mesothelioma attorney san diego,Mesothelioma-attorney-san-diego
5404,2,letter request to appoint,SAMPLE-LETTER-REQUEST-TO-APPOINT
5405,2,th grade curriculum guide in filipino,4th-Grade-Curriculum-Guide-in-Filipino
5406,2,accounting cover letter,Sample-Accounting-Cover-Letter---DOC
5407,2,nikah form,Nikah-Form
5408,2,matematik yillik plan,11-Matematik-1-yillik-plan
5409,2,response to initiating application,Response-to-Initiating-Application
5410,2,open joint stock company,Open-Joint-Stock-Company
5411,2,order granting motion to dismiss,Order-Granting-Motion-to-Dismiss
5412,2,plan compras,plan-compras-2012
5413,2,arab social media report,Arab-Social-Media-Report
5414,2,judge a magazine by its cover how professional website design might help,Judge-A-Magazine-By-Its-Cover_-How-Professional-Website-Design-Might-Help_
5415,2,market forces of supply and demand,The-Market-Forces-of-Supply-and-Demand
5416,2,power purchase agreement ( )doc,Power-Purchase-Agreement-(00016344-2)DOC
5417,2,guide to online payment processors,A-Guide-To-Online-Payment-Processors
5418,2,tropical cyclone report,Tropical-Cyclone-Report
5419,2,costing the contract,Costing-the-contract
5420,2,application form for employment with cafcass,APPLICATION-FORM-FOR-EMPLOYMENT-WITH-CAFCASS---DOC
5421,2,risk assessment form for scouting activities th sutton coldfield,Risk-Assessment-form-for-scouting-activities-5th-Sutton-Coldfield
5422,2,risk assessment template,risk-assessment-template---DOC
5423,2,guide to wedding gift ideas,A_Guide_To_Wedding_Gift_Ideas
5424,2,cv arabic,CV-Arabic
5425,2,doc form f j,doc-Form-F3-J
5426,2,loan submission form direct federal mortgage inc,LOAN-SUBMISSION-FORM-Direct-Federal-Mortgage-Inc
5427,2,medical claim form,MEDICAL-CLAIM-FORM
5428,2,acknowledgement and acceptance of order,ACKNOWLEDGEMENT-AND-ACCEPTANCE-OF-ORDER
5429,2,affidavit of validity of power of attorney,AFFIDAVIT-OF-VALIDITY-OF-POWER-OF-ATTORNEY
5430,2,notice of unpaid invoice,NOTICE-OF-UNPAID-INVOICE
5431,2,request for credit report,REQUEST-FOR-CREDIT-REPORT
5432,2,refinance your mortgage for rate and payment reductions,Refinance-Your-Mortgage-for-Rate-and-Payment-Reductions
5433,2,hot penny stock picks,Hot-Penny-Stock-Picks
5434,2,nzcs import permit list,NZCS-import-permit-list
5435,2,five year strategic plan,FIVE---YEAR-STRATEGIC-PLAN
5436,2,model cv european,model-CV-european
5437,2,general cover letter format,General-Cover-Letter-Format-2
5438,2,leave form,LEAVE-FORM
5439,2,atab navy application v,ATAB-NAVY-Application-v1
5440,2,basic cover letter,Basic-Cover-Letter-Template
5441,2,game plan,Game-Plan
5442,2,f modular mission computer application software,F-16-Modular-Mission-Computer-Application-Software
5443,2,liquor license,Liquor-License
5444,2,supplier new,supplier-new
5445,2,attorney jobs missouri,Attorney-Jobs-Missouri
5446,2,us army field manual fm civil disturbance operations,US-Army-Field-Manual-FM-3-1915_-Civil-Disturbance-Operations
5447,2,landlord tenant,LANDLORD-TENANT
5448,2,how to embed ad code anywhere in your blogger,How-to-Embed-Ad-Code-Anywhere-in-Your-Blogger-Template
5449,2,letter of intent or memorandum of cooperation,LETTER-OF-INTENT-or-MEMORANDUM-OF-COOPERATION
5450,2,template preliminary budget estimate,Template-Preliminary-Budget-Estimate
5451,2,tenant involvement,Tenant-involvement
5452,2,web design and development contract,Web-Design-and-Development-Contract-Sample
5453,2,worksheet a,Worksheet-A
5454,2,stock assignment,stock-assignment
5455,2,call center operation guide,Call-Center-Operation-Guide
5456,2,pitch then plan business planning,The-Pitch-Then-Plan-Business-Planning-Template
5457,2,deep research report on global and china high purity alumina industry,2012-Deep-Research-Report-on-Global-and-China-High-Purity-Alumina-Industry
5458,2,incidentaccident report form,INCIDENTACCIDENT-REPORT-FORM
5459,2,restaurant employee handbook,Restaurant-Employee-Handbook---DOC
5460,2,teacher salary schedule,Teacher-Salary-Schedule-2012-2013
5461,2,cover letter get now,Sample-Cover-Letter---Get-Now-DOC
5462,2,note this word document is provided as a model to help you,NOTE-This-word-document-is-provided-as-a-model-to-help-you
5463,2,letter to news media,Sample-Letter-to-News-Media
5464,2,vapg proposal %ef%bf%bd planning project,VAPG-Proposal-%EF%BF%BD-Planning-Project
5465,2,guideline on establishing the internal audit plan,Guideline-on-Establishing-the-Internal-Audit-Plan
5466,2,of executive summary,Sample-of-Executive-Summary
5467,2,professional services invoice,18-Professional-Services-Invoice
5468,2,samples of weak letters of recommendation,SAMPLES-OF-WEAK-LETTERS-OF-RECOMMENDATION---DOC
5469,2,hair extension wholesale,Hair-Extension-Wholesale
5470,2,tutoring registration form,Tutoring-Registration-Form---DOC
5471,2,equity report,EQUITY-REPORT
5472,2,real estate property attorney,Real-Estate-Property-Attorney
5473,2,blank resume form,Blank-Resume-Form
5474,2,chris van der westhuizen cv,Chris-van-der-Westhuizen---CV
5475,2,strategy and policy,Strategy-and-Policy
5476,2,queries raised by director tariff on arr and tariff application of,Queries-raised-by-Director-_Tariff_-on-ARR-and-Tariff-Application-of-
5477,2,putting an oxbridge application into context,Putting-an-Oxbridge-application-into-context
5478,2,discussion guide,DISCUSSION-GUIDE
5479,2,whiskey in middle east to market guide,Whiskey-in-Middle-East-to-2016-Market-Guide
5480,2,pre k schedule,Pre-K-Schedule-2002-2003
5481,2,research proposal (example),Research-Proposal-(Example)
5482,2,cv template download now,CV-template---Download-Now-DOC
5483,2,pdf,pdf-template
5484,2,business startup expense worksheet,Business-Startup-Expense-Worksheet
5485,2,cover letter doc,The-Cover-Letter---DOC---DOC
5486,2,report card for,Report-Card-for
5487,2,order management recommended use,Order-Management-Recommended-Use
5488,2,mortgage underwriting services,Mortgage-Underwriting-Services
5489,2,why you should create a camping checklist for yourself,Why-You-Should-Create-a-Camping-Checklist-for-Yourself
5490,2,why you should create a checklist for your next hiking trip,Why-You-Should-Create-a-Checklist-for-Your-Next-Hiking-Trip
5491,2,why you should plan your next hiking adventure in advance,Why-You-Should-Plan-Your-Next-Hiking-Adventure-in-Advance
5492,2,end user license agreement eula,End-User-License-Agreement-_EULA_
5493,2,letter of warning,Letter-of-Warning
5494,2,power flow and harmonic solution modes,Power-Flow-and-Harmonic-Solution-Modes
5495,2,international affiliates charter agreement,International-Affiliates-Charter-Agreement
5496,2,car insurance quote details available to sa drivers,Car-Insurance-Quote-Details-Available-To-SA-Drivers
5497,2,custom lapel pins buyers guide,Custom-Lapel-Pins-Buyers-Guide
5498,2,structured settlement,Structured-Settlement
5499,2,blank ubd planning template,Blank-UbD-Planning-Template---DOC
5500,2,proceedings template word,Proceedings-Template---WORD
5501,2,report title,Report-Title
5502,2,request for quote form,REQUEST-FOR-QUOTE-FORM---DOC
5503,2,professional indemnity proposal form,Professional-Indemnity-Proposal-Form
5504,2,asset backed and residential mortgage naic,Asset-Backed-and-Residential-Mortgage-NAIC
5505,2,job hazard identification form,Job-Hazard-Identification-Form
5506,2,specialists in landlord insurance,Specialists-in-Landlord-Insurance
5507,2,form accounts,FORM-1-ACCOUNTS
5508,2,form united states estate tax return,Form-706--United-States-Estate-Tax-Return
5509,2,top writers around the world will write for you outsourcing,Top-Writers-Around-The-World-Will-Write-For-You-Outsourcing
5510,2,random pc reboot power supply,The-Random-PC-Reboot---power-supply
5511,2,form vat,FORM-VAT-7
5512,2,social media strategy,Social-Media-Strategy-Template
5513,2,official countdown review james michael sayer guide,2012-Official-Countdown-Review---James-Michael-Sayer-Guide
5514,2,common grant application form,COMMON-GRANT-APPLICATION-FORM
5515,2,daily equty report by epic research july,DAILY-EQUTY-REPORT-BY-EPIC-RESEARCH-03-JULY-2012
5516,2,daily agri report by epic research july,DAILY-AGRI-REPORT-BY-EPIC-RESEARCH-03-JULY-2012
5517,2,daily commodity report by epic research july,DAILY-COMMODITY-REPORT-BY-EPIC-RESEARCH-03-JULY-2012
5518,2,auto loan new car,Auto_Loan_New_Car
5519,2,to send in your enquiry please download this form and return the,To-send-in-your-enquiry-please-download-this-form-and-return-the
5520,2,budget proposals,Budget-proposals
5521,2,density worksheet download now,Density-Worksheet---Download-Now-DOC
5522,2,application developer resume,application-developer-resume-template
5523,2,brochure template,Brochure-Template---DOC
5524,2,website maintenance agreement,website-maintenance-agreement
5525,2,key evaluation checklist,KEY-EVALUATION-CHECKLIST
5526,2,annex %ef%bf%bd template of project fiche for ipa programmes,Annex-16-%EF%BF%BD-Template-of-Project-Fiche-for-IPA-programmes
5527,2,sales consultant resume,sales-consultant-resume-template
5528,2,aia contract documents,AIA-Contract-Documents---DOC
5529,2,finders fee referral agreement,Finders-Fee-Referral-Agreement
5530,2,one tower bridge report,one-tower-bridge-report---DOC
5531,2,contractual agreement,CONTRACTUAL-AGREEMENT
5532,2,collective agreement,COLLECTIVE-AGREEMENT
5533,2,business plan template,Business-Plan-Template---DOC-4
5534,2,contract award letter,SAMPLE-CONTRACT-AWARD-LETTER
5535,2,bplan worksheet rubric,BPlan-Worksheet-5-Rubric
5536,2,planning,PLANNING-TEMPLATE
5537,2,process handbook,Process-Handbook
5538,2,integrated billing technical manual,Integrated-Billing-Technical-Manual
5539,2,lien waiver instructions,Lien-Waiver-Instructions
5540,2,standard estimate form,Standard-Estimate-Form
5541,2,template incidentaccident report form,TEMPLATE-3-INCIDENTACCIDENT-REPORT-FORM---DOC
5542,2,quality checklist,Quality-Checklist-Template
5543,2,project budget template excel,Project-Budget-Template---Excel
5544,2,resume formats,Resume-Formats
5545,2,birth cert application form,Birth-cert-application-form
5546,2,leed canada for homes checklist,LEED-Canada-for-Homes-2009-Checklist
5547,2,guide for new tenants,Guide-for-new-tenants
5548,2,mentoring partnership agreement,Mentoring-Partnership-Agreement
5549,2,shipping instruction form,shipping-instruction-form---DOC
5550,2,proposal template download now,Proposal-Template---Download-Now-DOC
5551,2,travel request,travel-request
5552,2,project proposal download now,Project-Proposal---Download-Now-DOC
5553,2,request for proposalquotation,Request-for-ProposalQuotation
5554,2,resume of dr,RESUME-OF-Dr
5555,2,business process procedure,Business-Process-Procedure-Template
5556,2,personal sample letter,Personal-Sample-Letter-2
5557,2,referral letter,Referral-Letter---DOC
5558,2,competency checklist,Competency-checklist
5559,2,change and configuration management plan,Change-and-Configuration-Management-Plan-Template
5560,2,communications plan excel,Communications-Plan-EXCEL
5561,2,advertising booking form,Advertising-Booking-Form
5562,2,read instructions before completing this application,Read-Instructions-Before-Completing-This-Application
5563,2,job description template,JOB-DESCRIPTION-TEMPLATE---DOC
5564,2,ch inventory systems for independent demand,Ch-14-Inventory-Systems-for-Independent-Demand
5565,2,rapid hiv test informed consent form download as,Rapid-HIV-Test-Informed-Consent-Form---Download-as-DOC
5566,2,dasny contract construction phase services,DASNY-Contract-Construction-Phase-Services
5567,2,registration packet cover letter,REGISTRATION-PACKET-COVER-LETTER
5568,2,logo design agreement,logo-design-agreement
5569,2,project proposal get as,Project-Proposal---Get-as-DOC
5570,2,format of a business letter,Format-of-a-Business-Letter
5571,2,template letter request for business support,template-letter-request-for-business-support-2012-11615
5572,2,parental guaranty,Parental-Guaranty
5573,2,outline for a marketing plan,outline-for-a-marketing-plan
5574,2,business project proposal,business-project-proposal-template
5575,2,offer letter procedures,OFFER-LETTER-PROCEDURES
5576,2,certification of contract,CERTIFICATION-OF-CONTRACT
5577,2,product proposal,Download-Product-Proposal-Template
5578,2,researchers in business final report,RESEARCHERS-IN-BUSINESS-FINAL-REPORT-TEMPLATE
5579,2,issue brief,Issue-Brief-Template
5580,2,greenwich industrial estate report,greenwich-industrial-estate-report
5581,2,registration formtax invoice,Registration-FormTax-Invoice
5582,2,masonry guide specification,MASONRY-GUIDE-SPECIFICATION
5583,2,stock no,STOCK-NO
5584,2,purchasing agent resume,purchasing-agent-resume-template
5585,2,format for informed consent document,SAMPLE-FORMAT-FOR-INFORMED-CONSENT-DOCUMENT
5586,2,instructions form,instructions-form
5587,2,menyusun proposal penawaran ppt,Menyusun-proposal-penawaran-1ppt
5588,2,company profile worksheet,Company-Profile-Worksheet
5589,2,identify the letter of the choice that best completes,Identify-the-letter-of-the-choice-that-best-completes
5590,2,press release for immediate release,Press-Release-For-Immediate-Release
5591,2,nb this form will be treated as confidential,NB-This-form-will-be-treated-as-confidential
5592,2,irrevocable standby letter of credit,IRREVOCABLE-STANDBY-LETTER-OF-CREDIT
5593,2,money request,Money-Request
5594,2,will writer,The-Will-Writer
5595,2,renewal application,Renewal-Application
5596,2,penggunaan metode tutor sebaya (contoh proposal ptk),Penggunaan-Metode-Tutor-Sebaya-(contoh-Proposal-PTK)
5597,2,contract documents,CONTRACT-DOCUMENTS
5598,2,daniel stock,Daniel-Stock
5599,2,operations order,OPERATIONS-ORDER
5600,2,cover latter,Sample-Cover-latter-_1_
5601,2,of a cover letter,example-of-a-cover-letter
5602,2,limited partnership,LIMITED-PARTNERSHIP
5603,2,manual of financial procedures section,Manual-of-Financial-Procedures-section-21
5604,2,model healthy beverage vending agreement,Model-Healthy-Beverage-Vending-Agreement
5605,2,career goals worksheet,Career-Goals-Worksheet---DOC
5606,2,sign up form,Sign-Up-Form
5607,2,letter head blank,LETTER-HEAD-BLANK---DOC-7
5608,2,memorandum on bearer shares custodianship,MEMORANDUM-ON-BEARER-SHARES-CUSTODIANSHIP
5609,2,teacher appreciation week letter,sample-teacher-appreciation-week-letter
5610,2,invoice template download as,Invoice-Template---Download-as-DOC
5611,2,wedding program,wedding-program-template
5612,2,resume template download now,Free-Resume-Template---Download-Now-DOC
5613,2,concept proposal,Concept-Proposal
5614,2,stock market project,Stock-Market-Project
5615,2,template for letter from school superintendents,Template-for-Letter-from-School-Superintendents
5616,2,joomla,joomla-template
5617,2,reference number,Reference-Number
5618,2,schoolwide plan peer review,Schoolwide-Plan-Peer-Review-Template
5619,2,we report you decide mezuzah scrolls,21-We-Report-You-Decide---Mezuzah-Scrolls
5620,2,analytical report,ANALYTICAL-REPORT---DOC
5621,2,writing a business report,Writing-a-Business-Report
5622,2,communicating cover letter,Communicating-Cover-Letter-Template
5623,2,project status,Project-Status-Template
5624,2,guide to pc security,Guide-to-PC-Security
5625,2,letter requesting an information interview,Letter-Requesting-an-Information-Interview
5626,2,as payroll resume,AS400-Payroll-Resume
5627,2,account executive resume,Account-Executive-Resume
5628,2,account representative resume,Account-Representative-Resume
5629,2,accountant resume,Accountant-Resume
5630,2,accounting associate resume,Accounting-Associate-Resume
5631,2,actuarial resume,Actuarial-Resume
5632,2,application architect resume,Application-Architect-Resume
5633,2,application support resume,Application-Support-Resume
5634,2,as manager resume,AS400-Manager-Resume
5635,2,asic engineer resume,ASIC-Engineer-Resume
5636,2,asset manager resume,Asset-Manager-Resume
5637,2,associate engineer resume,Associate-Engineer-Resume
5638,2,bindery resume,Bindery-Resume
5639,2,building manager resume,Building-Manager-Resume
5640,2,business development director resume,Business-Development-Director-Resume
5641,2,business resume,Business-Resume-Sample
5642,2,call center manager resume,Call-Center-Manager-Resume
5643,2,ceo banking resume,CEO-Banking-Resume
5644,2,economics resume,Economics-Resume
5645,2,ceo resume,CEO-Resume
5646,2,chemist resume,Chemist-Resume
5647,2,cio resume,CIO-Resume
5648,2,civil engineer resume,Civil-Engineer-Resume
5649,2,client relations resume,Client-Relations-Resume
5650,2,communications electrician resume,Communications-Electrician-Resume
5651,2,communications resume,Communications-Resume
5652,2,construction director resume,Construction-Director-Resume
5653,2,consulting manager resume,Consulting-Manager-Resume
5654,2,controller resume,Controller-Resume
5655,2,coo resume,COO-Resume
5656,2,corrosion control resume,Corrosion-Control-Resume
5657,2,creative services resume,Creative-Services-Resume
5658,2,customer support director resume,Customer-Support-Director-Resume
5659,2,data center manager resume,Data-Center-Manager-Resume
5660,2,deputy sheriff resume,Deputy-Sheriff-Resume
5661,2,development manager resume,Development-Manager-Resume
5662,2,director of communications resume,Director-of-Communications-Resume
5663,2,dispatcher resume,Dispatcher-Resume
5664,2,distribution resume,Distribution-Resume
5665,2,district manager resume,District-Manager-Resume
5666,2,awards and decorations as listed on the dd form,Awards-and-Decorations-as-listed-on-the-DD-Form-214
5667,2,agreement for,AGREEMENT-FOR
5668,2,engineering sales resume,Engineering-Sales-Resume
5669,2,entry level architect resume,Entry-level-Architect-Resume
5670,2,erp specialist resume,ERP-Specialist-Resume
5671,2,executive director resume,Executive-Director-Resume
5672,2,facilities resume,Facilities-Resume
5673,2,facility manager resume,Facility-Manager-Resume
5674,2,family practice resume,Family-Practice--Resume
5675,2,field services resume,Field-Services-Resume
5676,2,request for proposal get now,REQUEST-FOR-PROPOSAL---Get-Now-DOC
5677,2,guideline on the use of nature preserves of the nature trust of,Guideline-on-the-Use-of-Nature-Preserves-of-the-Nature-Trust-of-
5678,2,logistics manager resume,Logistics-Manager-Resume
5679,2,it consultant resume,IT-Consultant-Resume
5680,2,java developer resume,Java-Developer-Resume
5681,2,junior analyst resume,Junior-Analyst-Resume
5682,2,junior network administrator resume,Junior-Network-Administrator-Resume
5683,2,lab technician resume,Lab-Technician-Resume
5684,2,law enforcement resume,Law-Enforcement-Resume
5685,2,lawyer resume,Lawyer-Resume
5686,2,lobbyist resume,Lobbyist-Resume
5687,2,business marketing plan,Business-Marketing-Plan
5688,2,maintenance resume,Maintenance-Resume
5689,2,manufacturing director resume,Manufacturing-Director-Resume
5690,2,marketing assistant resume,Marketing-Assistant-Resume
5691,2,marketing coordinator resume,Marketing-Coordinator-Resume
5692,2,marketing director resume,Marketing-Director-Resume
5693,2,mechanical engineering resume,Mechanical-Engineering-Resume
5694,2,medical insurance sales resume,Medical-Insurance-Sales-Resume
5695,2,medical services resume,Medical-Services-Resume
5696,2,medical technician resume,Medical-Technician-Resume
5697,2,merchandising resume,Merchandising-Resume
5698,2,mis manager resume,MIS-Manager-Resume
5699,2,network manager resume,Network-Manager-Resume-Sample
5700,2,network operations resume,Network-Operations-Resume
5701,2,network security resume,Network-Security-Resume
5702,2,advanced testing manual to automation,Advanced-Testing-Manual-to-Automation
5703,2,nda books,NDA-Books
5704,2,medicare claims processing manual,Medicare-Claims-Processing-Manual
5705,2,short note on property auctions and its insights,A-short-Note-On-Property-Auctions-And-Its-Insights
5706,2,offer and acceptance,Offer-and-Acceptance
5707,2,hair extension,Hair-Extension
5708,2,internship report on export promotion bureau,Internship-Report-on-Export-Promotion-Bureau
5709,2,internship report on warid telecom,Internship-Report-on-Warid-Telecom
5710,2,internship report on telenor,Internship-Report-on-Telenor
5711,2,internship report on mobilink gsm,Internship-Report-on-Mobilink-GSM
5712,2,internship report on world call multimedia,Internship-Report-on-World-Call-Multimedia
5713,2,project feasibility,11-Project-Feasibility-Template
5714,2,medicaid provider application,Medicaid-Provider-Application
5715,2,website contract,Website-Contract
5716,2,summary multistate interest only period adjustable rate note,Summary-Multistate-Interest-Only-Period-Adjustable-Rate-Note
5717,2,validation plan for cobas integra for alt,Validation-Plan-for-Cobas-Integra-400-for-ALT
5718,2,black budget report,The-Black-Budget-Report
5719,2,work order request form,WORK-ORDER-REQUEST-FORM
5720,2,reviewattestation engagement letter,SAMPLE-REVIEWATTESTATION-ENGAGEMENT-LETTER
5721,2,how to write a great cv,How-To-Write-A-Great-CV
5722,2,research asia bc e commerce report,Research-Asia-B2C-E-Commerce-Report
5723,2,teryx roof windshield installation manual rev,Teryx-Roof-Windshield-Installation-Manual---Rev-10
5724,2,hackers handbook,Hackers_Handbook
5725,2,contract of carriage,Contract-of-Carriage
5726,2,declaration of faith,the-declaration-of-faith
5727,2,accidentincident report form,AccidentIncident-Report-Form
5728,2,cv studenti,CV-Studenti
5729,2,proposal for services,Proposal-for-Services
5730,2,officiant contract and wedding vows,Officiant-Contract-and-Wedding-Vows
5731,2,invoice for,Invoice-for
5732,2,easter collection,The-Easter-Collection
5733,2,real estate investing guide,Real-Estate-Investing-Guide
5734,2,agreement contract for design and development daily bread,Agreement-contract-for-Design-and-Development---Daily-Bread
5735,2,contract for web design services,Contract-for-Web-Design-Services
5736,2,procedures manual,Procedures-Manual
5737,2,employment application form download as,Sample-Employment-Application-Form---Download-as-DOC
5738,2,authorization waiver and release of liability,Authorization-Waiver-and-Release-of-Liability
5739,2,on site inspection and transfer,On-site-Inspection-and-Transfer---DOC
5740,2,deep research report on global and china wind turbine blade industry,2012-Deep-Research-Report-on-Global-and-China-Wind-Turbine-Blade-Industry
5741,2,committee meeting minutes october,Committee-Meeting-Minutes-October-2011
5742,2,docx signatures bank spreadsheet,DocX-Signatures-Bank-Spreadsheet
5743,2,self employed income and expenses statement,Self-Employed-Income-and-Expenses-Statement
5744,2,consulting agreement consulting agreement kushi resources inc,Consulting-Agreement-Consulting-Agreement---KUSHI-RESOURCES-INC---7-16-2012---DOC
5745,2,attestation form,Attestation-Form
5746,2,voting guide for monroe county voters,Voting-Guide-for-Monroe-County-Voters
5747,2,classroom observation checklist download as,Classroom-Observation-Checklist---Download-as-DOC
5748,2,letter to judge rosenthal,letter_to_judge_rosenthal_10032008.pdf
5749,2,benchmarking report,BENCHMARKING-REPORT---DOC
5750,2,writing a cv,Writing-a-CV
5751,2,gloucestershire hospitals nhs trust,GLOUCESTERSHIRE-HOSPITALS-NHS-TRUST
5752,2,writing a cover letter,Writing-A-Cover-Letter
5753,2,financial statement analysis a valuation approach,Financial-Statement-Analysis_-A-Valuation-Approach_14_
5754,2,processor organic compliance plan (ocp),PROCESSOR-ORGANIC-COMPLIANCE-PLAN-(OCP)
5755,2,general resume,General-Resume
5756,2,student resume download as,Student-Resume---Download-as-DOC
5757,2,irs instructions for form x,IRS-Instructions-for-Form-1040-X---2012
5758,2,event proposal form,Event-Proposal-Form
5759,2,souvenir journal advertisement contract,SOUVENIR-JOURNAL-ADVERTISEMENT-CONTRACT
5760,2,report on one day industrial visit,REPORT-ON-ONE-DAY-INDUSTRIAL-VISIT
5761,2,marketing and distribution agreement,Marketing-And-Distribution-Agreement---KIDS-BOOK-WRITER----7-19-2012
5762,2,checklist steps to planning an annual meeting,Checklist_Steps-To-Planning-An-Annual-Meeting
5763,2,phone memo,Phone-Memo---DOC
5764,2,checklist basic franchise agreement terms,Checklist_Basic-Franchise-Agreement-Terms
5765,2,checklist key record keeping,Checklist_Key-Record-Keeping
5766,2,page resume,1-Page-resume
5767,2,employment contract hourlycasual employee,EMPLOYMENT-CONTRACT---HOURLYCASUAL-EMPLOYEE
5768,2,application letter en,Application_Letter_EN-_1_
5769,2,return policy,Return-Policy
5770,2,data collection methods,Data-Collection-Methods
5771,2,internship certificate,internship-certificate-sample
5772,2,napps policy manual adopted changes,NAPPS-POLICY-MANUAL-ADOPTED-CHANGES-4-17-2012
5773,2,certificate format,CERTIFICATE-FORMAT
5774,2,website seo audit report,website_seo_audit_report
5775,2,tax return checklist,2011-TAX-RETURN-CHECKLIST
5776,2,seo press release tips,SEO-Press-Release-Tips
5777,2,application for the mount airy christmas parade,Application-for-the-2009-Mount-Airy-Christmas-Parade
5778,2,thank you for your letter,Thank-you-for-your-letter
5779,2,cv template simple,cv-template-simple
5780,2,membership form for alumni aboard,MEMBERSHIP-FORM-FOR-ALUMNI-ABOARD---DOC
5781,2,warning order,Warning-Order
5782,2,cv form,CV-form
5783,2,general form of land trust agreement,General-Form-of-Land-Trust-Agreement
5784,2,revised schedule vi,Revised-Schedule-VI
5785,2,fax cover sheet get now,Fax-Cover-Sheet---Get-Now-DOC
5786,2,chicago accident attorney,Chicago-Accident-Attorney
5787,2,corsair capital q letter,Corsair-Capital-2Q2012-Letter
5788,2,guide to antique engagement rings,A-Guide-To-Antique-Engagement-Rings
5789,2,bamboo flooring maintenance guide,BAMBOO-FLOORING-MAINTENANCE-GUIDE
5790,2,birth certificate bangladesh,Birth-Certificate-Bangladesh
5791,2,babysitter application form,BABYSITTER-APPLICATION-FORM
5792,2,global handbags market report edition,Global-Handbags-Market-Report-2012-Edition
5793,2,bid contract service special,Bid-Contract-Service-_Special_
5794,2,most helpful books for ipad application developers,Most-Helpful-Books-for-iPad-Application-Developers
5795,2,letter to santa claus,Letter-to-Santa-Claus
5796,2,letter for bescom meter transfer,Letter-for-BESCOM-Meter-transfer
5797,2,testimonials google adsense handbook by mick moore,Testimonials---Google-Adsense-Handbook-by-Mick-Moore
5798,2,what should you know when packing your belongings to move,What-should-you-know-when-packing-your-belongings-to--move-
5799,2,certificate of character,CERTIFICATE-OF-CHARACTER---25072012
5800,2,certificate of occupancy list,Certificate_of_Occupancy_List
5801,2,japanese samurai swords buying guide,Japanese_Samurai_Swords_Buying_Guide
5802,2,isem sop,ISEM-SOP-TEMPLATE
5803,2,request for quotation get as,REQUEST-FOR-QUOTATION---Get-as-DOC
5804,2,declaration of interests form,Declaration-of-Interests-form
5805,2,purchase order form excel excel,PURCHASE-ORDER-FORM---Excel---Excel
5806,2,note of children%ef%bf%bds hearings representative group meeting,Note-of-Children%EF%BF%BDs-Hearings-Representative-Group-Meeting-10
5807,2,infrastructure,Infrastructure-Template
5808,2,help in the home application form,Help-in-the-Home-Application-Form
5809,2,sports agent responsibility and trust act,SPORTS-AGENT-RESPONSIBILITY-AND-TRUST-ACT
5810,2,become a ranger your application,Become-a-Ranger---Your-Application
5811,2,manualsmania brother dcp l quick setup guide,ManualsMania--Brother-DCP-7010L---Quick-Setup-Guide---
5812,2,billing statement,Billing-Statement
5813,2,mobile phone policy,Mobile-Phone-Policy
5814,2,manualsmania brother dcp users guide fran%ef%bf%bdais,ManualsMania--Brother-DCP-7025---Users-Guide---Fran%EF%BF%BDais
5815,2,marketing plan assignment,Marketing-plan-assignment
5816,2,manualsmania brother dcp users guide,ManualsMania--Brother-DCP-7025---Users-Guide---
5817,2,manualsmania brother dcp users guide magyarorsz%ef%bf%bdg,ManualsMania--Brother-DCP-7025---Users-Guide---Magyarorsz%EF%BF%BDg
5818,2,manualsmania brother dcp quick setup guide fran%ef%bf%bdais,ManualsMania--Brother-DCP-7025---Quick-Setup-Guide---Fran%EF%BF%BDais
5819,2,manualsmania brother dcp quick setup guide nederlands,ManualsMania--Brother-DCP-7025---Quick-Setup-Guide---Nederlands
5820,2,manualsmania brother dcp quick setup guide espa%ef%bf%bdol,ManualsMania--Brother-DCP-7025---Quick-Setup-Guide---Espa%EF%BF%BDol
5821,2,church pastor compensation report,2005-Church-Pastor-Compensation-Report
5822,2,user access request form,User-Access-Request-Form
5823,2,manualsmania brother dcp software users guide fran%ef%bf%bdais,ManualsMania--Brother-DCP-7025---Software-Users-Guide---Fran%EF%BF%BDais
5824,2,manualsmania brother dcp software users guide espa%ef%bf%bdol,ManualsMania--Brother-DCP-7025---Software-Users-Guide---Espa%EF%BF%BDol
5825,2,fund flow statement,fund-flow-statement
5826,2,minutes of af inance and management committee meeting,MINUTES-OF-AF-INANCE-AND-MANAGEMENT-COMMITTEE-MEETING
5827,2,state budget,state-budget
5828,2,manualsmania brother dcp quick setup guide portugu%ef%bf%bds,ManualsMania--Brother-DCP-8020---Quick-Setup-Guide---Portugu%EF%BF%BDs
5829,2,manualsmania brother dcp d quick setup guide fran%ef%bf%bdais,ManualsMania--Brother-DCP-8025D---Quick-Setup-Guide---Fran%EF%BF%BDais
5830,2,request for funding application,REQUEST-FOR-FUNDING-APPLICATION
5831,2,event planning checklist download now,Event-Planning-Checklist---Download-Now-DOC
5832,2,proposal rubric,Proposal-rubric
5833,2,manualsmania brother dcp cn quick setup guide english,ManualsMania--Brother-DCP-9040CN---Quick-Setup-Guide---English
5834,2,bug report,Bug-Report
5835,2,rca annual report,Rca-ANNUAL-REPORT-2001
5836,2,class agenda,Class-Agenda
5837,2,waiver and hold harmless agreement,WAIVER-AND-HOLD-HARMLESS-AGREEMENT
5838,2,employee guide,Employee-Guide
5839,2,proposal penelitian download as,PROPOSAL-PENELITIAN---Download-as-DOC
5840,2,form for claiming payment of a post office,Form-for-claiming-payment-of-a-post-office
5841,2,what do we mean by order,What-Do-We-Mean-by-Order
5842,2,agent agreement,AGENT-AGREEMENT
5843,2,brent primary care trust,BRENT-PRIMARY-CARE-TRUST
5844,2,quickstart resume,Quickstart-Resume-Template
5845,2,economic order quantity,ECONOMIC-ORDER-QUANTITY
5846,2,personal history form,Personal-History-Form
5847,2,directors%ef%bf%bd report,DIRECTORS%EF%BF%BD-REPORT
5848,2,isic card application,ISIC-Card-Application
5849,2,draft purchase manual,DRAFT-PURCHASE-MANUAL
5850,2,minutes of ward meeting,Minutes-of-Ward-15-Meeting---DOC
5851,2,programme specification,Programme-Specification-Template
5852,2,receipt of official ballots,RECEIPT-OF-OFFICIAL-BALLOTS
5853,2,customs budget authorizations and other customs issues,CUSTOMS-BUDGET-AUTHORIZATIONS-AND-OTHER-CUSTOMS-ISSUES
5854,2,evvrs user%ef%bf%bds manual,EVVRS-User%EF%BF%BDs-Manual
5855,2,blank claim form,blank-claim-form
5856,2,letter jacket order form,Letter-Jacket-Order-Form
5857,2,nursing care plan %ef%bf%bd allergies,NURSING-CARE-PLAN-%EF%BF%BD-ALLERGIES---DOC
5858,2,report traditional,Report---Traditional
5859,2,woolwich interchange site report,woolwich-interchange-site-2-report
5860,2,common supplier registration form,COMMON-SUPPLIER-REGISTRATION-FORM
5861,2,manualsmania brother dcp c software users guide,ManualsMania--Brother-DCP-115C---Software-Users-Guide---
5862,2,blue,Blue-Template
5863,2,annual campaign plan book,Annual-Campaign-Plan-Book
5864,2,minutes of,Minutes-of-802
5865,2,locum tenens application,locum-tenens-application
5866,2,standard rotaract club constitution,Standard-Rotaract-Club-Constitution
5867,2,twinning interim quarterly report,TWINNING-INTERIM-QUARTERLY-REPORT
5868,2,resume of syed mushtaq ali,Resume-of-Syed-Mushtaq-Ali
5869,2,scheduled airline operating agreement and,SCHEDULED-AIRLINE-OPERATING-AGREEMENT-AND
5870,2,contracts checklist,CONTRACTS-CHECKLIST
5871,2,dayton contractor hvac license,Dayton-Contractor---HVAC-License
5872,2,dayton contractor hvac license (bond),Dayton-Contractor---HVAC-License-(Bond)
5873,2,how to use this,how-to-use-this-template
5874,2,shipping,FREE-SHIPPING
5875,2,pay per click marketing agreement,Pay-Per-Click-Marketing-Agreement
5876,2,digital signature certificate,DIGITAL-SIGNATURE-CERTIFICATE
5877,2,extensive form,Extensive-Form
5878,2,seo service sample sales letter,SEO-service-sample-sales-letter-2003
5879,2,guide de r%ef%bf%bddaction,GUIDE-DE-R%EF%BF%BDDACTION
5880,2,student loan repayment,Student-Loan-Repayment
5881,2,freelance translator,Freelance-Translator
5882,2,paper proposal,Paper-Proposal
5883,2,search engine optimization guide,Search-Engine-Optimization-Guide
5884,2,maternity leave plan,MATERNITY-LEAVE-PLAN
5885,2,rental credit application,Rental-Credit-Application
5886,2,use case document,Use-Case-Document-Template
5887,2,iep form,iep-form
5888,2,request for proposal for consulting services,Request-for-Proposal-for-Consulting-Services
5889,2,advertising plan,advertising-plan-template
5890,2,draft meeting minutes wash cluster march at am,Draft-Meeting-minutes---WASH-cluster-13-March-2012-at-1030am
5891,2,sabbatical leave application,Sabbatical-Leave-Application
5892,2,respite care services application,RESPITE-CARE-SERVICES-APPLICATION
5893,2,car rental in florida car hire florida florida car hire and rental,Car_Rental_In_Florida____Car_Hire_Florida_-_Florida_Car_Hire_and_Rental
5894,2,report no,Report-No-7811
5895,2,spring school schedule,Spring-school-schedule
5896,2,bridal contract agreement,Bridal-Contract-Agreement
5897,2,standing order mandate get as,STANDING-ORDER-MANDATE---Get-as-DOC
5898,2,landlordtenant checklist,LandlordTenant-Checklist
5899,2,retention schedule,Retention-Schedule
5900,2,client health history form,Client-Health-History-Form
5901,2,supplier process qualification pack,Supplier-Process-Qualification-Pack
5902,2,template for workshop,Template-for-Workshop
5903,2,play service,Play-Service-Template
5904,2,cadastral,Cadastral-Template
5905,2,what is contract farming,What-is-Contract-farming
5906,2,on receipt,on-receipt
5907,2,clikapad reseller application,CLIKAPAD-Reseller-Application
5908,2,power communication and democracy,Power-communication-and-democracy
5909,2,suggested template for standard operating procedures,SUGGESTED-TEMPLATE-FOR-STANDARD-OPERATING-PROCEDURES---DOC
5910,2,chronological resume download as,sample-chronological-resume---Download-as-DOC
5911,2,price list payment plan,price-list-payment-plan
5912,2,salinas bankruptcy attorney,Salinas-Bankruptcy-Attorney
5913,2,travel expense reimbursement form,Travel-Expense-Reimbursement-Form
5914,2,draft compliance review report,DRAFT-COMPLIANCE-REVIEW-REPORT
5915,2,release and waiver of liability agreement,Release-and-Waiver-of-Liability-Agreement
5916,2,expense report instructions,EXPENSE-REPORT-INSTRUCTIONS
5917,2,draft energy bill report,Draft-Energy-Bill-Report
5918,2,manual handling,Manual-Handling
5919,2,proposal kerja praktek,PROPOSAL-KERJA-PRAKTEK
5920,2,panduan proposal lengkap,PANDUAN-PROPOSAL-LENGKAP
5921,2,proposal proyek akhir,PROPOSAL-PROYEK-AKHIR---DOC
5922,2,proposal tesis,proposal-tesis
5923,2,presentasi proposal tesis,PRESENTASI-PROPOSAL-TESIS
5924,2,natwest onecard form completion,NatWest-OneCard-form-completion
5925,2,closing statement,Closing-Statement-template
5926,2,business card,business-card-template
5927,2,advertising insertion agreement,Advertising-Insertion-Agreement
5928,2,authorization for disclosure of health information,AUTHORIZATION-FOR-DISCLOSURE-OF-HEALTH-INFORMATION
5929,2,training agreement and quality commitment,Training-Agreement-and-Quality-Commitment---DOC
5930,2,infanttoddle daily report,InfantToddle-Daily-Report
5931,2,resumes and cover letters,Resumes-and-Cover-Letters
5932,2,resume sample,Resume-Sample---DOC
5933,2,decline letter,decline-letter
5934,2,assessment plan,ASSESSMENT-PLAN
5935,2,equal employment opportunity office,Equal-Employment-Opportunity-Office
5936,2,home visit checklist,home-visit-checklist
5937,2,adoption application dog,Adoption-Application-Dog
5938,2,informed consent download now,INFORMED-CONSENT---Download-Now-DOC
5939,2,personnel action form,Personnel-Action-Form-2012
5940,2,blank order tracking form,Blank-Order-Tracking-Form
5941,2,honorarium request,Honorarium_Request
5942,2,internet entrepreneurship survival guide,Internet-Entrepreneurship-Survival-Guide
5943,2,all you wanted to know about press release writing and marketing,All-You-Wanted-To-Know-About-Press-Release-Writing-And-Marketing
5944,2,building contractors tips for getting the best insurance policy audit results,Building-Contractors---5-Tips-For-Getting-The-Best-Insurance-Policy-Audit-Results
5945,2,wordpress extension development and the need to hire wordpress developer,WordPress-Extension-Development-and-the-Need-to-Hire-WordPress-Developer
5946,2,akeeba backup users guide,Akeeba-Backup-Users-Guide
5947,2,food safety checklist for new workers,Food-Safety-Checklist-for-New-Workers
5948,2,joseph fitzgerald resume,Joseph-Fitzgerald-Resume
5949,2,nursing care plan for hypoglycemia,NURSING-CARE-PLAN-FOR-HYPOGLYCEMIA
5950,2,deep research report on china wind turbine generator industry,2012-Deep-Research-Report-on-China-Wind-Turbine-Generator-Industry
5951,2,eviction petition,eviction_petition
5952,2,board agenda,BOARD-AGENDA
5953,2,manualsmania brother fax p quick setup guide english,ManualsMania--Brother-FAX-8070P---Quick-Setup-Guide---English
5954,2,campaign finance report state of wisconsin gab,CAMPAIGN-FINANCE-REPORT-STATE-OF-WISCONSIN-GAB-2
5955,2,manualsmania brother fax p quick setup guide fran%ef%bf%bdais,ManualsMania--Brother-FAX-8070P---Quick-Setup-Guide---Fran%EF%BF%BDais
5956,2,manualsmania brother fax users guide english,ManualsMania--Brother-FAX-1355---Users-Guide---English
5957,2,template itt software guidance and clauses v oct,template-65---itt-software-guidance-and-clauses---v1---oct-07
5958,2,form of restricted stock agreement,Form-Of-Restricted-Stock-Agreement---MASTERCARD-INC---8-1-2012
5959,2,annual report download as pdf,ANNUAL-REPORT-2010---Download-as-PDF
5960,2,manualsmania brother fax c quick setup guide nederlands,ManualsMania--Brother-FAX-1820C---Quick-Setup-Guide---Nederlands
5961,2,manualsmania brother fax c quick setup guide norsk,ManualsMania--Brother-FAX-1820C---Quick-Setup-Guide---Norsk
5962,2,manualsmania brother fax c quick setup guide svenska,ManualsMania--Brother-FAX-1820C---Quick-Setup-Guide---Svenska
5963,2,accounting services agreement,Accounting-Services-Agreement
5964,2,power of attorney general,Power-of-Attorney-General
5965,2,nlp paul mckenna the power to influence manual,NLP---Paul-McKenna---The-Power-to-Influence---Manual
5966,2,lease option to purchase,Lease-Option_to_Purchase
5967,2,employment separation agreement,Employment-Separation-Agreement---EL-PASO-ELECTRIC-CO-TX---8-3-2012
5968,2,visa application form,Visa-Application-form
5969,2,employment employee settlement and release agreement,Employment-Employee_Settlement_and_Release_Agreement
5970,2,good practice case study,Good-practice--Case-study-Template
5971,2,good practice examples,Good-Practice-Examples-Template
5972,2,manualsmania brother hl quick setup guide espa%ef%bf%bdol,ManualsMania--Brother-HL-1430---Quick-Setup-Guide---Espa%EF%BF%BDol
5973,2,manualsmania brother hl quick setup guide magyarorsz%ef%bf%bdg,ManualsMania--Brother-HL-1430---Quick-Setup-Guide---Magyarorsz%EF%BF%BDg
5974,2,manualsmania brother hl users guide english,ManualsMania--Brother-HL-1440---Users-Guide---English
5975,2,manualsmania brother hl quick setup guide svenska,ManualsMania--Brother-HL-1440---Quick-Setup-Guide---Svenska
5976,2,manualsmania brother hl quick setup guide portugu%ef%bf%bds,ManualsMania--Brother-HL-1450---Quick-Setup-Guide---Portugu%EF%BF%BDs
5977,2,manualsmania brother hl n users guide espa%ef%bf%bdol,ManualsMania--Brother-HL-1470N---Users-Guide---Espa%EF%BF%BDol
5978,2,manualsmania brother hl n quick setup guide nederlands,ManualsMania--Brother-HL-1470N---Quick-Setup-Guide---Nederlands
5979,2,manualsmania brother hl n quick setup guide espa%ef%bf%bdol,ManualsMania--Brother-HL-1470N---Quick-Setup-Guide---Espa%EF%BF%BDol
5980,2,travel budget worksheet,Travel_Budget_Worksheet
5981,2,tracksmith entertainment teen outreach proposal,TrackSmith-Entertainment-Teen-Outreach-Proposal
5982,2,quick reference guide for,Quick-Reference-Guide-for-2011
5983,2,manualsmania brother hl quick setup guide rom%ef%bf%bdn,ManualsMania--Brother-HL-2030---Quick-Setup-Guide---Rom%EF%BF%BDn
5984,2,inplant training application,inplant_training_application
5985,2,victorinox presentation template title without image (arial pt),VICTORINOX-PRESENTATION-TEMPLATE-TITLE-WITHOUT-IMAGE-(ARIAL-24PT)
5986,2,manualsmania brother hl quick setup guide,ManualsMania--Brother-HL-2040---Quick-Setup-Guide---
5987,2,basic use case,Basic-use-case-template
5988,2,csr high level test plan,CSR-High-Level-Test-Plan
5989,2,in search for an auto accident attorney in philadelphia,In-Search-For-An-Auto-Accident-Attorney-In-Philadelphia
5990,2,participation form,Participation-Form
5991,2,booking form template,Booking-Form-Template---DOC
5992,2,statement of account,statement-of-account
5993,2,chronological resume sample,Chronological-Resume-Sample---DOC
5994,2,cp partnership agreement,CP-Partnership-Agreement-Template
5995,2,college strategic plan,2008-2011-College-Strategic-Plan
5996,2,bid offer sheet,BID-OFFER-SHEET
5997,2,max plan,Max-Plan
5998,2,current cv,Current-CV
5999,2,lorax worksheet,lorax-worksheet
6000,2,confirmation registration form,CONFIRMATION-REGISTRATION-FORM
6001,2,how to write a report,How-to-Write-a-Report
6002,2,employment letter for noncontract employees,Sample-Employment-Letter-for-Noncontract-Employees---DOC
6003,2,donation letter download now,donation-letter---Download-Now-DOC
6004,2,community event application,2010-community-event-application
6005,2,bacteria worksheet,Bacteria-Worksheet---DOC
6006,2,creditrental application,CREDITRENTAL-APPLICATION
6007,2,exhibition proposal,Exhibition-Proposal
6008,2,memorandum,MEMORANDUM---DOC-3
6009,2,tender proposal,Tender-Proposal
6010,2,board paper,Board-Paper-Template
6011,2,declaration,declaration---DOC
6012,2,cvsf development plan,CVSF-Development-Plan
6013,2,insurance certificate,Insurance-Certificate---DOC
6014,2,certificate templates for word,certificate-templates-for-word---DOC
6015,2,job application format,Job-Application-Format---DOC
6016,2,death certificate,Death-Certificate---DOC
6017,2,certificate of income,Certificate-of-Income
6018,2,deposit agreement,DEPOSIT-AGREEMENT
6019,2,application for employment sample b,Application-for-Employment---Sample-B
6020,2,certificate of final completion,00650-certificate-of-final-completion
6021,2,veterinary certificate for domestic dogs cats and ferrets,VETERINARY-CERTIFICATE-FOR-DOMESTIC-DOGS-CATS-AND-FERRETS---DOC
6022,2,certificate of origin download as,CERTIFICATE-OF-ORIGIN---Download-as-DOC
6023,2,email template,Email-Template---DOC-16
6024,2,biennial report,BIENNIAL-REPORT
6025,2,resume example,Resume-Example---DOC
6026,2,budget letter,BUDGET-LETTER
6027,2,car rental revenue dec,Car-Rental-Revenue-2011-Dec
6028,2,pc form manual,PC-form-06-12-Manual
6029,2,nda sample papers english,NDA-sample-papers-English
6030,2,price proposal form,PRICE-PROPOSAL-FORM
6031,2,loan assumption agreement,Loan-Assumption-Agreement---INLAND-REAL-ESTATE-CORP---8-8-2012
6032,2,partnership agreement of the,Partnership-Agreement-of-the
6033,2,guide to getting started with wordpress,Guide-to-Getting-Started-With-WordPress
6034,2,instructor%ef%bf%bds manual to accompany,Instructor%EF%BF%BDs-Manual-to-Accompany
6035,2,marketing plan for,Marketing-Plan-for
6036,2,manualsmania brother hl cn network users guide norsk,ManualsMania--Brother-HL-3450CN---Network-Users-Guide---Norsk
6037,2,guide to firewalls and network security with intrusion detection,Guide-to-Firewalls-and-Network-Security-with-Intrusion-Detection-
6038,2,scarlet letter study questions,The-Scarlet-Letter-study-questions
6039,2,manualsmania brother hl cn network users guide,ManualsMania--Brother-HL-4040CN---Network-Users-Guide---
6040,2,manualsmania brother hl cn quick setup guide,ManualsMania--Brother-HL-4040CN---Quick-Setup-Guide---
6041,2,manualsmania brother hl cdn users guide,ManualsMania--Brother-HL-4050CDN---Users-Guide---
6042,2,paralegal resume,Paralegal-Resume
6043,2,pc technician resume,PC-Technician-Resume
6044,2,promotions resume,Promotions-Resume
6045,2,public health resume,Public-Health-Resume
6046,2,qa engineer resume,QA-Engineer-Resume
6047,2,qa lead resume,QA-Lead-Resume
6048,2,qa manager resume,QA-Manager-Resume
6049,2,qa test manager resume,QA-Test-Manager-Resume
6050,2,quality control director resume,Quality-Control-Director-Resume
6051,2,radiologist resume,Radiologist-Resume
6052,2,report analyst resume,Report-Analyst-Resume
6053,2,research assistant resume,Research-Assistant-Resume
6054,2,research director resume,Research-Director-Resume
6055,2,retail manager resume,Retail-Manager-Resume
6056,2,rf engineer resume,RF-Engineer-Resume
6057,2,sales engineer resume,Sales-Engineer-Resume
6058,2,sales support resume,Sales-Support-Resume
6059,2,sap resume,SAP-Resume
6060,2,senior auditor resume,Senior-Auditor-Resume
6061,2,senior cable splicer resume,Senior-Cable-Splicer-Resume
6062,2,senior director resume,Senior-Director-Resume
6063,2,senior management resume,Senior-Management-Resume
6064,2,senior programmer resume,Senior-Programmer-Resume
6065,2,senior sales director resume,Senior-Sales-Director-Resume
6066,2,service manager resume,Service-Manager-Resume
6067,2,software architect resume,Software-Architect-Resume
6068,2,manualsmania brother hl cdn quick setup guide,ManualsMania--Brother-HL-4050CDN---Quick-Setup-Guide---
6069,2,special agent resume,Special-Agent-Resume
6070,2,systems admin resume,Systems-Admin-Resume
6071,2,telecom technician resume,Telecom-Technician-Resume
6072,2,travel manager resume,Travel-Manager-Resume
6073,2,form security deposit demand letter,form5-security-deposit-demand-letter
6074,2,chef cover letter,Chef-Cover-Letter-Example
6075,2,entry level cover letter,Entry-Level-Cover-Letter-Example
6076,2,nurse cover letter,Nurse-Cover-Letter-Example
6077,2,paralegal cover letter,Paralegal-Cover-Letter-Example
6078,2,pharmaceutical sales cover letter,Pharmaceutical-Sales-Cover-Letter-Example
6079,2,sales management cover letter,Sales-Management-Cover-Letter-Example
6080,2,manualsmania brother mfc n network users guide deutsch,ManualsMania--Brother-MFC-7225N---Network-Users-Guide---Deutsch
6081,2,scarlet letter essay topics,Scarlet-Letter-essay-topics
6082,2,prospect letter,Prospect-Letter
6083,2,letter from donor informing charity of forthcoming,Sample-Letter-from-Donor-Informing-Charity-of-Forthcoming
6084,2,tax receipt,Tax-Receipt-2009
6085,2,marketing research proposal,Sample-Marketing-Research-Proposal
6086,2,rent agreement ready reckonerdoc,RENT-AGREEMENT---Ready-Reckonerdoc
6087,2,checkbook online vendor summary coa xls,Checkbook-Online---Vendor-Summary---COA-2011xls
6088,2,baccn poster,baccn-poster-template-1
6089,2,church charter based on organized church and membership resolved,Church-Charter-based-on-organized-church-and-membership-Resolved
6090,2,church charter based on organized church and membership,Church-Charter-based-on-organized-church-and-membership
6091,2,seven hills charter public school weekly newsletter,Seven-Hills-Charter-Public-School-Weekly-Newsletter
6092,2,judgement,Judgement-Template
6093,2,manualsmania brother mfc n quick setup guide english,ManualsMania--Brother-MFC-7820N---Quick-Setup-Guide---English
6094,2,manualsmania brother mfc n quick setup guide portugu%ef%bf%bds,ManualsMania--Brother-MFC-7820N---Quick-Setup-Guide---Portugu%EF%BF%BDs
6095,2,minibus policy,MINIBUS-POLICY
6096,2,writing resumes and cover letters,Writing-Resumes-and-Cover-Letters
6097,2,handbook of modern finance bond analysis,Handbook-of-Modern-Finance---Bond-Analysis
6098,2,document checklist,DOCUMENT-CHECKLIST---DOC
6099,2,weekly attendance checklist,Weekly-Attendance-checklist
6100,2,manualsmania brother mfc quick setup guide deutsch ( schweiz ),ManualsMania--Brother-MFC-8220---Quick-Setup-Guide---Deutsch-(-Schweiz-)
6101,2,manualsmania brother mfc quick setup guide dansk,ManualsMania--Brother-MFC-8220---Quick-Setup-Guide---Dansk
6102,2,manualsmania brother mfc quick setup guide portugu%ef%bf%bds,ManualsMania--Brother-MFC-8220---Quick-Setup-Guide---Portugu%EF%BF%BDs
6103,2,annual progress report,Annual-progress-Report-09-10
6104,2,training registration form,Training-registration-form
6105,2,house rent receipt,House-Rent-Receipt-Template
6106,2,advance request for new employee,Advance-request-for-new-employee
6107,2,developers guide,Developers-Guide
6108,2,deed in trust,Deed-in-Trust
6109,2,estimate for the furnishing of uco bank at,ESTIMATE-FOR-THE-FURNISHING-OF-UCO-BANK-AT---DOC
6110,2,attorney general,Attorney-General
6111,2,medical statement for,Medical-Statement-for
6112,2,manualsmania brother mfc dn quick setup guide english,ManualsMania--Brother-MFC-8840DN---Quick-Setup-Guide---English
6113,2,daycare registration form,Daycare-Registration-Form---DOC
6114,2,business visa invitation letter,business_visa_invitation_letter_sample
6115,2,terms of employment,TERMS-OF-EMPLOYMENT
6116,2,transition agreement,Transition-Agreement---CB-RICHARD-ELLIS-GROUP-INC---8-9-2012
6117,2,new castle county contractor license,New-Castle-County-Contractor-License
6118,2,agreement confidentiality nondisclosure,Agreement-Confidentiality_Nondisclosure
6119,2,letter rejection letter to applicant,Letter-Rejection_Letter_to_Applicant
6120,2,conference,Conference-Template
6121,2,impact of hostgator promo code on your hosting budget,The-impact-of-HostGator-promo-code-on-your-hosting-budget
6122,2,waiver for zumba,WAIVER-for-Zumba-82012
6123,2,fee schedule excel,fee_schedule---Excel
6124,2,marketreportsonlinecom france agribusiness report q,MarketReportsOnlinecom---France-Agribusiness-Report-Q4-2012
6125,2,power of belief,The-Power-of-Belief
6126,2,manualsmania brother mfc cn software users guide nederlands,ManualsMania--Brother-MFC-9440CN---Software-Users-Guide---Nederlands
6127,2,manualsmania brother mfc cn software users guide svenska,ManualsMania--Brother-MFC-9440CN---Software-Users-Guide---Svenska
6128,2,manualsmania brother mfc c users guide deutsch ( schweiz ),ManualsMania--Brother-MFC-215C---Users-Guide---Deutsch-(-Schweiz-)
6129,2,manualsmania brother mfc c users guide dansk,ManualsMania--Brother-MFC-215C---Users-Guide---Dansk
6130,2,manualsmania brother mfc c users guide suomi,ManualsMania--Brother-MFC-215C---Users-Guide---Suomi
6131,2,manualsmania brother mfc c quick setup guide nederlands,ManualsMania--Brother-MFC-215C---Quick-Setup-Guide---Nederlands
6132,2,manualsmania brother mfc c quick setup guide deutsch ( schweiz ),ManualsMania--Brother-MFC-215C---Quick-Setup-Guide---Deutsch-(-Schweiz-)
6133,2,manualsmania brother mfc c quick setup guide italiano,ManualsMania--Brother-MFC-215C---Quick-Setup-Guide---Italiano
6134,2,manualsmania brother mfc c software users guide deutsch ( schweiz ),ManualsMania--Brother-MFC-215C---Software-Users-Guide---Deutsch-(-Schweiz-)
6135,2,small business start up guide,Small-Business-Start-Up-Guide
6136,2,manualsmania brother mfc c users guide english,ManualsMania--Brother-MFC-235C---Users-Guide---English
6137,2,manualsmania brother mfc c users guide rom%ef%bf%bdn,ManualsMania--Brother-MFC-235C---Users-Guide---Rom%EF%BF%BDn
6138,2,manualsmania brother mfc c quick setup guide espa%ef%bf%bdol,ManualsMania--Brother-MFC-235C---Quick-Setup-Guide---Espa%EF%BF%BDol
6139,2,motor power calculation belt conveyor,motor-power-calculation-belt-conveyor
6140,2,affidavit forms,Affidavit-Forms
6141,2,durable power of attorney,sample-durable-power-of-attorney
6142,2,lifting checklist,lifting_checklist
6143,2,manager checklist,Manager_Checklist
6144,2,mis report,MIS-Report
6145,2,yorkshire water %e%% reporters public domain statement,Yorkshire-Water-%E2%80%93-Reporters-public-domain-statement
6146,2,letter transmittal letter to irs enclosing form ss,Letter-Transmittal_Letter_to_IRS_Enclosing_Form_SS-4
6147,2,to whom it may concern letter,To-whom-it-may-concern-letter
6148,2,manualsmania brother mfc cn users guide dansk,ManualsMania--Brother-MFC-410CN---Users-Guide---Dansk
6149,2,manualsmania brother mfc cn users guide,ManualsMania--Brother-MFC-410CN---Users-Guide---
6150,2,certificate of service i hereby certify that a true,CERTIFICATE-OF-SERVICE-I-hereby-certify-that-a-true
6151,2,photo booth rental agreement,2010_PHOTO-BOOTH-RENTAL-AGREEMENT
6152,2,attorney domestic mediators gwinnett county,ATTORNEY-DOMESTIC-MEDIATORS-GWINNETT-COUNTY
6153,2,internet marketing ebook guide,free-internet-marketing-ebook-guide
6154,2,manualsmania brother mfc cn quick setup guide english ( us canada ),ManualsMania--Brother-MFC-465CN---Quick-Setup-Guide---English-(-US--Canada-)
6155,2,manualsmania brother mfc cn quick setup guide english,ManualsMania--Brother-MFC-465CN---Quick-Setup-Guide---English
6156,2,brady campaign inauguration eraiser campaign summary report,Brady-Campaign-Inauguration-eRaiser-Campaign-Summary-Report
6157,2,manualsmania brother mfc cn quick setup guide espa%ef%bf%bdol,ManualsMania-Brother-MFC-465CN-Quick-Setup-Guide-Espa%EF%BF%BDol
6158,2,manualsmania brother mfc cn quick setup guide svenska,ManualsMania--Brother-MFC-465CN---Quick-Setup-Guide---Svenska
6159,2,manualsmania brother mfc cn software users guide english ( uk ),ManualsMania--Brother-MFC-465CN---Software-Users-Guide---English-(-UK-)
6160,2,work power and simple machines,Work_-Power_-and-Simple-Machines
6161,2,web rfp,Web-RFP-Template
6162,2,gm memo,GM-Memo-Template
6163,2,template of contract,Template-of-Contract
6164,2,golden gazette,Golden-Gazette-Template
6165,2,unit,Unit-Template
6166,2,cgc writers tools,CGC-Writers-Tools-Template
6167,2,short report,Short-Report-Template
6168,2,kk english toddler bed,KK-English---toddler-bed-template
6169,2,agreement checklist of issues for web site development contracts,Agreement-Checklist_of_Issues_for_Web_Site_Development_Contracts
6170,2,master,MASTER-TEMPLATE
6171,2,property brochure template get now pdf,Property-Brochure-Template---Get-Now-PDF
6172,2,note for file,Note-for-File-Template
6173,2,template media alert for non medical organizations,Template-Media-Alert-for-Non-Medical-Organizations
6174,2,narrative template for,Narrative-Template-for
6175,2,template for endorsement letter,Template-for-Endorsement-Letter
6176,2,master test strategy,Master-Test-Strategy-Template
6177,2,project business case,Project-Business-Case-template
6178,2,template letterhead,Template-Letterhead
6179,2,project resource plan,Project-Resource-Plan-Template
6180,2,imos eif project plan template for,IMOS-EIF-Project-Plan-template-for-20092010
6181,2,legal,Legal-Template
6182,2,bahrains best guide to the local scene,Bahrains-best-guide-to-the-local-scene
6183,2,david moceri seoprofiler report,081412---David-Moceri---SEOprofiler-Report
6184,2,mediterranean diet best weight loss program diet plan,Mediterranean-diet---Best-weight-loss-program---Diet-plan
6185,2,enter the trial balance on a worksheet and complete,Enter-the-trial-balance-on-a-worksheet-and-complete
6186,2,directory worksheet,Directory-worksheet
6187,2,daily activity worksheet,DAILY-ACTIVITY-WORKSHEET
6188,2,topographic map worksheet,Topographic-Map-Worksheet
6189,2,advising worksheet,Advising-Worksheet
6190,2,percentile worksheet,PERCENTILE-WORKSHEET
6191,2,macbeth worksheet by andrew skinner,MACBETH-WORKSHEET-by-Andrew-Skinner-200910
6192,2,logo design worksheet,Logo-Design-Worksheet
6193,2,agony aunt worksheet,Agony-Aunt-Worksheet
6194,2,curriculum mapping worksheet,Curriculum-Mapping-Worksheet
6195,2,worksheet on rational functions,Worksheet-on-Rational-Functions
6196,2,recruiting worksheet,Recruiting-worksheet
6197,2,go live support plan,Go-Live-Support-Plan
6198,2,form a (pd),FORM-A-(pd)
6199,2,block grant application,BLOCK-GRANT-APPLICATION---DOC
6200,2,toad getting started guide,TOAD-Getting-Started-Guide-7_3
6201,2,toad users guide,TOAD-Users-Guide-7_3
6202,2,web hosting contract,WEB-HOSTING-CONTRACT
6203,2,shipping contract,Shipping-Contract
6204,2,report of review for suitabitity for forensic lead for,REPORT-OF-REVIEW-FOR-SUITABITITY-FOR-FORENSIC-LEAD-FOR
6205,2,high order thinking blooms taxonomy,High-Order-Thinking-_-Blooms-Taxonomy
6206,2,excel spreadsheet download as excel,Excel-Spreadsheet---Download-as-Excel
6207,2,event planning on a budget,Event-Planning-on-a-Budget
6208,2,ways to tweak windows using the local group policy editor,10-ways-to-tweak-Windows-7-using-the-Local-Group-Policy-Editor
6209,2,guide line for collaboration,guide-line-for-collaboration
6210,2,product information price schedule health corporate network,Product-Information-Price-Schedule---Health-Corporate-Network
6211,2,mortgage loan calculator,Mortgage-Loan-Calculator
6212,2,agreement checklist of issues in drafting and negotiating software license agreements,Agreement-Checklist_of_Issues_In_Drafting_and_Negotiating_Software_License_Agreements
6213,2,agreement independent contractor agreement,Agreement-Independent_Contractor_Agreement
6214,2,agreement sample online contract,Agreement-Sample_Online_Contract
6215,2,agreement trade name license agreement,Agreement-Trade_Name_License_Agreement-_1_
6216,2,employment certificate of employee of the month,Employment-Certificate_of_Employee_of_the_Month
6217,2,tentative verdict form,Tentative-Verdict-Form
6218,2,economic report of the president,Economic-Report-of-the-President-2009
6219,2,using a certified spokane roofing contractor,Using-A-Certified-Spokane-Roofing-Contractor
6220,2,marketreportsonlinecom ip multimedia subsystem (ims) challenges and opportunities in multi application environment,MarketReportsOnlinecom---IP-Multimedia-Subsystem-(IMS)-Challenges-and-Opportunities-in-Multi-Application-Environment
6221,2,summary,A-Summary
6222,2,checklist to planning a perfect wedding,Checklist-to-Planning-a-Perfect-Wedding
6223,2,power transformers,Power-Transformers
6224,2,manualsmania brother nvd users guide deutsch,ManualsMania--Brother-NV1500D1500---Users-Guide---Deutsch
6225,2,letter final demand for payment,Letter-Final_Demand_For_Payment
6226,2,letter letter of intent to purchase a business,Letter-Letter_of_Intent_to_Purchase_a_Business
6227,2,mcgee coroners report,McGee-coroners-report
6228,2,manualsmania brother nvd users guide italiano,ManualsMania--Brother-NV4000D4000---Users-Guide---Italiano
6229,2,endued with power by norvel hayes,Endued-with-Power--By-Norvel-Hayes
6230,2,marketreportsonlinecom cameroon oil and gas report q,MarketReportsOnlinecom---Cameroon-Oil-and-Gas-Report-Q3-2012
6231,2,drupal web application development,Drupal-Web-Application-Development
6232,2,teaching excellence nomination form,teaching_excellence_nomination_form
6233,2,fate free will and vedic astrology,Fate-Free-Will-and-Vedic-Astrology
6234,2,invoice proforma,Invoice_Proforma
6235,2,keh birth certificate,KEH-Birth-Certificate
6236,2,elevation certificate,ELEVATION-CERTIFICATE
6237,2,level btec award certificate and diploma in retail,Level-3-BTEC-Award-Certificate-and-Diploma-in-Retail
6238,2,reseller certificate,Reseller-Certificate
6239,2,resale exemption certificate,Resale-Exemption-Certificate
6240,2,marriage certificate check list proof of date of,MARRIAGE-CERTIFICATE-CHECK-LIST-1-Proof-of-Date-of
6241,2,how to purchase cigars from cuba,How-to-Purchase-Cigars-from-Cuba_412
6242,2,inspection certificate,INSPECTION-CERTIFICATE
6243,2,certificate of ownership,CERTIFICATE-OF-OWNERSHIP
6244,2,certificate of family relations,Certificate-of-Family-Relations---DOC
6245,2,scored proposal received from the universities colleges under,Scored-Proposal-received-from-the-Universities-Colleges-under
6246,2,lease financing,lease-financing
6247,2,proposal transmittal form,Proposal-Transmittal-Form
6248,2,manualsmania brother supergalaxie operation manual of buttonhole kit for super galaxie,ManualsMania--Brother-SuperGalaxie---Operation-manual-of-Buttonhole-kit-for-Super-Galaxie3000
6249,2,round guidelines and proposal form presentation,Round-8-Guidelines-and-Proposal-Form-Presentation
6250,2,event sponsorship proposal,Event-Sponsorship-Proposal
6251,2,proposal and plan,Proposal-and-Plan
6252,2,title of proposal,Title-of-proposal
6253,2,austrian proposal,Austrian-Proposal
6254,2,final year project proposal,Final-Year-Project-Proposal
6255,2,proposal plan,PROPOSAL-PLAN
6256,2,student technology fee proposal,STUDENT-TECHNOLOGY-FEE-PROPOSAL---DOC
6257,2,documentation guide,documentation_guide
6258,2,ad valorem worksheet,12-13-ad-valorem-worksheet
6259,2,teaching sells report,teaching-sells-report
6260,2,appendix d sample form letters,APPENDIX-D-SAMPLE-FORM-LETTERS
6261,2,botox consent,Botox--Consent
6262,2,instructions for completing us customs form cf,INSTRUCTIONS-FOR-COMPLETING-US-CUSTOMS-FORM-CF3299
6263,2,i wisconsin form w ra required attachments for,2009-I-041-Wisconsin-Form-W-RA-Required-Attachments-for
6264,2,real estate intake form,Real-Estate-Intake-Form
6265,2,event request form,Event-Request-Form
6266,2,frequently asked questions about simple loan agreement,Frequently-Asked-Questions-About-Simple-Loan-Agreement
6267,2,credit card payment form credit card payment form,CREDIT-CARD-PAYMENT-FORM-CREDIT-CARD-PAYMENT-FORM
6268,2,form of tender,FORM-OF-TENDER
6269,2,standard form freelance,STANDARD-FORM-FREELANCE
6270,2,casting form,CASTING-FORM
6271,2,blank job description form,BLANK-JOB-DESCRIPTION-FORM
6272,2,tender form no,Tender-Form-No
6273,2,form f,FORM-20-F
6274,2,advantages of federal student loan consolidation,The-Advantages-of-Federal-Student-Loan-Consolidation
6275,2,social media calendar,2012-Social-Media-Calendar-Template
6276,2,cease and desist letter for defamation of character,Cease-and-Desist-Letter-for-Defamation-of-Character
6277,2,artists agreement,ARTISTS-AGREEMENT
6278,2,power seller,power-seller
6279,2,press release headline goes here,PRESS-RELEASE-HEADLINE-GOES-HERE
6280,2,agreement to sell and purchase,AGREEMENT-TO-SELL--AND-PURCHASE
6281,2,development agreement,DEVELOPMENT-AGREEMENT
6282,2,risk register spreadsheet carbon trust,Risk-Register-spreadsheet---Carbon-Trust
6283,2,proposal for advertisement,Proposal-for-advertisement
6284,2,referral fee agreement,Referral-Fee-Agreement
6285,2,marketreportsonlinecom games software retailing in emerging markets market guide to,MarketReportsOnlinecom---Games-Software-Retailing-in-Emerging-Markets-Market-Guide-to-2016
6286,2,west virginia frozen dessert manufacturing license,West-Virginia-Frozen-Dessert-Manufacturing-License
6287,2,whistle blowing policy,Whistle-Blowing-Policy
6288,2,employment agency temporary agreement,Employment-Agency-Temporary-Agreement
6289,2,bank loan agreement,Bank-Loan-Agreement
6290,2,construction estimate doc for project estimators,Construction-Estimate-Doc-for-Project-Estimators
6291,2,invitation letter for visitor visa,Sample-Invitation-Letter-for-Visitor-Visa
6292,2,representative agreement,REPRESENTATIVE-AGREEMENT
6293,2,market demand for small wind turbines,Market-Demand-for-Small-Wind-Turbines---DOC
6294,2,membership renewal,Membership-Renewal
6295,2,teacher candidate handbook,TEACHER-CANDIDATE-HANDBOOK
6296,2,employment application form download now,EMPLOYMENT-APPLICATION-FORM---Download-Now-DOC
6297,2,application for certificate of no impediment to marriage other,Application-For-Certificate-Of-No-Impediment-To-Marriage---Other
6298,2,what is the partnership program,What-is-the-Partnership-Program
6299,2,letter to branches,Letter-to-Branches
6300,2,copywriting demand,Copywriting-Demand
6301,2,factual summary,FACTUAL-SUMMARY
6302,2,pre proposal conference,PRE-PROPOSAL-CONFERENCE
6303,2,instructions %ef%bf%bd statement of pastors compensation,Instructions-%EF%BF%BD-2008-Statement-of-Pastors-Compensation
6304,2,blank weekly csi report excel,BLANK-Weekly-CSI-report---Excel
6305,2,nitaac statement of work (sow),NITAAC-Statement-of-Work-(SOW)
6306,2,letter requesting credential evaluation,SAMPLE-LETTER-REQUESTING-CREDENTIAL-EVALUATION
6307,2,reflection journal template modsand,reflection-journal-template-mods3and4
6308,2,applicant reference form,APPLICANT-REFERENCE-FORM
6309,2,preliminary agenda,Preliminary-Agenda
6310,2,bank draft authorization,Bank-Draft-Authorization
6311,2,application for employment in licensed positions,Application-for-Employment-in-Licensed-Positions
6312,2,rental contract,Rental-Contract-Template
6313,2,annual meeting schedule,2012_annual-meeting-schedule
6314,2,(this letter must be issued on college headed paper),(This-letter-must-be-issued-on-College-headed-paper)---DOC
6315,2,will information worksheet buffalo lawyers,Will-Information-Worksheet---Buffalo-Lawyers
6316,2,resume download now,Sample-Resume---Download-Now-DOC
6317,2,medical certificate download as,Medical-Certificate---Download-as-DOC
6318,2,license agreement addendum,License_Agreement_Addendum
6319,2,contract de asistenta juridica,CONTRACT-DE-ASISTENTA-JURIDICA
6320,2,meeting agenda template,meeting-agenda-template---DOC
6321,2,buyer%ef%bf%bds guide (template),Buyer%EF%BF%BDs-Guide-(Template)
6322,2,bank capacity letter,Sample-Bank-Capacity-Letter
6323,2,new employee welcome letter,New-Employee-Welcome-Letter
6324,2,acceptance letter format,acceptance-letter-format---DOC
6325,2,client request form,Client-Request-Form
6326,2,mba resume,MBA-Resume-2012
6327,2,contract for event at the event center at,Contract-for-Event-at-The-Event-Center-at-7
6328,2,tender notice name of work annual maintainance contract for,TENDER-NOTICE-NAME-OF-WORK-ANNUAL-MAINTAINANCE-CONTRACT-FOR
6329,2,contract for temporary employment agency services,Contract-for-Temporary-Employment-Agency-Services
6330,2,resignation form,resignation-form
6331,2,contractor ktr,Contractor-Ktr
6332,2,parts of a business letter,Parts-of-a-business-letter
6333,2,road permit,39-road-permit
6334,2,accountability report,Accountability-Report
6335,2,sponsorship letter download as,Sponsorship-Letter---Download-as-DOC
6336,2,personal training agreement,Personal-Training-Agreement
6337,2,letter of recommendation request form,LETTER-OF-RECOMMENDATION-REQUEST-FORM
6338,2,report on the judicial colloquium on right to,A-Report-on-the-Judicial-colloquium-on-Right-To
6339,2,risk management action plan,SAMPLE-RISK-MANAGEMENT-ACTION-PLAN
6340,2,employment and the labour market,Employment-and-The-Labour-Market
6341,2,seminar evaluation report,Seminar-Evaluation-Report
6342,2,consumer complaint form,CONSUMER-COMPLAINT-FORM
6343,2,standard application,STANDARD-APPLICATION
6344,2,finance business process guide,Finance-90-Business-Process-Guide-Template
6345,2,social networking policy,Social_Networking_Policy
6346,2,letter of sponsorship,SAMPLE-LETTER-OF-SPONSORSHIP
6347,2,letter of demand,Example-Letter-of-Demand
6348,2,to whom it may concern this is a letter,To-whom-it-may-concern-This-is-a-letter
6349,2,letter of nomination,Letter-of-Nomination
6350,2,letter of acknowledgement,Letter-of-Acknowledgement
6351,2,letter of intent with,LETTER-OF-INTENT-WITH
6352,2,letter of support,Letter-of-Support
6353,2,capital improvement worksheet (),2010-Capital-Improvement-Worksheet-(3)
6354,2,application server market shares strategies and forecasts worldwide to,Application-Server-Market-Shares-Strategies-and-Forecasts-Worldwide-2012-to-2018
6355,2,water audit worksheet,Water-Audit-Worksheet
6356,2,press release department of justice,Press-Release---Department-of-Justice
6357,2,step by step guide ubuntu lts server installation and administration,Step-By-Step-Guide-Ubuntu-1204-LTS-Server-Installation-and-Administration
6358,2,knu and burmese government reach a provisional agreement,KNU-and-Burmese-Government-reach-a-provisional-agreement-4---9---2012
6359,2,am business tax receipt new business list page,7102009113156AM-Business-Tax-Receipt-New-Business-List-Page
6360,2,insiders guide to adsense ja,insiders-guide-to-adsense-ja
6361,2,nc water pollution control system contract operators list,NC-Water-Pollution-Control-System-Contract-Operators-List
6362,2,indian lighting market outlook to executive summary,Indian-Lighting-Market-Outlook-to-2016_Executive-Summary
6363,2,travel letter,SAMPLE-TRAVEL-LETTER
6364,2,letter to deal with debt collectors debt collectors,Sample-letter-to-deal-with-debt-collectors-Debt-collectors
6365,2,letter requesting sponsorship,Sample-Letter-Requesting-Sponsorship
6366,2,writing the knockout query letter how to catch a,Writing-the-Knockout-Query-Letter-How-To-Catch-A
6367,2,what does restorative dentistry cover,What-Does-Restorative-Dentistry-Cover
6368,2,cover letter for weekly drilling report,Cover-Letter-for-Weekly-Drilling-Report
6369,2,foreign collaboration agreement,FOREIGN-COLLABORATION-AGREEMENT
6370,2,release letter,Release-Letter
6371,2,news letter september,News-Letter-September-16-2009
6372,2,thank you letter job fair,THANK-YOU-LETTER-JOB-FAIR
6373,2,letter from your president inside,Letter-from-Your-President-Inside
6374,2,interpretive letter,Interpretive-Letter-1052
6375,2,invite letter,Invite-letter
6376,2,news letter vol,News-Letter-Vol1
6377,2,termination letters,Sample-termination-letters
6378,2,angel book chapt guide corrected,Angel-1984-Book-1-chapt-7-guide-corrected
6379,2,daily task tracker,daily-task-tracker-template-
6380,2,statement of problem,Statement-of-Problem
6381,2,getting a driver%e%%s license in sydney,Getting-a-Driver%E2%80%99s-License-in-Sydney
6382,2,what will you choose,What-Will-You-Choose
6383,2,internet marketing methods that will save your internet business,Free-Internet-Marketing-Methods-that-will-Save-your-Internet-Business
6384,2,style opencart,Style-Opencart-Template
6385,2,agreement number license agreement,Agreement-Number-License-Agreement---TNAV-HOLDINGS----9-7-2012
6386,2,agreement number license agreement tnav holdings,Agreement-Number-License-Agreement---TNAV-HOLDINGS---9-7-2012---DOC
6387,2,fast loan,fast-loan
6388,2,client memorandum,CLIENT-MEMORANDUM
6389,2,apartment rental agreement,Apartment-Rental-Agreement-2007-05
6390,2,invoice invoice no,Invoice-Invoice-No
6391,2,national student loan consolidation,National-Student-Loan-Consolidation
6392,2,real estate appraisal report,Real_Estate_Appraisal_Report_Sample
6393,2,waiver of condition,Waiver-of-Condition
6394,2,buyers affidavit purchase of business,Buyers-Affidavit-Purchase-of-Business
6395,2,collection demand letter,Collection-Demand-Letter
6396,2,computer consulting services agreement,Computer-Consulting-Services-Agreement
6397,2,conditional sale agreement,Conditional-Sale-Agreement
6398,2,final release from employee to employer,Final-Release-from-Employee-to-Employer
6399,2,literary agent agreement,Literary-Agent-Agreement
6400,2,mission statement valdosta state university theatre program within,MISSION-STATEMENT-Valdosta-State-University-Theatre-Program-Within
6401,2,opening statement,OPENING-STATEMENT
6402,2,preliminary statement %e%%cpalestinian election overcomes difficult,PRELIMINARY-STATEMENT-%E2%80%9CPalestinian-election-overcomes-difficult
6403,2,duplicate account statement,Duplicate-Account-Statement
6404,2,york county school of technology football cheerleading policy,York-County-School-of-Technology-Football-Cheerleading-Policy
6405,2,sellers real property disclosure statement,Sellers-Real-Property-Disclosure-Statement
6406,2,statement of medical necessity,Statement-of-Medical-Necessity
6407,2,loan money,loan-money
6408,2,statement of investment balances,STATEMENT-OF-INVESTMENT-BALANCES-8312009
6409,2,statement of cash flow,Statement-of-Cash-Flow
6410,2,volleyball score sheet template st peter,Volleyball-Score-Sheet-Template-St-Peter
6411,2,office memorandum,Office-Memorandum
6412,2,fictitious business name statement,FICTITIOUS-BUSINESS-NAME-STATEMENT
6413,2,earnings statement,Earnings-statement
6414,2,individual customer statement,Individual-Customer-Statement
6415,2,acknowledgement receipt,Acknowledgement-Receipt
6416,2,statement of physician,Statement-of-Physician
6417,2,singapore packaging agreement r packaging awards (fact sheet,Singapore-Packaging-Agreement-3R-Packaging-Awards-(Fact-Sheet
6418,2,resume and cv,Resume-and-CV
6419,2,invest to save budget pro forma for round x,INVEST-TO-SAVE-BUDGET-PRO-FORMA-FOR-ROUND-X
6420,2,report assessment sheet rmsu eh iv,Report-Assessment-Sheet---RMSU-EH-IV
6421,2,landlord and tenant fact sheet,Landlord-and-Tenant-Fact-Sheet
6422,2,employment agencies sydney,Employment-Agencies-Sydney
6423,2,ultimate money making guide with torrents,Ultimate-Money-Making-Guide-with-Torrents
6424,2,purchase order no,Purchase-Order-No-4300301521
6425,2,training request,Training-Request
6426,2,salary employment forecast,SALARY-EMPLOYMENT-FORECAST
6427,2,dedicated hosting is the form of internet hostin,A-Dedicated-Hosting-Is-The-Form-Of-Internet-Hostin93
6428,2,logic model quarterly report,LOGIC-MODEL-QUARTERLY-REPORT
6429,2,skills based (also called functional) resume,SAMPLE-SKILLS-BASED-(also-called-FUNCTIONAL)-RESUME
6430,2,penyusunan proposal penelitian,PENYUSUNAN-PROPOSAL-PENELITIAN
6431,2,fact sheet template download as,fact-sheet-template---Download-as-DOC
6432,2,baby shower guide part,The-Baby-Shower-Guide---Part-1
6433,2,informed consent instructions,Informed-Consent-Instructions
6434,2,form filing instructionscdr,Form_Filing-Instructionscdr
6435,2,form request,form-403-request
6436,2,blunt vetoes million from budget,Blunt-vetoes-36-million-from-budget
6437,2,functional resume download as,Sample-Functional-Resume---Download-as-DOC
6438,2,disclosure,disclosure---DOC
6439,2,sales resignation letter,Sales-resignation-letter-1
6440,2,electronics ii lab manual,Electronics-II-Lab-Manual-15
6441,2,complaint letter download as,Sample-Complaint-Letter---Download-as-DOC
6442,2,application for certified copy of birth or death certificate,Application-for-Certified-Copy-of-Birth-or-Death-Certificate
6443,2,declining an offer letter,Declining-An-Offer-Letter
6444,2,partnership deed download as,PARTNERSHIP-DEED---Download-as-DOC
6445,2,u fall soccer schedule,U7-Fall-Soccer-Schedule
6446,2,simulation software training schedule,Simulation-Software-Training-Schedule
6447,2,undergraduate schedule of classes new brunswick and piscataway,Undergraduate-Schedule-of-Classes-New-Brunswick-and-Piscataway
6448,2,price schedule,Price-Schedule
6449,2,authorization to release medical records,AUTHORIZATION-TO-RELEASE-MEDICAL-RECORDS
6450,2,additional driver form,Additional-Driver-Form
6451,2,product marketing manager resume,product-marketing-manager-resume
6452,2,specimen of consular letter,SPECIMEN-OF-CONSULAR-LETTER
6453,2,forest heights pool recreational swim schedule,FOREST-HEIGHTS-POOL-RECREATIONAL-SWIM-SCHEDULE
6454,2,global employment trends,Global-employment-trends-2012
6455,2,environmental health food team food premises inspection report,Environmental-Health-Food-Team-Food-Premises-Inspection-Report
6456,2,power capacity of transmission lines,Power-Capacity-of-Transmission-Lines
6457,2,petty cash form,petty-cash-form
6458,2,mass communication department policy,Mass-Communication-Department-Policy---DOC
6459,2,sbe meeting attachment tcp executive summary title,SBE-Meeting-072007-Attachment-TCP-2-EXECUTIVE-SUMMARY-Title
6460,2,request for an eic determination,REQUEST-FOR-AN-EIC-DETERMINATION
6461,2,note taking guide,NOTE-TAKING-GUIDE
6462,2,shane resume,shane-resume
6463,2,sse fall course outline,SSE-Fall-2009-Course-Outline-Template
6464,2,procurement plan,SAMPLE-PROCUREMENT-PLAN
6465,2,template job description,Template-Job-Description-1
6466,2,resume web developer,RESUME-WEB-DEVELOPER
6467,2,summary of the uniform crime reporting (ucr) program,Summary-of-the-Uniform-Crime-Reporting-(UCR)-Program
6468,2,letter to elected officials,sample-letter-to-elected-officials
6469,2,agenda april,agenda-april-9
6470,2,word journaldiary,Word-JournalDiary-Template
6471,2,item mortgage interest report gateshead council,Item-Mortgage-Interest-report-Gateshead-Council
6472,2,agenda january,agenda-january-22
6473,2,school library media specialist intern checklist,901-School-Library-Media-Specialist-Intern-Checklist
6474,2,application form for koica training program,Application-Form-for-KOICA-Training-Program
6475,2,pre employment tracking sheet,PRE-EMPLOYMENT-TRACKING-SHEET
6476,2,this letter should be retyped on your departments%ef%bf%bd letterhead,THIS-LETTER-SHOULD-BE-RETYPED-ON-YOUR-DEPARTMENTS%EF%BF%BD-LETTERHEAD
6477,2,public relations manager resume,public-relations-manager-resume
6478,2,bid,Bid_Template
6479,2,business plan nda,Business-Plan-Nda
6480,2,payment plan form,Payment-Plan-Form
6481,2,go nshore production checklist,GO-nshore-Production-Checklist
6482,2,beginners guide to hacking unix,A-beginners-guide-to-Hacking-UNIX
6483,2,microsoft word intake form,Microsoft-Word---Intake-Form
6484,2,rma form excel,RMA-Form---Excel
6485,2,acceptance on offer of,Acceptance-on-Offer-of
6486,2,novices guide to hacking,A-Novices-Guide-To-Hacking
6487,2,central power distribution company of a,CENTRAL-POWER-DISTRIBUTION-COMPANY-OF-A---DOC-1
6488,2,nsw ucpr form a statement of claim filing party legally,NSW-UCPR-Form-3A---Statement-of-claim---filing-party-legally
6489,2,form of application for registration of marriage under the hindu,FORM-OF-APPLICATION-FOR-REGISTRATION-OF-MARRIAGE-UNDER-THE-HINDU
6490,2,cat adoption application,Cat-Adoption-Application
6491,2,membership renewal form for,MEMBERSHIP-RENEWAL-FORM-FOR-20042005
6492,2,godi%c%anji plan i program rada,GODI%C5%A0NJI-PLAN-I-PROGRAM-RADA
6493,2,authorization for release of records and information,AUTHORIZATION-FOR-RELEASE-OF-RECORDS-AND-INFORMATION
6494,2,codicil to will,Codicil-to-Will
6495,2,guide de r%ef%bf%bddaction du protocole,Guide-de-r%EF%BF%BDdaction-du-protocole
6496,2,pre incorporation agreement[],Pre-Incorporation-Agreement[1]
6497,2,employee joining form date,Employee-Joining-Form-Date
6498,2,minutes of the executive committee meeting,Minutes-of-the-Executive-Committee-Meeting
6499,2,option to purchase stock,OPTION-TO-PURCHASE-STOCK
6500,2,parking space lease,PARKING-SPACE-LEASE
6501,2,sales proposal template,Sales-Proposal-Template---DOC
6502,2,earnest money escrow agreement,EARNEST-MONEY-ESCROW-AGREEMENT
6503,2,extension of lease,EXTENSION-OF-LEASE
6504,2,late rent payment agreement,LATE-RENT-PAYMENT-AGREEMENT
6505,2,month to month rental agreement,MONTH-TO-MONTH-RENTAL-AGREEMENT
6506,2,offer to lease,Offer-to-Lease
6507,2,renewal of lease,Renewal-of-Lease
6508,2,letter of attestation,letter-of-attestation
6509,2,technical report writing,Technical-Report-Writing
6510,2,training checklist,Training-Checklist
6511,2,weekly class agenda,Weekly-Class-Agenda
6512,2,dummies%ef%bf%bd guide,A-dummies%EF%BF%BD-guide
6513,2,warriors letter,Warriors-letter-912
6514,2,agenda february [],agenda-february-12[1]
6515,2,informed consent download as,Informed-consent---Download-as-DOC
6516,2,agenda january [],agenda-january-22[1]
6517,2,best mortgage,Best-Mortgage
6518,2,agenda october [],agenda-october-8[1]
6519,2,letter get as,SAMPLE-LETTER---Get-as-DOC
6520,2,plan de pruebas,Plan-de-Pruebas
6521,2,cv okiess en,cv-okiess-en
6522,2,constitution bylaws,Constitution_-Bylaws
6523,2,partner outreach letter,Partner-Outreach-Letter-2012
6524,2,steve resume,Steve_Resume
6525,2,guide to personal injury lawyers and the personal injury claim,Guide-to-Personal-Injury-Lawyers-and-the-Personal-Injury-Claim
6526,2,press release january,Press-release-January-2010
6527,2,special event application,Special-Event-Application
6528,2,itil service improvement plan,ITIL-Service-Improvement-Plan-Template
6529,2,invensys nr,invensys-nr-template
6530,2,indian wedding budget worksheet,indian-wedding-budget-worksheet
6531,2,project statement,Project-Statement
6532,2,press release february,PRESS-RELEASE-FEBRUARY-2009
6533,2,telephone policy,Telephone-Policy
6534,2,westlake high school classroom management plan,Westlake-High-School-Classroom-Management-Plan
6535,2,office inspection checklist,OFFICE-INSPECTION-CHECKLIST
6536,2,english language proficiency policy,ENGLISH-LANGUAGE-PROFICIENCY-POLICY
6537,2,credit application form excel,CREDIT-APPLICATION-FORM---Excel
6538,2,employee suggestion form,Employee-Suggestion-Form---DOC
6539,2,quality plan,Quality-Plan-Template
6540,2,laboratory health and safety audit,Laboratory-Health-and-Safety-Audit---DOC
6541,2,letter of termination for cause,SAMPLE-LETTER-OF-TERMINATION-FOR-CAUSE
6542,2,termination notice,Termination-Notice
6543,2,weekly timesheet,weekly-timesheet
6544,2,construction progress and inspection report,CONSTRUCTION-PROGRESS-AND-INSPECTION-REPORT
6545,2,appendix j sample letter of rejection,Appendix-5-J-Sample-Letter-of-Rejection---DOC
6546,2,attachment ceqa form,Attachment-14-CEQA-Form
6547,2,minutes of knowsley primary care trust board meeting held on,MINUTES-of-Knowsley-Primary-Care-Trust-Board-Meeting-held-on
6548,2,dhs report on right wing extremism,DHS-Report-on-Right-Wing-Extremism
6549,2,organizational chart of house democrats health plan,Organizational-Chart-of-House-Democrats-Health-Plan
6550,2,word template for authors eias style b,Word-template-for-authors-EIAS-Style-B
6551,2,kama sutra the ancient indian handbook of love making,Kama-Sutra---The-Ancient-Indian-Handbook-of-Love-Making
6552,2,tibetan dream yoga guide,Tibetan-Dream-Yoga-Guide
6553,2,purchaserequisition order,PURCHASEREQUISITION-ORDER
6554,2,abstract submission form,Abstract-submission-form
6555,2,ibm annual report,IBM-1997-annual-report
6556,2,executive summary template,Executive-Summary-Template---DOC-1
6557,2,slm student loan trust,SLM-Student-Loan-Trust
6558,2,isem sop template,ISEM-SOP-TEMPLATE---DOC
6559,2,sole agency agreement,SOLE-AGENCY-AGREEMENT
6560,2,rental agreement download as,rental-agreement---Download-as-DOC
6561,2,hair salon sublease contract,HAIR-SALON-SUBLEASE-CONTRACT
6562,2,option to purchase equipment,OPTION-TO-PURCHASE-EQUIPMENT-52
6563,2,multicultural policy,Multicultural-Policy
6564,2,tenant model,Tenant-Model-2
6565,2,letter of intent to purchase real estate,Letter-of-Intent-to-Purchase-Real-Estate---DOC
6566,2,event evaluation form,EVENT-EVALUATION-FORM
6567,2,contractor and the agents and employees of the contractor in,The-Contractor-and-the-agents-and-employees-of-the-Contractor-in
6568,2,is event planning checklist attached,Is-Event-Planning-Checklist-Attached
6569,2,skills and education event registration form,SKILLS-and-EDUCATION-EVENT-REGISTRATION-FORM
6570,2,event report,EVENT-REPORT
6571,2,medical history and examination form,MEDICAL-HISTORY-AND-EXAMINATION-FORM
6572,2,resume and cover letter assignment,Resume-and-Cover-Letter-Assignment
6573,2,strategic plan presentation,Strategic-Plan-Presentation-Template
6574,2,instructions %ef%bf%bd letter of intent,INSTRUCTIONS-%EF%BF%BD-Letter-of-Intent-2012-2015
6575,2,excel gantt chart,Excel-Gantt-Chart-Template
6576,2,to edit the spreadsheet in excel,To-edit-the-spreadsheet-in-Excel-2007
6577,2,preliminary outbound student application,Preliminary-Outbound-Student-Application
6578,2,executive potential program application,Executive-Potential-Program-Application
6579,2,meeting notice and agenda,MEETING-NOTICE-AND-AGENDA
6580,2,sacre annual report,SACRE-annual-report-200910
6581,2,experimental design worksheet,Experimental-Design-Worksheet---DOC-2
6582,2,expression of interest (eoi),Expression-of-Interest-(EOI)-template
6583,2,centeral power distribution company of a,CENTERAL-POWER-DISTRIBUTION-COMPANY-OF-A
6584,2,article summary,Sample-Article-Summary---DOC
6585,2,payment reminder letter,Payment-Reminder-Letter
6586,2,payment authorization form,PAYMENT-AUTHORIZATION-FORM
6587,2,job confirmation letter,JOB-CONFIRMATION-LETTER-SAMPLE
6588,2,pledge form,Pledge-Form
6589,2,information technology project request,Information-Technology-Project-Request
6590,2,project evaluation form,Project-Evaluation-Form
6591,2,graphic designer resume,graphic-designer-resume-template
6592,2,report template,Report-Template---DOC-1
6593,2,finance resume,Finance-Resume
6594,2,loan modification guide,Loan-Modification-Guide
6595,2,birth certificate form,Birth-Certificate-Form
6596,2,application for first step pilot project,Application-for-First-Step-Pilot-Project
6597,2,order form zoe cosmetics,Order-Form----ZOE-COSMETICS
6598,2,customer service form,Customer-Service-Form
6599,2,resume professional and functional,Sample-Resume-professional-and-functional---DOC
6600,2,fom pub movement request form cargo,FOM-PUB-6-2-06-Movement-Request-Form-Cargo
6601,2,standard interrogatories form,STANDARD-INTERROGATORIES-FORM-1
6602,2,top secret report,top_secret_report
6603,2,guide two traffic and optimisation,guide-two---traffic-and-optimisation
6604,2,this margin trading agreement no,This-MARGIN-TRADING-AGREEMENT-No
6605,2,dummies guide to the pyschodynamic approach,The-Dummies-Guide-to-the-Pyschodynamic-approach
6606,2,agreement form,Agreement-Form
6607,2,pay rate change form,Pay-Rate-Change-Form
6608,2,deped form e,DepEd-Form-18-E-1
6609,2,price quotation form,Price-Quotation-Form
6610,2,excel schedule template excel,Excel-Schedule-Template---Excel
6611,2,weekly status report excel,Weekly-Status-Report---Excel
6612,2,things to know car loan,things_to_know_car_loan
6613,2,quotation request,QUOTATION-REQUEST
6614,2,please note that from january,Please-note-that-from-January-2005
6615,2,develop and begin implementation of action plan for arnold town,Develop-and-begin-implementation-of-Action-Plan-for-Arnold-Town
6616,2,thank you letter download as,Thank-You-Letter---Download-as-DOC
6617,2,switching power supplies a to z by sanjaya maniktala star review,Switching-Power-Supplies-A-to-Z-by-Sanjaya-Maniktala-5-Star-Review
6618,2,invoice receipt,Invoice-Receipt-Template
6619,2,trust estates outline lawinfo,Trust-_-Estates-Outline---LawInfo
6620,2,official transcript request form,OFFICIAL-TRANSCRIPT-REQUEST-FORM---DOC
6621,2,w a drew edmondson attorney general of oklahoma,W-A-DREW-EDMONDSON-ATTORNEY-GENERAL-OF-OKLAHOMA
6622,2,issue log,Issue-Log-Template
6623,2,agenda format,agenda-format
6624,2,power of music musical therapy to treat autism,The-Power-of-Music---Musical-Therapy-to-Treat-Autism
6625,2,remodeling your bathroom on a budget,Remodeling-Your-Bathroom-on-a-Budget
6626,2,deal memo,deal-memo-template
6627,2,general invoice,General-Invoice-Template
6628,2,ijee copyright and consent form,IJEE-COPYRIGHT-AND-CONSENT-FORM
6629,2,math club worksheet,Math-Club-Worksheet-1
6630,2,vendor registration,Vendor-registration
6631,2,independent energy producers association,INDEPENDENT-ENERGY-PRODUCERS-ASSOCIATION
6632,2,ngo staff policy,Sample-NGO-Staff-Policy_1_
6633,2,le plan d%ef%bf%bdaffaires,Le-plan-d%EF%BF%BDaffaires
6634,2,standard services agreement,Standard-Services-Agreement
6635,2,self study,self-study-template
6636,2,price quote form,Price-Quote-Form
6637,2,mba project report,mba-project-report
6638,2,requirements,Requirements-Template
6639,2,goal setting worksheet download as,Goal-Setting-Worksheet---Download-as-DOC
6640,2,sponsorship proposal download as,SPONSORSHIP-PROPOSAL---Download-as-DOC
6641,2,business budget projection,Business-Budget-Projection-Template
6642,2,debt and money market securities transaction report,Debt-and-Money-Market-Securities-Transaction-Report-06-08-2012
6643,2,srs application,SRS-Application
6644,2,installment payment agreement,Download-Installment-Payment-Agreement-Template
6645,2,find the right health insurance plan in ohio,Find-the-Right-Health-Insurance-Plan-in-Ohio
6646,2,second quarter report,Second-Quarter-Report-2012
6647,2,writing an effective donation letter,Writing-An-Effective-Donation-Letter
6648,2,income and asset form income and asset form illinois,Income-And-Asset-Form-Income-And-Asset-Form---Illinois
6649,2,ghana entry permit visa application form,Ghana-Entry-Permit-Visa-Application-Form
6650,2,sale deed,sale_deed
6651,2,pakistan visa application form,Pakistan-Visa-Application-Form
6652,2,mendota direct vent manual,MENDOTA-DIRECT-VENT-MANUAL
6653,2,national bank mortgage fund national bank of canada,National-Bank-Mortgage-Fund-National-bank-of-Canada
6654,2,cupcake order form,Cupcake_Order_Form
6655,2,world trade report,World-Trade-Report-2012
6656,2,illinois crop share cash farm lease,Illinois-Crop-Share-Cash-Farm-Lease
6657,2,halflife worksheet,Halflife-worksheet
6658,2,lease of space in a mobile home park,Lease-of-Space-in-a-Mobile-Home-Park
6659,2,unsecured convertible promissory note,Unsecured-Convertible-Promissory-Note---SUN-RIVER-ENERGY---9-21-2012
6660,2,nscc important notice depository trust and clearing corporation,NSCC-Important-Notice-Depository-Trust-and-Clearing-Corporation
6661,2,aerospace power emerging dimensions,Aerospace-Power-Emerging-Dimensions
6662,2,chechnya the tombstone of russian power,Chechnya---The-Tombstone-of-Russian-Power
6663,2,hostess coaching checklist,Hostess-Coaching-Checklist
6664,2,standard terms and conditions governing the overseas employment of,STANDARD-TERMS-AND-CONDITIONS-GOVERNING-THE-OVERSEAS-EMPLOYMENT-OF
6665,2,exemple de plan,Exemple-de-plan-1---DOC
6666,2,agenda cumberland county board of commissioners,AGENDA-CUMBERLAND-COUNTY-BOARD-OF-COMMISSIONERS-
6667,2,annual maintenance contract,Annual-Maintenance-Contract
6668,2,addendum a,ADDENDUM-A
6669,2,disclaimer and terms and conditions,Disclaimer-and-Terms-and-Conditions
6670,2,nikon d pdf manual,Nikon-D4-PDF-Manual
6671,2,securities purchase agreement securities purchase agreement,Securities-Purchase-Agreement-Securities-Purchase-Agreement---MPHASE-TECHNOLOGIES-INC---9-24-2012
6672,2,hotel reservation letter,Sample-Hotel-Reservation-Letter
6673,2,project monthly status report,Project-Monthly-Status-Report-Template
6674,2,periodic report,PERIODIC-REPORT-TEMPLATE
6675,2,seo report overview,EXAMPLE-SEO-REPORT-OVERVIEW
6676,2,surf report,The-Surf-Report
6677,2,smile report,The-Smile-Report
6678,2,housing report q,The-Housing-Report-Q3-2009
6679,2,holmes report,the-holmes-report
6680,2,office of the city auditor audit report compliance with,Office-of-the-City-Auditor-Audit-Report-COMPLIANCE-WITH
6681,2,idxf group gold report week,The-IDXF-Group-Gold-Report---Week-37---2009
6682,2,the lab report,A-The-lab-report
6683,2,google wave extension list,Google-Wave-Extension-List
6684,2,advantages and disadvantages of business partnership,Advantages-and-Disadvantages-of-Business-Partnership
6685,2,business tax guide,Business-Tax-Guide
6686,2,assignment of deed of trust,Assignment-of-Deed-of-Trust---DOC
6687,2,increase your property value with house extension,Increase-Your-Property-Value-with-House-Extension
6688,2,narrative report,Narrative-Report
6689,2,administrator salary compensation report fy,Administrator-Salary-Compensation-Report-FY2010
6690,2,corporate report,Corporate-Report
6691,2,csu monterey bay police dept case report summary,CSU-MONTEREY-BAY-POLICE-DEPT-Case-Report-Summary-09172009
6692,2,concept report,Concept-Report
6693,2,report rapport,REPORT-RAPPORT
6694,2,annual accountability report,ANNUAL-ACCOUNTABILITY-REPORT-2008-2009
6695,2,commodities report,Commodities-Report
6696,2,global link monthly contact report i i global link,Global-Link-Monthly-Contact-Report-I-i-Global-Link
6697,2,influenza in queensland weekly report september,Influenza-in-Queensland-2009-Weekly-Report-21-September-2009
6698,2,emvi anual report,EMVI-Anual-Report-2007
6699,2,doctor visit report,Doctor-Visit-Report
6700,2,ptcog steering committee report,PTCOG-43-STEERING-COMMITTEE-REPORT
6701,2,vital signs report,Vital-Signs-Report
6702,2,contractor partnership memorandum of agreement,Sample-Contractor-Partnership-Memorandum-of-Agreement
6703,2,how to choose the right personal injury attorney,How-To-Choose-The-Right-Personal-Injury-Attorney_130
6704,2,confidentiality agreement this confidentiality agreement (the,CONFIDENTIALITY-AGREEMENT-THIS-CONFIDENTIALITY-AGREEMENT-(the
6705,2,maybank classic card agreement the issuance of the maybank,MAYBANK-CLASSIC-CARD-AGREEMENT-The-issuance-of-the-Maybank
6706,2,agreement for purchase and sale this purchase and sale,AGREEMENT-FOR-PURCHASE-AND-SALE-THIS-PURCHASE-AND-SALE
6707,2,housing agreement for fall summer center city campus,Housing-Agreement-for-Fall-2009-Summer-2010-Center-City-Campus
6708,2,agreement for revenue sharing to provide agreement no bi,Agreement-for-Revenue-Sharing-to-Provide-Agreement-No-BI09-2481
6709,2,official ufone customer services agreement form,Official-Ufone-Customer-Services-Agreement-form
6710,2,memorandum of agreement (moa),MEMORANDUM-OF-AGREEMENT-(MOA)
6711,2,prlogorg solix technologies signs oem agreement with voltage,PRLogOrg---Solix-Technologies-Signs-OEM-Agreement-with-Voltage
6712,2,nikon coolpix l coolpix l l quick start guide,Nikon---COOLPIX-L11---COOLPIX-L10--L11-Quick-Start-Guide
6713,2,bentley agenda for pdf,Bentley-Agenda-604-for-pdf
6714,2,agenda at a glance,AGENDA-AT-A-GLANCE
6715,2,details bombay stock exchange,details-Bombay-Stock-Exchange
6716,2,agenda weekly,29-Agenda-Weekly
6717,2,lease agreement for,LEASE-AGREEMENT-FOR
6718,2,quit claim deed california,Quit-Claim-Deed-California
6719,2,usa distributor agreement,USA-DISTRIBUTOR-AGREEMENT
6720,2,right of first refusal agreement,Right-of-First-Refusal-Agreement
6721,2,affiliate agreement this affiliate agreement (agreement ) is,AFFILIATE-AGREEMENT-This-Affiliate-Agreement-(Agreement-)-is
6722,2,award agreement,AWARD-AGREEMENT
6723,2,indemnity agreement world bank,Indemnity-Agreement-World-Bank
6724,2,board of directors confidentiality agreement,Board-of-Directors-Confidentiality-Agreement
6725,2,irrevocable trust agreement,IRREVOCABLE-TRUST-AGREEMENT
6726,2,sqs action plan,SQS-ACTION-PLAN-TEMPLATE
6727,2,group stockist service centre agreement dxn international,GROUP-STOCKIST-SERVICE-CENTRE-AGREEMENT-DXN-International
6728,2,obama plan,The-Obama-Plan
6729,2,professional service agreement,PROFESSIONAL-SERVICE-AGREEMENT
6730,2,leave and license agreement,LEAVE-AND-LICENSE-AGREEMENT---DOC
6731,2,agreement of cooperation,AGREEMENT-OF-COOPERATION
6732,2,holiday let rental agreement,Holiday-let-rental-agreement
6733,2,mastering singapore search engine optimization will make your business a success,Mastering-Singapore-Search-Engine-Optimization-Will-Make-Your-Business-A-Success
6734,2,how to make your cv stand out,How-to-Make-Your-CV-Stand-Out
6735,2,notice of continued tax upset sale,NOTICE-OF-CONTINUED-TAX-UPSET-SALE
6736,2,project execution plan,PROJECT-EXECUTION-PLAN
6737,2,invoice in services,Invoice-in-Services
6738,2,project initiation,Project-Initiation-template
6739,2,careington dental vision discount plan,Careington-Dental-Vision-Discount-Plan
6740,2,amerihealth %c%ae nj hmo is a health plan with,AmeriHealth-65%C2%AE-NJ-HMO-is-a-health-plan-with
6741,2,termination certified letter,Termination-Certified-Letter-Template
6742,2,teaching resume,Teaching-Resume
6743,2,changes to the assignment codes manual,Changes-to-the-2010-2011-Assignment-Codes-Manual
6744,2,workforce report,WORKFORCE-REPORT
6745,2,dental plan,DENTAL-PLAN
6746,2,job acceptance letter,Sample-Job-Acceptance-Letter
6747,2,guidelines for writing team contract,Guidelines-for-Writing-Team-Contract
6748,2,exhibitor contract,Exhibitor-contract-2010
6749,2,pro forma contract,Pro-Forma-Contract
6750,2,design build contract,DESIGN-BUILD-CONTRACT
6751,2,weddings proms etc contract,WEDDINGS-PROMS-ETC-CONTRACT
6752,2,exhibition contract,Exhibition-Contract
6753,2,brokerage contract,Brokerage-contract
6754,2,contract cleaning,Contract-Cleaning
6755,2,formation of contract,Formation-of-Contract
6756,2,contract performance bond,CONTRACT-PERFORMANCE-BOND
6757,2,contract manufacturing,Contract-Manufacturing
6758,2,hse action plan,HSE-ACTION-PLAN
6759,2,exprs risk management plan,eXPRS-Risk-Management-Plan
6760,2,risk response plan,Risk-Response-Plan
6761,2,plan de communication,PLAN-DE-COMMUNICATION
6762,2,team forage plan of work,Team-Forage-Plan-of-Work
6763,2,annual action plan,ANNUAL-ACTION-PLAN
6764,2,responsibility matrix training needs analysis and training plan,Responsibility-Matrix-Training-Needs-Analysis-and-Training-Plan
6765,2,how to write a good marketing plan,HOW-TO-WRITE-A-GOOD-MARKETING-PLAN
6766,2,launch plan,Launch-Plan
6767,2,modelo para plan de acci%c%n,MODELO-PARA-PLAN-DE-ACCI%C3%93N
6768,2,request for vehicle quotation best and final offer,REQUEST-FOR-VEHICLE-QUOTATION-BEST-AND-FINAL-OFFER---DOC
6769,2,krs kpi report system,1--KRS-KPI-Report-system
6770,2,notice of entry of appearance as attorney in matters,Notice-of-Entry-of-Appearance-as-Attorney-In-Matters
6771,2,notice of primary election,NOTICE-OF-PRIMARY-ELECTION
6772,2,lab equipment worksheet,Lab-Equipment-Worksheet---DOC
6773,2,new year party will be enjoyable,2013-New-Year-Party-will-be-enjoyable
6774,2,this,This-template
6775,2,notice to tenant,NOTICE-to-TENANT
6776,2,notice of intent to vacate,NOTICE-OF-INTENT-TO-VACATE
6777,2,weekly planner,Weekly-Planner-Template
6778,2,notice to importers,Notice-to-Importers
6779,2,annual report form,2012-Annual-Report-Form
6780,2,notice of general election,NOTICE-OF-GENERAL-ELECTION-2012
6781,2,employment expenses agence du revenu du canada,Employment-Expenses---Agence-du-revenu-du-Canada
6782,2,harassment policy,Harassment-Policy
6783,2,executor deed,Executor-Deed
6784,2,promissory note download as,PROMISSORY-NOTE---Download-as-DOC
6785,2,betty hofer rental south cline wadena iowa,Betty-Hofer-Rental-328-South-Cline-Wadena-Iowa-49500
6786,2,professional letter request processed,Professional-Letter-Request-Processed
6787,2,retail space for lease,RETAIL-SPACE-FOR-LEASE
6788,2,industrial space for lease,INDUSTRIAL-SPACE-FOR-LEASE
6789,2,extended lease,Extended-Lease
6790,2,member agreement,MEMBER-AGREEMENT
6791,2,memo for,MEMO-FOR
6792,2,supplier information cpfr process and benefits best buy,Supplier-Information-CPFR-Process-and-Benefits-Best-Buy
6793,2,contingent fee agreement,Sample-Contingent-Fee-Agreement
6794,2,invention disclosure,invention-disclosure
6795,2,model agreement,Model-Agreement
6796,2,design bid build construction contract,DESIGN-BID-BUILD-CONSTRUCTION-CONTRACT
6797,2,notice of dhs rule adoption,Notice-of-DHS-Rule-Adoption
6798,2,business plan stanford university,Business-Plan-Stanford-University
6799,2,web page,Web-page-template
6800,2,web site design project contract,Web-Site-Design-Project-Contract-_SAMPLE_
6801,2,dan kennedy teaches the power of mastery,Dan-Kennedy-Teaches-The-Power-Of-Mastery
6802,2,staying determined in order to exercise,Staying-Determined-In-Order-To-Exercise
6803,2,summary of new york state civil service law department of civil,Summary-Of-New-York-State-Civil-Service-Law-Department-of-Civil
6804,2,excel schedule of training day,Excel-Schedule-of-Training-Day
6805,2,specimen of letter of intimation to the auditor for appointment,Specimen-of-Letter-of-Intimation-to-the-Auditor-for-Appointment
6806,2,policy and procedure manual,POLICY-and-PROCEDURE-MANUAL---DOC
6807,2,customer profile form for,Customer-Profile-Form-for---DOC
6808,2,asset purchase and sale agreement,Asset-Purchase-and-Sale-Agreement
6809,2,apartment application,Apartment-Application
6810,2,letter no,Sample-Letter-No
6811,2,notice of the annual general meeting,NOTICE-OF-THE-ANNUAL-GENERAL-MEETING
6812,2,customer complaint form,CUSTOMER-COMPLAINT-FORM
6813,2,letter from the principal,Letter-from-the-Principal
6814,2,letter of authorization download now,Letter-of-Authorization---Download-Now-DOC
6815,2,computer service request form,Computer-Service-Request-Form
6816,2,engineering credit transfer request form,Engineering-Credit-Transfer-Request-Form
6817,2,one page resume,One-page-resume
6818,2,civil and environmental engineering resume,SAMPLE-CIVIL-and-ENVIRONMENTAL-ENGINEERING-RESUME
6819,2,herbal manual,Herbal-Manual
6820,2,demolition contractors registration form,Demolition-Contractors-Registration-Form
6821,2,startup checklist,startup-checklist
6822,2,activity,Activity-Template
6823,2,local search request form,Local-Search-Request-Form
6824,2,inspection agreement,inspection-agreement
6825,2,humanitarian funding forgiveable loan program,Humanitarian-Funding-_-Forgiveable-Loan-Program
6826,2,template for letter of endorsement for,TEMPLATE-FOR-LETTER-OF-ENDORSEMENT-FOR---DOC
6827,2,consultation form,CONSULTATION-FORM
6828,2,patient advocate form,PATIENT-ADVOCATE-FORM
6829,2,principal notification letter september,PRINCIPAL-NOTIFICATION-LETTER-September
6830,2,confirmation letter download as,Confirmation-Letter---Download-as-DOC
6831,2,easy to find foods that will vtxt,5-easy-to-find-foods-that-will_V178txt
6832,2,informed consent checklist,Informed-Consent-Checklist
6833,2,parental consentmedical treatment form,Parental-ConsentMedical-Treatment-Form
6834,2,tab sample bylaws for a h club (mdocx),Tab-6---Sample-Bylaws-for-a-4-H-Club-(M2045440DOCX1)
6835,2,model rhio consent form,MODEL-RHIO-CONSENT-FORM
6836,2,outline template,OUTLINE-TEMPLATE---DOC
6837,2,media relations policy,MEDIA-RELATIONS-POLICY
6838,2,waiver and release agreement,WAIVER-AND-RELEASE-AGREEMENT
6839,2,form isian data teknis,Form-Isian-Data-Teknis
6840,2,race report my first ironman,Race-Report-My-first-Ironman
6841,2,demand estimation,DEMAND-ESTIMATION
6842,2,last will of moira leahy by therese walsh excerpt,The--Last--Will-of--Moira--Leahy-by--Therese--Walsh--Excerpt
6843,2,contract amendment,CONTRACT-AMENDMENT
6844,2,renovation contract,Download-Renovation-Contract-Template
6845,2,rental property checklist,RENTAL-PROPERTY-CHECKLIST
6846,2,this press release,Download-this-Press-Release
6847,2,residential contract of sale,Residential-Contract-of-Sale11-2000
6848,2,housing adaptations budget for scottish government,HOUSING-ADAPTATIONS-BUDGET-FOR-Scottish-Government
6849,2,information technology strategic leader in chicago il resume alan dattel,Information-Technology-Strategic-Leader-in-Chicago-IL-Resume-Alan-Dattel
6850,2,job hazard analysis form,Job-Hazard-Analysis-Form---DOC
6851,2,hsbc credit card application,HSBC-Credit-Card-Application
6852,2,application for media accreditation,Application-for-Media-Accreditation
6853,2,application for premises licenceprovisional premises licence,APPLICATION-FOR-PREMISES-LICENCEPROVISIONAL-PREMISES-LICENCE
6854,2,click here to sample dental assistant resume in word,Click-here-to-Sample-Dental-Assistant-Resume-2-in-Word
6855,2,nursing assistant resume,Nursing-Assistant-Resume-Sample-2
6856,2,externship agreement,EXTERNSHIP-AGREEMENT
6857,2,privacy policy for a website,Privacy-policy-for-a-website
6858,2,msds,MSDS-Template
6859,2,student feedback form,Student-Feedback-Form---DOC
6860,2,jpos project guide,jPOS-Project-Guide
6861,2,copyright release form for u,Copyright-Release-Form-for-U
6862,2,teaching assistant cv,teaching-assistant-cv-example
6863,2,nursing resume,Sample-Nursing-Resume
6864,2,it project manager%ef%bf%bds checklist of responsibilities,IT-Project-Manager%EF%BF%BDs-Checklist-of-Responsibilities
6865,2,gst report,GST-Report
6866,2,donation agreement,Donation-Agreement
6867,2,audit trails,Audit-Trails
6868,2,plan de accion tutorial,PLAN-DE-ACCION-TUTORIAL
6869,2,rfp cover letter,00-RFP-Cover-Letter-041029
6870,2,tenant net,Tenant-Net
6871,2,fundraising form,fundraising-form---DOC
6872,2,growing demand for quality education is triggering ict usage in education sector,Growing-demand-for-quality-education-is-triggering-ICT-usage-in-education-sector
6873,2,self evaluation form,SELF-EVALUATION-FORM---DOC
6874,2,proposal for package insurance,Proposal-for-Package-Insurance-1
6875,2,cover letter example,Cover-letter-example---DOC
6876,2,job application form template,Job-Application-Form-Template---DOC
6877,2,acknowledgment of receipt,acknowledgment-of-receipt
6878,2,covering letter download as,Covering-Letter---Download-as-DOC
6879,2,student visa application checklist,Student-Visa-Application-Checklist
6880,2,skillset film futures application form,Skillset-Film-Futures-Application-Form
6881,2,weekly calendar,2010-Weekly-Calendar-Template
6882,2,reservation agreement,Reservation-Agreement
6883,2,is your resume trash or treasure,Is-Your-Resume-Trash-or-Treasure
6884,2,of invitation letter,Sample-Of-Invitation-Letter
6885,2,city of wichita council agenda march,City-of-Wichita-Council-Agenda---March-28-2000
6886,2,certificate for acceptance application form,Certificate-for-Acceptance-Application-Form
6887,2,handbook to life in ancient rome,Handbook-to-Life-in-Ancient-Rome
6888,2,social media marketing industry report,Social-Media-Marketing-Industry-Report-2009
6889,2,mole worksheet,Mole-Worksheet---DOC
6890,2,stock di moneta stock di titoli e tassi di cambio,Stock-di-moneta_-stock-di-titoli-e-tassi-di-cambio
6891,2,paul bristows cv european format,Paul-Bristows-CV---European-format---DOC
6892,2,adult registration form,Adult-Registration-Form---DOC
6893,2,website purchase agreement,Download-website-purchase-agreement
6894,2,cv francais,CV-francais
6895,2,today%ef%bf%bds agenda,Today%EF%BF%BDs-Agenda
6896,2,ebook psychology how to control your brain at will,ebook----Psychology---How-To-Control-Your-Brain-At-Will
6897,2,medical authorization hipaa compliant,MEDICAL-AUTHORIZATION-HIPAA-COMPLIANT
6898,2,superintendent contract adams county school district,Superintendent-Contract-Adams-County-School-District
6899,2,exemplar service level agreement,Exemplar-Service-Level-Agreement
6900,2,battersea power station,Battersea-Power-Station
6901,2,statement of authenticity,STATEMENT-OF-AUTHENTICITY
6902,2,bank manager cv,Bank-Manager-CV-Template
6903,2,assignment,Assignment-Template
6904,2,building and pest inspection,Building-and-Pest-Inspection
6905,2,liability and publicity release and waiver,LIABILITY-AND-PUBLICITY-RELEASE-AND-WAIVER
6906,2,letter of appreciation,Sample-Letter-of-Appreciation---DOC
6907,2,fundraiser agreement,Fundraiser-Agreement
6908,2,daily activity schedule,Daily-Activity-Schedule-2009
6909,2,annual report of the commissioner on interception,2007-Annual-Report-of-the-Commissioner-on-Interception
6910,2,lease authorization press american paint horse association,Lease-Authorization-Press-American-Paint-Horse-Association
6911,2,the apartment consultant ebook,Download-the-apartment-consultant-ebook
6912,2,silent auction donation letter,Silent-Auction-Donation-Letter
6913,2,formal balanced scorecard spreadsheet model,Formal-Balanced-Scorecard-Spreadsheet-Model
6914,2,weekly calendar template with us holidays,2013-Weekly-Calendar-Template-with-US-Holidays
6915,2,budget for fiscal year,Budget-For-Fiscal-Year-2002---2003
6916,2,budget decisions in times of fiscal constraint,Budget-Decisions-in-Times-of-Fiscal-Constraint_10_
6917,2,national science foundation fiscal year budget request,National-Science-Foundation-Fiscal-Year-1997-Budget-Request_3_
6918,2,agenda for board of directors meeting,AGENDA-FOR-BOARD-OF-DIRECTORS-MEETING
6919,2,notice of lease termination,Notice-of-Lease-Termination
6920,2,it resume,Sample-IT-Resume
6921,2,resume objectives,resume-objectives
6922,2,resume helper,resume-helper
6923,2,resume maker,resume-maker
6924,2,resume builders,Resume-builders
6925,2,resume layout,Resume-layout
6926,2,resume styles,Resume-Styles
6927,2,application for sponsorship,Application-for-Sponsorship
6928,2,guide to online dating,Guide-to-Online-Dating
6929,2,us army operational law handbook,US-Army-Operational-Law-Handbook-2012
6930,2,certificate of dissolution of,CERTIFICATE-OF-DISSOLUTION-OF
6931,2,mortgage interest tax relief at source trsp,Mortgage-Interest-Tax-Relief-at-Source---TRS1P
6932,2,corporations organization and capital stock,Corporations-Organization-and-Capital-Stock
6933,2,dynamic load balancing project report,Dynamic-Load-Balancing-Project-Report
6934,2,form instructions internal revenue service,Form-Instructions-Internal-Revenue-Service
6935,2,hatcher executive word resume,Hatcher-Executive-Word-Resume-2010
6936,2,jordan professional resume,Jordan-professional-resume_
6937,2,poster schedule,Poster_Schedule
6938,2,ultimate lifestyle secret the power of self confidence,__65279_An_Ultimate_Lifestyle_Secret_-_The_Power_Of_Self_Confidence
6939,2,fsa statistics on mortgage lending,FSA-STATISTICS-ON-MORTGAGE-LENDING
6940,2,warning signs,Warning-Signs
6941,2,continental airlines inc form united airlines,Continental-Airlines-Inc-Form-United-Airlines
6942,2,bank transfer form,Bank-Transfer-Form
6943,2,safety inspection checklist,Safety-Inspection-Checklist
6944,2,weekly meal planner,Weekly-meal-planner-Template
6945,2,nissan quest service manual workshop,Nissan-Quest-Service-Manual-Workshop
6946,2,repair manual hyundai ipdf,Repair-Manual-Hyundai-i20pdf
6947,2,bed summary,bed_03_summary
6948,2,good collection,GOOD-COLLECTION
6949,2,cisa ilab web application development devry university,CIS407A-iLab-2-Web-Application-Development-Devry-University
6950,2,beauty parlour pamphlet,Download-Beauty-parlour-pamphlet-template
6951,2,bank letter of credit,BANK-letter-of-credit
6952,2,white label application white labeling white labeled solution white label software,White-label-application-White-Labeling-White-Labeled-Solution-White-Label-Software
6953,2,plantilla plan de vida,plantilla_PLAN_DE_VIDA
6954,2,nato military policy on psychological operations mc,NATO-MILITARY-POLICY-ON-PSYCHOLOGICAL-OPERATIONS-MC-0402-1
6955,2,guide de la redaction administrative,Guide_de_la_redaction_administrative
6956,2,new work item proposal,New-work-item-proposal
6957,2,power supply for power line carrier communication systems,Power-supply-for-power-line-carrier-communication-systems
6958,2,form pengajuan judul skripsi,Form--Pengajuan--Judul--Skripsi
6959,2,vetting policy,Vetting-Policy
6960,2,employment letter,Employment-Letter
6961,2,dispute letter to credit company,Dispute-letter-to-credit-company
6962,2,installment payment contract abcte,Installment-Payment-Contract-ABCTE
6963,2,ventura vendor registration nigp commodity codes,Ventura-Vendor-Registration---NIGP-Commodity-Codes
6964,2,daily agri report by epic research october,DAILY-AGRI-REPORT-BY-EPIC-RESEARCH--30-OCTOBER-2012
6965,2,daily commodity report by epic research october,DAILY-COMMODITY--REPORT-BY-EPIC-RESEARCH--30-OCTOBER-2012
6966,2,daily equity report by epic research october,DAILY-EQUITY-REPORT-BY-EPIC-RESEARCH--30-OCTOBER-2012
6967,2,daily forex report by epic research october,DAILY-FOREX-REPORT-BY-EPIC-RESEARCH--30-OCTOBER-2012
6968,2,daily special report by epic research october,DAILY-SPECIAL--REPORT-BY-EPIC-RESEARCH--30-OCTOBER-2012
6969,2,form kjks sadewa,form-kjks-sadewa
6970,2,trade agreement,FREE-TRADE-AGREEMENT
6971,2,rubric,rubric-template
6972,2,toyota dyna service repair manual,Toyota-Dyna-Service-Repair-Manual
6973,2,solution manual,5000-Solution-Manual
6974,2,affymetrix annual report,Affymetrix-2002-annual-report
6975,2,inspection,Inspection_Template
6976,2,honda fireblade service manual cbrrr,HONDA-FIREBLADE-SERVICE-MANUAL-CBR1000RR-2004-2008-DOWNLOAD
6977,2,honda fireblade service manual fireblade repair manual,HONDA-FIREBLADE-SERVICE-MANUAL-FIREBLADE-929-REPAIR-MANUAL-2000-2002-DOWNLOAD
6978,2,defendant name orange county district attorney,DEFENDANT-NAME---Orange-County-District-Attorney
6979,2,admissions policy,Admissions-Policy
6980,2,this agreement is for the management and rental of vacation homes,This-agreement-is-for-the-Management-and-Rental-of-Vacation-Homes
6981,2,ecdl v mod office xp manual,sample_ecdl_v4_mod3_office_xp_manual
6982,2,services and secondment agreement,Services-And-Secondment-Agreement---CHENIERE-ENERGY-PARTNERS----11-2-2012
6983,2,template proposal,Sample-template-proposal
6984,2,notice to quit for non payment of rent,Notice-to-Quit-for-Non-Payment-of-Rent
6985,2,notice to terminate tenancy,Notice-to-Terminate-Tenancy
6986,2,consultancy report,Consultancy-Report
6987,2,icis data exchange template v,ICIS-Data-Exchange-Template-v3-2
6988,2,passport renewal,passport-renewal
6989,2,field trip report,Field-Trip-Report
6990,2,continuous improvement plan,Continuous-improvement-plan
6991,2,obituary notice,Obituary-Notice
6992,2,mba student resume,MBA-student-resume-sample-4
6993,2,conference workshop proposal,Conference-Workshop-proposal-2013
6994,2,room booking form,Room-Booking-Form
6995,2,easy invoice,Easy-Invoice-Template
6996,2,old book,Old-Book-Template
6997,2,team usa mortgage llc branch manager agreement,TEAM-USA-MORTGAGE-LLC-BRANCH-MANAGER-AGREEMENT
6998,2,outline proposal,Outline-Proposal
6999,2,statement showing the particulars of the minimum support price(msp,Statement-showing-the-particulars-of-the-Minimum-Support-Price(MSP
7000,2,organic farm business plan,Organic-Farm-Business-Plan
7001,2,invitation to submit proposal,INVITATION-TO-SUBMIT-PROPOSAL
7002,2,applied geoscience project proposal form,applied-geoscience-project-proposal-form-2004
7003,2,rassct guide utilisateur,RASSCT-Guide-utilisateur
7004,2,vodafone,Vodafone-template
7005,2,niraj resume,NIRAJ-RESUME
7006,2,genealogy report genealogy and ancestry of gray and hancock rtf,Genealogy-Report---Genealogy-and-Ancestry-of-Gray-and-Hancock-rtf
7007,2,declaration of interests disclosure form,DECLARATION-OF-INTERESTS-Disclosure-Form
7008,2,st semester outreach report,1ST-SEMESTER-OUTREACH-REPORT
7009,2,proposal baksos,proposal-baksos---DOC
7010,2,cover letter entry level,cover-letter-entry-level
7011,2,seo template guide,SEO-Template-Guide
7012,2,phase action plan,Phase-1-Action-plan
7013,2,physical and chemical changes and properties of matter worksheet,Physical-and-Chemical-Changes-and-Properties-of-Matter-Worksheet
7014,2,external load helicopter cargo hook with touch down release,External-load-helicopter-cargo-hook-with-touch-down-release
7015,2,business and consulting contract,Business-and-Consulting-Contract
7016,2,collection,THE-COLLECTION
7017,2,security guard resume,security-guard-resume-example
7018,2,siebel crm on demand,Siebel-CRM-on-Demand
7019,2,subordination and intercreditor agreement,Subordination-And-Intercreditor-Agreement---LECTEC-CORP-MN---11-6-2012
7020,2,intertainment media inc form d,INTERTAINMENT-MEDIA-INC-Form-D---11-6-2012
7021,2,shipping industry,Shipping-Industry
7022,2,election form,Election-Form
7023,2,ind nda anda,3-IND_-NDA_ANDA
7024,2,subcontractor bid proposal form,Subcontractor-bid-proposal-form
7025,2,notice of termination of lease letter,Notice-of-Termination-of-Lease-Letter
7026,2,overdue payment reminder letter,Overdue-Payment-Reminder-Letter
7027,2,request for leave of absence letter,Request-for-Leave-of-Absence-Letter-Template
7028,2,request for price quote letter,Request-for-Price-Quote-Letter
7029,2,request for return authorization letter,Request-for-Return-Authorization-Letter-Template
7030,2,verification of employment letter,Verification-of-Employment-Letter-Template
7031,2,family budget,Family-Budget
7032,2,full housing cover for sony ericsson w wi black,Full-Housing-Cover-For-Sony-Ericsson-W380-W380i-Black-999
7033,2,vivus annual report,Vivus-2002-annual-report
7034,2,form fill and seal packaging machine,FORM_FILL-AND-SEAL-PACKAGING-MACHINE
7035,2,multiple listing request form,MULTIPLE-LISTING-REQUEST-FORM---DOC
7036,2,trade show checklist,Trade-Show-Checklist
7037,2,winemaking viticulture uc davis extension,Winemaking-Viticulture-UC-Davis-Extension
7038,2,plrgold license basics of investing,PLRGold-License---Basics-of-Investing
7039,2,landscaping contractor,Landscaping-Contractor
7040,2,property damage report,Property-Damage-Report---DOC
7041,2,proposal paud,PROPOSAL-PAUD
7042,2,proposal pengembangan usaha,PROPOSAL-PENGEMBANGAN-USAHA
7043,2,isi proposal lengkap asli,Isi-Proposal-lengkap-Asli---DOC
7044,2,menyusun proposal usaha,MENYUSUN-PROPOSAL-USAHA
7045,2,honda accord pdf service repair workshop manual,HONDA-ACCORD-PDF-SERVICE-REPAIR-WORKSHOP-MANUAL-1986-1989
7046,2,phytosanitary certificate,PHYTOSANITARY-CERTIFICATE
7047,2,form of indemnity agreement,Form-Of-Indemnity-Agreement---HAWAIIAN-ELECTRIC-INDUSTRIES-INC---11-8-2012
7048,2,form siemens,Form-Siemens
7049,2,newspaper,newspaper-template
7050,2,form purchase order,Form-Purchase-Order
7051,2,suzuki vitara pdf service repair workshop manual,SUZUKI-VITARA-PDF-SERVICE-REPAIR-WORKSHOP-MANUAL
7052,2,toyota camry quick reference guide,2008-Toyota-Camry-Quick-Reference-Guide
7053,2,ssf proposal for workshop centre for marine biodiversity,SSF-Proposal-for-Workshop---Centre-for-Marine-Biodiversity
7054,2,freelance editing contract university of victoria uvic,Sample-freelance-editing-contract---University-of-Victoria---UVIC
7055,2,cover letter for job application,Cover-Letter-for-Job-Application
7056,2,membership interest pledge agreement,Membership-Interest-Pledge-Agreement---ORGANIC-SPICE-IMPORTS----11-15-2012
7057,2,myanmar independent news journal,Myanmar-Independent-News-Journal---27
7058,2,form schedule d,Form-1040---Schedule-D-1
7059,2,master level cohorts working party report,Master-level-Cohorts-Working-Party---Report
7060,2,schedule special conditionsdoc ccac web site,Schedule_1-Special_ConditionsDOC---CCAC-Web-Site
7061,2,letter of recommendation for students,Letter-of-Recommendation-for-Students
7062,2,debt settlement letter,Sample-Debt-Settlement-Letter
7063,2,exhibitor checklist,2010-Exhibitor-checklist
7064,2,rental application proforma,2013-RENTAL-Application--Proforma
7065,2,technology co operation agreement,Technology-Co-operation-Agreement---SANDALWOOD-VENTURES---11-16-2012
7066,2,google guide quick reference google advanced operators (cheat sheet),Google-Guide-Quick-Reference-Google-Advanced-Operators-(Cheat-Sheet)
7067,2,ppap checklist abg,PPAP-Checklist-ABG
7068,2,experience of no fault divorce attorney in new york,Experience-of-No-Fault-Divorce-Attorney-in-New-York
7069,2,library assembly minutes final,Library-Assembly-Minutes-2011_01-final
7070,2,summary of layoff procedures,Summary-of-Layoff-Procedures
7071,2,employment situation september,THE-EMPLOYMENT-SITUATION---SEPTEMBER-2009
7072,2,pta meeting minutes,PTA-Meeting-Minutes
7073,2,ecc north america routing guide v rev,ECC-North-America-Routing-Guide---v13-rev2012
7074,2,resume ms word format,Resume-_MS-Word-Format_
7075,2,chuong letter,2005-Chuong-Letter
7076,2,incident response plan,Incident-Response-Plan
7077,2,accident incident near miss report forum document no,Accident-Incident-Near-Miss-Report-Forum-Document-No
7078,2,mold inspection company,Mold-Inspection-Company
7079,2,job applicant rejection letter,Job-Applicant-Rejection-Letter
7080,2,disclosure notice your right of rescission,Disclosure-Notice---Your-Right-of-Rescission
7081,2,personal loan with bad credit,Personal-Loan-With-Bad-Credit
7082,2,plan purposes pursuits by kenneth hagin,Plan_-Purposes-_-Pursuits-by-Kenneth-Hagin
7083,2,minutes in hell by bill wiese,23-MINUTES-IN-HELL-by-Bill-Wiese
7084,2,minutes in hell,23-MINUTES-IN-HELL
7085,2,days of power by rick renner,365-DAYS-OF-POWER-by-Rick-Renner
7086,2,ghx supplier list mckesson,GHX---Supplier-List---McKesson
7087,2,continuity of business plan,Continuity-of-Business-Plan
7088,2,fine dining restaurant business plan,Fine-Dining-Restaurant-Business-Plan
7089,2,mobile guide issue,mobile-guide-issue-_80_
7090,2,outline for a business plan,Outline-for-a-Business-Plan
7091,2,competition commission annual report,2010--2011-Competition-Commission-Annual-Report
7092,2,steps to consider while choosing the attorney,Steps-to-consider-while-choosing-the-Attorney
7093,2,appraisal guide,Appraisal-Guide
7094,2,sophos security threat report,Sophos-Security-Threat-Report-2009
7095,2,lease quote,Lease-Quote
7096,2,omnibus stock plan,Omnibus-Stock-Plan---MA-M-TECHNOLOGY-SOLUTIONS-HOLDINGS----11-28-2012
7097,2,mitsubishi montero workshop service manual,Mitsubishi-Montero-Workshop-Service-Manual-1992
7098,2,infosys captive center vs vendor partner %c lifecycle management,Infosys---Captive-Center-Vs-Vendor-Partner-%7C-Lifecycle-Management
7099,2,points to consider while choosing the attorney,Points-to-consider-while-choosing-the-attorney
7100,2,important legal notice the information on this site is subject to,IMPORTANT-LEGAL-NOTICE-The-information-on-this-site-is-subject-to
7101,2,bill of sale form,Free-Bill-of-Sale-Form
7102,2,honda dio sk service repair manual,1992-1998-Honda-Dio-50-SK50-Service-Repair-Manual-DOWNLOAD
7103,2,worksheet momentum and impulse,Worksheet-Momentum-and-Impulse
7104,2,presentation proposal form,Presentation-Proposal-Form
7105,2,inventory spreadsheet,Inventory-Spreadsheet
7106,2,excuse absent letter,Excuse-Absent-Letter
7107,2,instructions for form ez,2002-Instructions-for-Form-940-EZ
7108,2,form schedule a,Form-5500-Schedule-A
7109,2,instructions for form s,Instructions-for-Form-1042-S
7110,2,shareholder loans,Shareholder-Loans
7111,2,form w ben,Form-W-8BEN
7112,2,instruction for form,Instruction-for-Form-1041
7113,2,form ez,Form-5500-EZ
7114,2,sample resume,Free-Sample-Resume-Template
7115,2,irs tax form,IRS-Tax-Form-941
7116,2,irs tax form s,IRS-Tax-Form-1099-S
7117,2,information returns form s[],Information-Returns-Form-1099-S[883]
7118,2,stock tips,Stock-tips
7119,2,permit statistical report,Permit-Statistical-Report
7120,2,evolve case study satisfaction report,Evolve-Case-Study-Satisfaction-Report-_03-18-2010_
7121,2,optimize your business procedures through the equipment rental software monitoring system,Optimize-Your-Business-Procedures-through-the-Equipment-Rental-Software-Monitoring-System
7122,2,los angeles mortgage,LOS-ANGELES-MORTGAGE
7123,2,australian shareholder centre robina offers free access to shareholder resources,Australian-Shareholder-Centre-Robina-Offers-Free-Access-To-Shareholder-Resources
7124,2,information returns form [],Information-Returns-Form-1096[131]
7125,2,irs administrative forms instructions notices and publications form,IRS-Administrative-Forms-Instructions-Notices-and-Publications-Form-8802
7126,2,spanish forms pubs and instructions form ss pr[],Spanish-Forms-Pubs-and-Instructions-Form-SS-8PR[40]
7127,2,business income taxes form (schedule k )[],Business-Income-Taxes-Form-1065-(Schedule-K-1)[309]
7128,2,spanish forms pubs and instructions form pr (anejo h pr)[],Spanish-Forms-Pubs-and-Instructions-Form-1040-PR-(Anejo-H-PR)[986]
7129,2,estates and trusts taxes form es[],Estates-and-Trusts-Taxes-Form-1041-ES[479]
7130,2,fifth twg ii meeting renewable energy action plan casindo,Fifth-TWG-II-Meeting_-Renewable-Energy-Action-Plan---Casindo
7131,2,personal guarantee,PERSONAL-GUARANTEE
7132,2,inmate arrest report the city of myrtle beach,Inmate-Arrest-Report---the-City-of-Myrtle-Beach
7133,2,two page resume,TWO-PAGE-RESUME-2
7134,2,toyota mr service and repair manual,Toyota-MR2-Service-and-Repair-Manual-1993
7135,2,nissan titan factory service and repair manual,2004-2009-Nissan-Titan-Factory-Service-and-Repair-Manual
7136,2,insurance division report to the governor entire governors report[],Insurance-Division-Report-to-the-Governor-Entire-Governors-Report[846]
7137,2,weekly time card,Weekly-Time-Card-Template
7138,2,pgo t rex scooter service repair workshop manual,PGO_T_REX_50_SCOOTER_SERVICE_REPAIR_WORKSHOP_MANUAL
7139,2,triumph america service repair workshop manual,TRIUMPH_AMERICA_SERVICE_REPAIR_WORKSHOP_MANUAL_2001-2007
7140,2,vespa gtv service repair workshop manual,VESPA_GTV_250_SERVICE_REPAIR_WORKSHOP_MANUAL
7141,2,eon cyber account application is a must,EON-Cyber-Account-application-is-a-Must
7142,2,easy online payday loan,easy-online-payday-loan
7143,2,projekte profil jph consulting,Projekte-Profil---JPH-Consulting
7144,2,anarchists home companion inctek guide to street anarchy the,Anarchists-Home-Companion-INCTEK-Guide-to-Street-Anarchy---The
7145,2,corporate identity guideline checklist,Corporate-Identity-Guideline-Checklist
7146,2,hr manual,HR-Manual
7147,2,power and influence in the workplace,Power-and-Influence-in-the-Workplace
7148,2,teaching note,Teaching-Note
7149,2,power quality and harmonics,Power-Quality-and-Harmonics
7150,2,iowa state university power plant,Iowa-State-University-Power-Plant
7151,2,summary of sales experience,SUMMARY-OF-SALES-EXPERIENCE
7152,2,pserc power systems engineering research center,PSERC---Power-Systems-Engineering-Research-Center_2_
7153,2,acor%c%ae custom foot orthotics order form,ACOR%C2%AE-CUSTOM-FOOT-ORTHOTICS-ORDER-FORM
7154,2,guide of mobile app promotion agencies networks and tools,Guide-of-Mobile-App-Promotion-Agencies-Networks-and-Tools
7155,2,fpl form people seneca college,FPL-Form---people---Seneca-College
7156,2,trust attorney san diego,trust-attorney-San-Diego
7157,2,property settlement agreement,Property-Settlement-Agreement
7158,2,instructions for form w internal revenue service,2013-Instructions-for-Form-1120-W---Internal-Revenue-Service
7159,2,advantage gold travel insurance policy natwest,Advantage-Gold-Travel-Insurance-Policy---NatWest
7160,2,board meeting schedule,2013-Board-Meeting-Schedule
7161,2,copy of warehouse receipt accuracy acknowledgement,Copy-of-Warehouse-Receipt-Accuracy-Acknowledgement
7162,2,gage r and r spreadsheet another onexls,Gage-R-and-R-spreadsheet---another-onexls
7163,2,copy of warehouse record of receipt,Copy-of-Warehouse-Record-of-Receipt
7164,2,microsoft visual studio license,microsoft_visual_studio_license
7165,2,resume it director,resume-IT-Director
7166,2,dress code policy,Dress-Code-Policy
7167,2,once you stop taking the medication bedwetting will start again,Once-you-stop-taking-the-medication-bedwetting-will-start-again
7168,2,employee recommendation letter,Employee-Recommendation-Letter-Sample
7169,2,gold penny stock gets ready to move up substantially,Gold-Penny-Stock-Gets-Ready-to-Move-Up-Substantially
7170,2,buyer registration form public buyer insurance auto,BUYER-REGISTRATION-FORM-Public-Buyer---Insurance-Auto
7171,2,repair work order,Repair-work-Order-_1_
7172,2,storage order and agreement,Storage-Order-and-Agreement
7173,2,notice of copyright with express reservation of rights and ban on reproduction,Notice-of-Copyright-with-Express-Reservation-of-Rights-and-Ban-on-Reproduction
7174,2,fy budget sandy city,FY-2011-Budget---Sandy-City
7175,2,epson stylus photo pxfw service and repair manual,Epson_Stylus_Photo_PX700FW_Service_and_Repair_Manual
7176,2,epson stylus pro workshop repair manual,Epson_Stylus_Pro_5000_Workshop_Repair_manual
7177,2,honda cr v service repair manual crv,Honda_CR-V_2005_2006_Service_Repair_Manual_CRV
7178,2,kymco scooter service manual people p repair,KYMCO_SCOOTER_SERVICE_MANUAL_PEOPLE_P250_REPAIR
7179,2,latitude and longitude worksheet,2a-latitude-and-longitude-worksheet
7180,2,toshiba e studio s s service repair manual,Toshiba_e-Studio_450S_500S_Service_Repair_Manual
7181,2,bmv form,bmv_form
7182,2,church bylaws,Church-Bylaws
7183,2,notice accompanying check tendered in settlement of disputed claim,Notice-Accompanying-Check-Tendered-in-Settlement-of-Disputed-Claim
7184,2,application lifecycle management a configurable global platform,Application-Lifecycle-Management---A-Configurable-Global-Platform
7185,2,microsoft word japan bowl application forms,Microsoft-Word---2013-Japan-Bowl-Application-Forms
7186,2,for immediate release press release,For-Immediate-Release-Press-Release---LOOKSMART---1-3-2013
7187,2,impact factor of journals alphabetical order,Impact-Factor-of-Journals---Alphabetical-Order
7188,2,irs instructions for form w,IRS-Instructions-for-Form-W-2---2012
7189,2,will to learn,A-Will-to-Learn
7190,2,rental van tech archivenet,rental-van---Tech-Archivenet
7191,2,affidavit of service amended of barbara kelley keane motors,Affidavit-of-Service-_Amended_-of-Barbara-Kelley-Keane---Motors
7192,2,define phase lean six sigma,Define-Phase-Lean-Six-Sigma-Template
7193,2,improve phase lean six sigma,Improve-Phase-Lean-Six-Sigma-Template
7194,2,custom web template design,Custom-Web-Template-Design
7195,2,empower network compensation plan,Empower-Network-Compensation-Plan
7196,2,power of attorney simple legal letter,Power-of-Attorney-Simple-Legal-Letter
7197,2,request for payment letter,Request-for-Payment-Letter
7198,2,terms of use agreement,Terms-of-Use-Agreement
7199,2,to the material transfer and evaluation agreement,To-The-Material-Transfer-And-Evaluation-Agreement---CERES----1-10-2013
7200,2,web site development agreement,Web-Site-Development-Agreement
7201,2,royal marsden nhs trust,The-Royal-Marsden-NHS-Trust
7202,2,supply and demand test,Supply-and-Demand-Test-1---1999
7203,2,colorado fingerprint card order form,Colorado-Fingerprint-Card-Order-Form
7204,2,travel report,TRAVEL-REPORT
7205,2,writing a letter of recommendation,Writing-a-Letter-of-Recommendation
7206,2,employment offer and contract,employment-offer-and-contract
7207,2,inspired living application review,Inspired-Living-Application-Review
7208,2,online contract,Online-Contract
7209,2,website sponsorship agreement,Website-Sponsorship-Agreement
7210,2,solar thermal power plants,Solar-Thermal-Power-Plants
7211,2,cake order form,CAKE-ORDER-FORM
7212,2,nycha press release,NYCHA-Press-Release-1092013
7213,2,pcos technical letter,PCOS-TECHNICAL-LETTER
7214,2,this is my record vinyl collection i originally advertised,This-is-my-record-vinyl-collection-I-originally-advertised-14
7215,2,power of pink,The-Power-of-PINK
7216,2,mitsubishi colt lancer workshop service manual,Mitsubishi-Colt-Lancer-Workshop-Service-Manual-1992-1993-1994-1995
7217,2,australian shareholder centre,Australian-shareholder-Centre
7218,2,collection agency list icici bank,Collection-Agency-List---ICICI-Bank
7219,2,weekly currency report,Weekly-currency-report
7220,2,binary option trading guide today,binary-option-trading-guide-today
7221,2,buisness plan,free-buisness-plan-template
7222,2,blank invoice template for word,blank-invoice-template-for-word-2003
7223,2,simple tips to choose a business attorney,Simple-Tips-to-Choose-a-Business-Attorney
7224,2,computer consulting agreement,Computer-Consulting-Agreement
7225,2,request for proposal ftp directory listing,REQUEST-FOR-PROPOSAL---FTP-Directory-Listing
7226,2,lakers schedule,Lakers-2013-Schedule
7227,2,increasing natural gas demand in china research and markets,Increasing-Natural-Gas-Demand-in-China---Research-and-Markets
7228,2,proposal title here second line,PROPOSAL-TITLE-HERE-SECOND-LINE
7229,2,cross reference guide,CROSS-REFERENCE-GUIDE
7230,2,guide to venture capital,Guide-to-Venture-Capital
7231,2,file a lawsuit for a breach of contract,File-a-Lawsuit-for-a-Breach-of-Contract
7232,2,persuasive essay prewriting worksheet,Persuasive-Essay-Prewriting-Worksheet
7233,2,course outline template word document,Course-Outline-Template-Word-Document
7234,2,rr donnelley private equity,RR-Donnelley-Private-Equity
7235,2,stock market predictions,2013-Stock-Market-Predictions
7236,2,family day care home applicant guide bright from the start,Family-Day-Care-Home-Applicant-Guide---Bright-from-the-Start
7237,2,make an effective web development plan,Make-an-Effective-Web-Development-Plan
7238,2,pro se guide by mass court of appeals,Pro-Se-Guide_-by-Mass-Court-of-Appeals
7239,2,form w irs,Form-W4-IRS
7240,2,employee self evaluation,Employee-Self-Evaluation-Template
7241,2,consulting agreement for hourly work,consulting-agreement-for-hourly-work
7242,2,contract of works for web design,contract-of-works-for-web-design
7243,2,short ip assignment agreement for internet startup,short-ip-assignment-agreement-for-internet-startup
7244,2,website identity design contract,website-identity-design-contract
7245,2,understanding home equity products interactive isis interactive,Understanding-Home-Equity-Products-Interactive----Isis-Interactive
7246,2,defense acquisition challenge annual report,Defense-Acquisition-Challenge-Annual-Report
7247,2,administrative assistant resume,Sample-Administrative-Assistant-Resume
7248,2,leave of absence letter,Sample-Leave-of-Absence-Letter
7249,2,scholarship agreement,SCHOLARSHIP-AGREEMENT
7250,2,greenbee car insurance policy wording,Greenbee-Car-Insurance-Policy-Wording
7251,2,hr forms external application for employment sac,HR-FORMS---External-Application-for-Employment-_SAC_-41900
7252,2,volunteer registration form,VOLUNTEER-REGISTRATION-FORM
7253,2,lousy credit rating invoice consolidation financial loans,Lousy-Credit-Rating-Invoice-Consolidation-Financial-Loans
7254,2,go power! ts automatic transfer switch manual,Go-Power!-TS-30-Automatic-Transfer-Switch-Manual
7255,2,mansoor cv,2941-Mansoor-CV
7256,2,buy new car sale purchase used car in delhi,Buy-New-Car-Sale-Purchase-Used-Car-in-Delhi
7257,2,operating agreement for a delaware llc,Sample-Operating-Agreement-for-a-Delaware-LLC
7258,2,the district winners spreadsheet xls format aaf,Download-the-District-8-Winners-Spreadsheet-_XLS-format---AAF
7259,2,buy jewelry online and win gift certificate,Buy-Jewelry-Online-and-Win-100-Gift-Certificate
7260,2,memorandum american guild of organists,memorandum---American-Guild-of-Organists
7261,2,statement of correction statement of correction maine,Statement-Of-Correction-Statement-Of-Correction---Maine
7262,2,how to use this template hubspot,How-to-Use-This-Template---HubSpot
7263,2,bead bin class schedule,Bead-Bin-Class-Schedule
7264,2,pet sitting service contract,Pet-Sitting-Service-Contract
7265,2,treasurers report,Treasurers-Report
7266,2,memo estec,Memo-Estec
7267,2,how to write a letter,How-to-Write-a-Letter
7268,2,how to write an effective letter,How-to-Write-an-Effective-Letter
7269,2,custodian letter of recommendation,Custodian-Letter-of-Recommendation-Sample--1
7270,2,featured press releases submit featured press release jobs in,Featured-Press-Releases-Submit-Featured-Press-Release-Jobs-in
7271,2,texas association of realtors lease agreement,Texas-Association-Of-Realtors-Lease-Agreement
7272,2,fire communications land lease agreement,Fire-Communications-Land-Lease-Agreement
7273,2,supplier registration form in excel spread sheet,Supplier-Registration-Form-in-Excel-Spread-Sheet
7274,2,cv freelancing in dubai freelance jobs in dubai abu,download-CV---Freelancing-in-Dubai-Freelance-Jobs-in-Dubai-Abu
7275,2,manual lifting gauteng,Manual-Lifting-Gauteng
7276,2,n os image release note todo pocket pc,N300-OS-image-release-note---Todo-Pocket-PC
7277,2,company incorporation and formation steps permits to broadening your business,Company-Incorporation-and-Formation---Steps-Permits-to-Broadening-Your-Business
7278,2,bankruptcy quick reference guide,BANKRUPTCY-QUICK-REFERENCE-GUIDE
7279,2,pricing guide,Pricing-Guide
7280,2,schaums quick guide to essay writing,Schaums-Quick-Guide-to-Essay-Writing
7281,2,introducing broker agreement,Introducing-Broker-Agreement
7282,2,magazine publications editor communications manager in dallas tx resume scott daniels,Magazine-Publications-Editor-Communications-Manager-in-Dallas-TX-Resume-Scott-Daniels
7283,2,transitional settlement displaced populations,Transitional-Settlement-Displaced-Populations
7284,2,savings loan crisis of the s,Savings-_-Loan-Crisis-of-the-1980s
7285,2,saving time and money in interlibrary loan indiana state university,Saving-Time-and-Money-in-Interlibrary-Loan---Indiana-State-University
7286,2,annual report coloradogov,2009-Annual-Report---Coloradogov
7287,2,debt collection services,Debt-Collection-Services
7288,2,complete guide on cleaning grout on tile floors,Complete-Guide-on-Cleaning-Grout-on-Tile-Floors
7289,2,federal national mortgage association,FEDERAL-NATIONAL-MORTGAGE-ASSOCIATION---DOC
7290,2,non conforming loan programs matrix,Non-Conforming-Loan-Programs-Matrix
7291,2,car contract hire scheme,Car-Contract-Hire-Scheme
7292,2,request from listing agent fax,REQUEST-FROM-LISTING-AGENT-_____-FAX
7293,2,adp direct deposit form,ADP-Direct-Deposit-Form
7294,2,internal audit checklist,Internal-Audit-Checklist
7295,2,slave contract,SLAVE-CONTRACT
7296,2,commercial office space for lease barakhamba road,Commercial-Office-Space-for-Lease-2500-barakhamba-road
7297,2,hsbc add on credit card application,HSBC-Add-on-credit-card-Application
7298,2,sexual harassment policy,SEXUAL-HARASSMENT-POLICY
7299,2,invitation to interview letter,Invitation-to-interview-letter
7300,2,esl budget,ESL-BUDGET
7301,2,federal home loan bank of chicago,FEDERAL-HOME-LOAN-BANK-OF-CHICAGO
7302,2,s of royaltyfree stock photos,1000s-Of-Royaltyfree-Stock-Photos
7303,2,informed consent for counseling services,INFORMED-CONSENT-FOR-COUNSELING-SERVICES
7304,2,learning assurance report for the bs in criminal justice program,Learning-Assurance-Report-for-the-BS-in-Criminal-Justice-Program
7305,2,level i first offender dui contract this agreement is,LEVEL-I-FIRST-OFFENDER-DUI-CONTRACT-This-agreement-is
7306,2,toyota celica service and repair manual,Toyota-Celica-Service-and-Repair-Manual-1993
7307,2,make day in minutes with envirofile and linkbucks,Make_50_Day_in_10_minutes_with_EnviroFile_and_Linkbucks
7308,2,staff handbook onecall hospitality,Staff-Handbook---Onecall-Hospitality
7309,2,dbs cover aw final okindd dbs bank,DBS-Cover-AW_FINAL__OKindd---DBS-Bank
7310,2,joining letter,Joining-letter
7311,2,brand design proposal,Download-Brand-Design-Proposal
7312,2,call sheet,CALL-SHEET-TEMPLATE-1
7313,2,cara penulisan proposal pkm,Cara-Penulisan-Proposal-PKM
7314,2,fresh graduate resume,Fresh-Graduate-Resume-Template
7315,2,exclusive distributor agreement,Exclusive-Distributor-Agreement
7316,2,hotel agreement,HOTEL-AGREEMENT
7317,2,professional summary,PROFESSIONAL-SUMMARY
7318,2,suzuki gsxr hayabusa supplementary service manual for model,Suzuki-GSX1300R-Hayabusa-Supplementary-Service-manual-for-model-2001
7319,2,sales rep agreement template (v),Sales-Rep-Agreement---Template-(V1)
7320,2,non disclosure (nda) agreement template (vmc),Non-Disclosure-(NDA)-Agreement---Template-(V4MC)
7321,2,resume template (v),Resume-Template-(V1)
7322,2,alteration control form acu clothing online store,ALTERATION-CONTROL-FORM---ACU-Clothing-Online-Store
7323,2,summary of findings,SUMMARY-OF-FINDINGS
7324,2,lease option agreement,Lease-Option-Agreement
7325,2,emgu cv tutorial skander,Emgu-CV-Tutorial-Skander
7326,2,ds request form,DS-2019-Request-Form
7327,2,digital outlook report,Digital-outlook-report-2008
7328,2,budget for recording costs,Budget-for-Recording-Costs
7329,2,equity participation and funding agreement,Equity-Participation-And-Funding-Agreement---ENTREE-GOLD-INC---2-15-2013
7330,2,deferred fee plan for directors,2005-Deferred-Fee-Plan-For-Directors---ALCOA-INC---2-15-2013
7331,2,client information worksheet,CLIENT-INFORMATION-WORKSHEET
7332,2,consultation agreement,Consultation-Agreement
7333,2,debt worksheet,DEBT-WORKSHEET
7334,2,partnership equity program,Partnership-Equity-Program---CVS-CAREMARK-CORP---2-15-2013
7335,2,mortgage loan application form,Mortgage-Loan-Application-Form
7336,2,residential lease agreement form,Residential-Lease-Agreement-Form-105
7337,2,internal control questionnaire,Internal-Control-Questionnaire-Template
7338,2,tds registry reference guide general,TDS-Registry-Reference-Guide-General
7339,2,manufacturing agreement,Sample-manufacturing-agreement
7340,2,wire transfer form,Wire-Transfer-Form
7341,2,order summary fantastic sams,order-summary---Fantastic-Sams
7342,2,job application checklist,Job-Application---Checklist
7343,2,job application package,Job-Application-Package--1
7344,2,guide to computer user support fvtc,A-Guide-to-Computer-User-Support---FVTC_2_
7345,2,truecrypt guide,TrueCrypt-Guide
7346,2,competitive analysis,Competitive-Analysis-Template
7347,2,subprime auto leads for successful car purchase,Subprime-Auto-Leads-for-Successful-Car-Purchase
7348,2,home budget,Home-Budget
7349,2,ueensland canoeing incorporated member benefits guide this is our,ueensland-Canoeing-Incorporated-MEMBER-BENEFITS-GUIDE-This-is-our
7350,2,forms of agreement,Forms-Of-Agreement
7351,2,rental agreement form free,Rental-Agreement-Form-Free
7352,2,purchase sale agreement,Free-Purchase-Sale-Agreement
7353,2,late rent notice,LATE-RENT-NOTICE
7354,2,family medical leave form,Family-Medical-Leave-Form
7355,2,home purchase agreement,Free-Home-Purchase-Agreement
7356,2,llc operating agreement new,Llc-Operating-Agreement-New
7357,2,georgia drivers license name change,Georgia-Drivers-License-Name-Change
7358,2,home shopping market report research and markets,Home-Shopping-Market-Report---Research-and-Markets
7359,2,aeg arctis gt jumbo arctis gt jumbo (pnc ) manual,AEG---Arctis-271GT-Jumbo---Arctis-271GT-Jumbo---(PNC-625014545)---Manual
7360,2,power of simplicity,The-Power-of-Simplicity
7361,2,loan documents,Free-Loan-Documents
7362,2,ds form,Ds-157-Form
7363,2,aeg dfa w dfa w (pnc ) manual,AEG---DFA-620-W---DFA-620-W---(PNC-610418928)---Manual
7364,2,aeg favorit w favorit w (pnc ) manual,AEG---Favorit-445-W---Favorit-445-W---(PNC-606281396)---Manual
7365,2,aeg favorit compact i favorit compact i (pnc ) manual,AEG---Favorit-Compact-515-I---Favorit-Compact-515-I---(PNC-606513103)---Manual
7366,2,aeg favorit deluxe elec favorit deluxe elec (pnc ) manual,AEG---Favorit-Deluxe-Elec---Favorit-Deluxe-Elec---(PNC-606213945)---Manual
7367,2,production budget,Production-budget
7368,2,bible reading plan,Bible_Reading_Plan_1
7369,2,aeg santo kg glassline santo kg glassline (pnc ) manual,AEG---Santo-3442-KG-Glassline---Santo-3442-KG-Glassline---(PNC-621672048)---Manual
7370,2,humana inc deferred compensation plan,The-Humana-Inc-Deferred-Compensation-Plan---HUMANA-INC---2-22-2013
7371,2,urgent notice for form fill up of nu examinations,Urgent-Notice-for-Form-Fill-up-of-NU-Examinations
7372,2,disney book stock condensed list,Disney-book-Stock-CONDENSED-LIST-2
7373,2,wanted poster,wanted-poster-template
7374,2,riverside car accident attorney,riverside-car-accident-attorney
7375,2,gender equity and health,GENDER_-EQUITY-AND-HEALTH
7376,2,the stock exchange of mauritius,Download---The-Stock-Exchange-of-Mauritius
7377,2,copy,Copy-Template
7378,2,report of the personal insolvency committee of the insolvency,Report-of-the-Personal-Insolvency-Committee-of-the-Insolvency
7379,2,account exective resume,account-exective-resume-example
7380,2,network administrator resume,network-administrator-resume-example
7381,2,notes administrator resume,notes-administrator-resume-example
7382,2,cfo assistant administrator resume,cfo-assistant-administrator-resume-example
7383,2,finance officer resume,finance--officer-resume-example
7384,2,flight maintenance squadron resume,flight-maintenance-Squadron-resume-example
7385,2,food services resume,food-services-resume-example
7386,2,fraud investment resume,fraud-investment-resume-example
7387,2,hospitality management resume,hospitality-management--resume-example
7388,2,hr vp resume,hr-vp-resume-example
7389,2,info security administrator resume,info-security-administrator-resume-example
7390,2,information system consultant resume,Information-System-consultant-resume-example
7391,2,information system manager resume,information-system-manager-resume-example
7392,2,information technical director resume,information-technical-director-resume-example
7393,2,insurance vp resume,insurance-vp-resume-example
7394,2,intel analyst resume,intel-analyst-resume-example
7395,2,it avp resume,it-avp-resume-example
7396,2,it evp resume,it-evp-resume-example
7397,2,corpdocs articles of incorporation california,CorpDocs-Articles_of_Incorporation_California
7398,2,windows administrator resume,windows-administrator-resume-example
7399,2,ops manager resume,ops-manager-resume-example
7400,2,police resume,police-resume-example
7401,2,portfolio manager resume,portfolio-manager-resume-example
7402,2,pre sales resume,pre-sales-resume-example
7403,2,pre school teacher resume,pre-school-teacher-resume-example
7404,2,program analyst resume,program-analyst-resume-example
7405,2,purchasing manager resume,purchasing-manager-resume-example
7406,2,radiography technician resume,radiography-technician-resume-example
7407,2,researcher resume,researcher-resume-example
7408,2,senior administrator resume,senior-administrator-resume-example
7409,2,senior data base administrator resume,senior-data-base-administrator-resume-example
7410,2,senior director music resume,senior-director-music-resume-example
7411,2,senior software engineer resume,senior-software-engineer-resume-example
7412,2,speech pathologist resume,speech-pathologist-resume-example
7413,2,sports management resume,sports-management-resume-example
7414,2,store management trainee resume,store-management-trainee-resume-example
7415,2,supervisory transportation security officer resume,Supervisory-Transportation-Security-Officer-resume-example
7416,2,sysad resume,sysad-resume-example
7417,2,system engineer resume,system-engineer-resume-example
7418,2,system security resume,system-security-resume-example
7419,2,telecom dir resume,telecom-dir-resume-example
7420,2,transport security resume,transport-security-resume-sample
7421,2,vp operations resume,vp-operations-resume-example
7422,2,benefits of hiring an immigration attorney,Benefits-Of-Hiring-An-Immigration-Attorney
7423,2,marquette and alger county consulting forester list,Marquette-and-Alger-County-Consulting-Forester-List
7424,2,minutes hamilton county indiana state of indiana,Minutes---Hamilton-County_-Indiana---State-of-Indiana
7425,2,cv resume sap abap contractor ash thomas,CV-Resume---Sap-Abap-Contractor---Ash-Thomas
7426,2,nero manual,Nero-Manual
7427,2,press release clearview technology introduces the mipc infinity,Press-Release-Clearview-Technology-introduces-the-miPC-Infinity
7428,2,forklift rental,Forklift-Rental
7429,2,solar car data collection system,Solar-Car-Data-Collection-System_1_
7430,2,contoh proposal tugas akhir,Contoh-Proposal-Tugas-Akhir
7431,2,painting contractor chicago,painting-contractor-chicago
7432,2,informations sur le consultant coach formateur,Informations-sur-le-Consultant-Coach-Formateur
7433,2,profit participation plan of,Profit-Participation-Plan-Of---MOODYS-CORP----2-26-2013
7434,2,general terms and conditions of purchase,general-terms-and-conditions-of-purchase
7435,2,auto accident attorney riverside ca attorney lawyer articles,Auto-Accident-Attorney-Riverside-CA---Attorney---Lawyer-Articles
7436,2,hcg diet and weight loss protocol quick summary,HCG-Diet-and-Weight-Loss-Protocol-Quick-Summary
7437,2,defined contribution plan,Defined-Contribution-Plan---GARDNER-DENVER-INC---2-27-2013
7438,2,metlife plan for transition assistance,The-Metlife-Plan-For-Transition-Assistance---METLIFE-INC---2-27-2013
7439,2,tax matters agreement,Tax-Matters-Agreement---DEAN-FOODS-CO---2-27-2013
7440,2,american home mortgage,American-Home-Mortgage-8
7441,2,smoking policy,Sample-Smoking-Policy
7442,2,find cheap hotels in delhi for budget needs,Find-Cheap-Hotels-in-Delhi-for-Budget-Needs
7443,2,how to perform a link profile audit a step by step guide,How-to-Perform-a-Link-Profile-Audit-a-Step-By-Step-Guide
7444,2,find small business loan,Find-Small-business-loan
7445,2,request advertising agency for fee,REQUEST-ADVERTISING-AGENCY-FOR-FEE
7446,2,licensee application form,LICENSEE-APPLICATION-FORM
7447,2,blue cabinet list of surveillance vendor alliances networks organizations,Blue-Cabinet---List-of-Surveillance-Vendor-Alliances-Networks-Organizations
7448,2,california state budget,California-2013-2014-State-Budget
7449,2,new income tax return bir form november revisedpdf,New-Income-Tax-Return-BIR-Form-1700-November-2011-revisedpdf
7450,2,final kolkata port trust,Final---Kolkata-Port-Trust
7451,2,how to write a business contract,How-to-Write-a-Business-Contract
7452,2,toyota prius (nhw series) service and repair manual,Toyota-Prius-(NHW20-Series)-Service-and-Repair-Manual-2003
7453,2,judgment,Judgment-Template
7454,2,asset transfer form atf,asset-transfer-form-_atf_
7455,2,resident handbook,Resident-Handbook
7456,2,this column will alert the public to crime in their community,This-column-will-alert-the-public-to-crime-in-their-community
7457,2,progress report of the,PROGRESS-REPORT-OF-THE
7458,2,order form for active commission with direct amadeus amadeusciscom,Order-Form-for-Active-Commission-with-direct-Amadeus---amadeusciscom
7459,2,version content administrator guide ensemble video,Version-31-Content-Administrator-Guide---Ensemble-Video
7460,2,order eastern star ppt presentation,Order-Eastern-Star---PPT-presentation
7461,2,stimulus payment schedules irs check schedule,Stimulus-Payment-Schedules-IRS-Check-Schedule
7462,2,market research report refurbished imaging medical equipment market in india,Market-Research-Report---Refurbished-Imaging-Medical-Equipment-Market-in-India-2013
7463,2,final budget revenues,2008-Final-budget---Revenues
7464,2,comprehensive plan chapter,Comprehensive-Plan---Chapter-9
7465,2,conditional use hearing cancellation notice if,Conditional-Use-Hearing-Cancellation-Notice-if-4-17-08
7466,2,general release and waiver,General-Release-And-Waiver---BARNES-and-NOBLE-INC---3-7-2013
7467,2,mortgage application,Mortgage-Application
7468,2,medical release forms,Free-Medical-Release-Forms
7469,2,toyota echo service and repair manual,Toyota-Echo-Service-and-Repair-Manual-2000-2001-2002
7470,2,toyota t service and repair manual ( pages pdf non scanned),Toyota-T100-Service-and-Repair-Manual-1996-(2000--Pages-PDF-Non-scanned)
7471,2,honda accord coupe service and repair manual,Honda-Accord-Coupe-Service-and-Repair-Manual-1994
7472,2,bcci annual report,BCCI---Annual-Report-201200009
7473,2,problem global domination agenda introduction,The-Problem---Global-Domination-Agenda---Introduction
7474,2,photo booth rental,Photo-Booth-Rental
7475,2,examiners will have to evaluate providers compliance with,Examiners-will-have-to-evaluate-providers-compliance-with
7476,2,annual report napa valley support services,2007-Annual-Report---Napa-Valley-Support-Services
7477,2,effective writing th edition may may instructor manual,effective-writing-8th-edition-may-may-instructor-manual
7478,2,thank you note,Sample-Thank-You-Note
7479,2,iahcsmm annual meeting report,IAHCSMM-annual-meeting-report
7480,2,licensee handbook,Licensee-Handbook
7481,2,hosting contract,Hosting-Contract
7482,2,agreement dated,AGREEMENT-dated
7483,2,market research report mobile advertising market in india,Market-Research-Report--Mobile-Advertising-Market-in-India-2013
7484,2,annual report deutsche post dhl,Annual-Report-Deutsche-Post-DHL
7485,2,afghans hold on to their insurance policy,Afghans-hold-on-to-their-insurance-policy
7486,2,instructors manual chapter,Instructors-Manual-Chapter-11
7487,2,basf report,BASF-Report
7488,2,annual report ntt data,ANNUAL-REPORT-NTT-Data
7489,2,ak tier ii form page,AK-Tier-II-Form-page-1-doc
7490,2,release format ford ka,Release-Format-Ford-Ka
7491,2,infiniti g coupe service repair manual,2008-Infiniti-G37-Coupe-Service-Repair-Manual-DOWNLOAD-08
7492,2,adwords campaign setup template hubspot,AdWords-Campaign-Setup-Template---HubSpot
7493,2,verification of employment and letter of recommendation,Verification-of-Employment-and-Letter-of-Recommendation
7494,2,sony mobile xperia t review guide,Sony-Mobile-Xperia-T-Review-Guide-2012-10-05
7495,2,killer adsense report,Killer-Adsense-Report
7496,2,equity distribution agreement,Equity-Distribution-Agreement---ANAR-PHARMACEUTICALS----3-18-2013
7497,2,amended and restated offer letter,Amended-And-Restated-Offer-Letter---LONE-OAK-ACQUISITION----3-18-2013
7498,2,weekly status report docx metamorphosis project,Weekly-Status-report-_9-27-2010_docx---MetamorphoSIS-Project
7499,2,annual resale certificate for sales tax,Annual-Resale-Certificate-for-Sales-Tax
7500,2,m handbook for employers uscis,M-274_-Handbook-for-Employers---uscis
7501,2,toyota rav service repair manual,2006-Toyota-RAV4-Service-Repair-Manual-DOWNLOAD
7502,2,blank schedule,Blank-Schedule
7503,2,toyota prius nhw service repair manual,2003-Toyota-Prius-NHW20-Service-Repair-Manual-DOWNLOAD
7504,2,tip handbook,TIP-handbook
7505,2,capital expenditure request,CAPITAL-EXPENDITURE-REQUEST
7506,2,english rma form extreme networks,English-RMA-Form---Extreme-Networks
7507,2,mitsubishi montero service repair manual,1983-Mitsubishi-Montero-Service-Repair-Manual-DOWNLOAD-83
7508,2,human develop report kerala full report,human_develop_report_kerala_2005_full_report00001
7509,2,inception report for gw resources iim a,Inception-Report-for-GW-Resources-IIM-A_1_00004
7510,2,reference books,reference-books
7511,2,resume profile,Resume---Profile
7512,2,wedding planning guide,Wedding-Planning-Guide
7513,2,petty cash voucher,Petty-Cash-Voucher-Template
7514,2,schedule of fees charges,Schedule-of-Fees-_-Charges
7515,2,fill in the blank business plan,Fill-in-the-Blank-Business-Plan
7516,2,cv fourteenth court of appeals,14-00-01070-CV---Fourteenth-Court-of-Appeals
7517,2,cell phone report,Cell-Phone-Report
7518,2,today morning equity bse market tips march,Today-Morning-Equity-BSE-Market-Tips-21-March-2013
7519,2,today morning equity bse market news march,Today-Morning-Equity-BSE-Market-News-21-March-2013
7520,2,ercb business plan,ERCB-Business-Plan-2009-2012
7521,2,business plan checklist outline,Business-Plan-Checklist-Outline
7522,2,hotel preventive maintenance checklist,Hotel-Preventive-Maintenance-Checklist
7523,2,daily i forex report by epic research,daily-i-forex-report-1-BY-EPIC-RESEARCH
7524,2,gay business report,Gay-Business-Report
7525,2,adp small business report shows small business jobs,ADP-SMALL-BUSINESS-REPORT-SHOWS-77000-SMALL-BUSINESS-JOBS
7526,2,print on demand versus short run printing,Print_On_Demand_versus_Short_Run_Printing
7527,2,basic guide to tanzanite,Basic_Guide_To_Tanzanite
7528,2,suzuki sv service repair manual,2003-2009-Suzuki-SV650-Service-Repair-Manual-DOWNLOAD
7529,2,middlesex county operating budget as adopted it is,middlesex-county-2009-operating-Budget-as-Adopted-It-is
7530,2,perfumes the guide,Perfumes-The-Guide
7531,2,suzuki drse service repair manual,1996-2009-Suzuki-DR200SE-Service-Repair-Manual-DOWNLOAD
7532,2,flight technician resource guide,Flight_Technician_Resource_Guide
7533,2,honda accord service and repair manual,Honda-Accord-Service-And-Repair-Manual-1986
7534,2,suzuki gsx r service manual,Suzuki-GSX-R750-Service-Manual-2006
7535,2,polaris sportsman efi x touring service manual,Polaris-Sportsman-500-EFI-X2-Touring-Service-Manual-2008
7536,2,rome travel guide,Rome-Travel-Guide
7537,2,hr business plan,HR-Business-Plan
7538,2,human resources business plan,Human-Resources-Business-Plan
7539,2,coco coir processing business plan,Coco-coir-processing-business-plan
7540,2,minutes available suffolk county legislature,Minutes-Available---Suffolk-County-Legislature
7541,2,premium product development agreement,Premium-Product-Development-Agreement---MINERCO-RESOURCES----3-25-2013
7542,2,site usage policy elance,Site-Usage-Policy---Elance
7543,2,life insurance policy replacement what you need to,Life-Insurance-Policy-Replacement-What-you-need-to
7544,2,volunteer handbook susan g komen for the cure oregon,Volunteer-Handbook---Susan-G-Komen-for-the-Cure-Oregon
7545,2,worldwide express business reinvestment model press release by dallas business journal,Worldwide-Express-Business-Reinvestment-Model---Press-Release-by-Dallas-Business-Journal
7546,2,show schedule,Show-Schedule
7547,2,report los angeles county,Report-Los-Angeles-County
7548,2,service manual tnc heidenhain,Service-Manual-TNC-heidenhain
7549,2,berkeley springs cottage rentals wedding contract,Berkeley-Springs-Cottage-Rentals-Wedding-Contract
7550,2,corporate template seminars for tax pros,Corporate-Template-Seminars-for-Tax-Pros
7551,2,ernst young budget alert,Ernst-Young-Budget-Alert
7552,2,factsheet tenancy deposit schemes,Factsheet-Tenancy-deposit-schemes
7553,2,donation request,Donation_Request
7554,2,sedo excel template park buy sell domain names sedocouk,Sedo-Excel-template---Park_-Buy-_-Sell-Domain-Names---Sedocouk
7555,2,revised cms health insurance claim form (),Revised-CMS-1500-Health-Insurance-Claim-Form-(0805)
7556,2,shipping in the arctic,Shipping-in-the-Arctic
7557,2,co op advertising claim form,Co-op-Advertising-Claim-Form
7558,2,softether vpn manual,SoftEther-VPN-Manual
7559,2,parcel delivery burlington vt,parcel-delivery-burlington-vt
7560,2,power of frustration,THE-POWER-OF-FRUSTRATION
7561,2,car rental service get most of your vacation,Car-Rental-Service-Get-most-of-your-vacation
7562,2,real estate attorney,Real-estate-attorney
7563,2,employment and non competition agreement,Employment-And-Non-competition-Agreement---KAYAK-SOFTWARE----3-29-2013
7564,2,corporate loan accounts officer cv,Corporate-Loan-Accounts-Officer-CV-Template
7565,2,cm by cm poster,100cm-by-100cm-Poster-Template
7566,2,mortgage cover pool deutsche pfandbriefbank ag,Mortgage-Cover-Pool-Deutsche-Pfandbriefbank-AG
7567,2,show cause letter,Show-Cause-Letter
7568,2,clinical research agreement,CLINICAL-RESEARCH-AGREEMENT
7569,2,ched memorandum order,CHED-MEMORANDUM-ORDER
7570,2,nursing care plan renal failure,Nursing-Care-Plan-Renal-Failure_2_
7571,2,media guide jacksonville university athletics,Media-Guide---Jacksonville-University-Athletics
7572,2,lease options or rent to own,Lease_Options_or_Rent_to_Own_
7573,2,ski form,Ski-Form-2011
7574,2,bank julius baer trust records for arturo acosta chappara lt,Bank-Julius-Baer-trust-records-for-Arturo-Acosta-Chappara-LT180398
7575,2,bank julius baer trust records for arturo acosta chappara me,Bank-Julius-Baer-trust-records-for-Arturo-Acosta-Chappara-ME180398
7576,2,bank julius baer trust records for arturo acosta chappara mi,Bank-Julius-Baer-trust-records-for-Arturo-Acosta-Chappara-MI080698
7577,2,sixth grade math pacing guide snapshot,Sixth-Grade-Math-Pacing-Guide-Snapshot
7578,2,city commission agenda city of grand rapids,City-Commission-Agenda---City-of-Grand-Rapids
7579,2,esure car insurance policy booklet,esure-car-insurance-policy-booklet
7580,2,housing policy,HOUSING-POLICY
7581,2,lites bill tracking report,LITES-Bill-Tracking-Report-Template
7582,2,social media proposal precision digital marketing ltd,Social-Media-Proposal-Precision-Digital-Marketing-Ltd
7583,2,mortgage amortization,Mortgage-Amortization
7584,2,skidoo ski doo snowmobile service repair manual,1985-Skidoo-Ski-Doo-Snowmobile-Service-Repair-Manual-DOWNLOAD
7585,2,in this essay i will examine the film industrys portrayal of,In-this-essay_-I-will-examine-the-film-industrys-portrayal-of
7586,2,quote form,QUOTE-FORM
7587,2,us mortgage crisis can trigger collapse of the global casino,US-Mortgage-Crisis-Can-Trigger-Collapse-Of-the-Global-Casino
7588,2,stock valuation business studies,Stock-Valuation-Business-Studies
7589,2,yamaha yfm raptor service repair manual,2004-2010-Yamaha-YFM350-Raptor-350-Service-Repair-Manual-DOWNLOAD
7590,2,cms manual system,CMS-Manual-System
7591,2,short version of the disclosure invention information,Short-Version-of-the-Disclosure-Invention-Information
7592,2,buell p blast service repair manual,2008-Buell-P3-Blast-Service-Repair-Manual-DOWNLOAD-08
7593,2,discharge summary,DISCHARGE-SUMMARY
7594,2,format of notice of drawing,FORMAT-OF-NOTICE-OF-DRAWING
7595,2,cash basis tech note,cash-basis-tech-note
7596,2,laser diode automatic power control circ,Laser-Diode-Automatic-Power-Control-Circ
7597,2,husqvarna chainsaw service repair manual,Husqvarna-2100-Chainsaw-Service-Repair-Manual-DOWNLOAD
7598,2,automobile quota share reinsurance contract,Automobile-Quota-Share-Reinsurance-Contract---AFFIRMATIVE-INSURANCE-HOLDINGS-INC---4-1-2013
7599,2,your ultimate guide to janitorial services irvine,Your-Ultimate-Guide-to-Janitorial-Services-Irvine
7600,2,capture one release notes,Capture-One-412-release-notes
7601,2,capture one release notes introduction newly architected,Capture-One-461-release-notes-Introduction-Newly-architected
7602,2,stationery guide,Stationery-Guide
7603,2,restaurant opening checklist,RESTAURANT-OPENING-CHECKLIST
7604,2,jailbreak guide for ios,jailbreak-guide-for-ios-613
7605,2,hyundai rlc a crawler excavator service repair manual,Hyundai-R250LC-7A-Crawler-Excavator-Service-Repair-Manual-DOWNLOAD
7606,2,commercial invoice factura proforma,COMMERCIAL-INVOICE-FACTURA-PROFORMA
7607,2,dictionary sap r sd senior and certified sap crm consultant,Dictionary---SAP-R3-SD-Senior-and-Certified-SAP-CRM-Consultant
7608,2,hyundai hl a hltm a wheel loader service repair manual,Hyundai-HL730-7A-HL730TM-7A-Wheel-Loader-Service-Repair-Manual-DOWNLOAD
7609,2,using wind energy to power charging stations for electric vehicles,using-wind-energy-to-power-charging-stations-for-electric-vehicles
7610,2,bobcat s skid steer loader service repair manual,Bobcat-S220-Skid-Steer-Loader-Service-Repair-Manual-DOWNLOAD
7611,2,website planning worksheet max ferman,Website-Planning-Worksheet---Max-Ferman
7612,2,comprehensive onpage seo amp offpage seo checklist,Comprehensive_OnPage_SEO_amp_OffPage_SEO_Checklist
7613,2,cafe world domination guide,Cafe-World-Domination-Guide
7614,2,varsity schedule baseball,2013-varsity-schedule---Baseball
7615,2,ogbonge guide to blogger new,Ogbonge-Guide-To-Blogger_New
7616,2,auction consignment agreement,AUCTION-CONSIGNMENT-AGREEMENT
7617,2,bankruptcy attorney,Bankruptcy-Attorney
7618,2,baby durables global strategic business report,Baby-Durables---Global-Strategic-Business-Report
7619,2,sheet faaco federal aviation administration contract,Sheet1---FAACO---Federal-Aviation-Administration-Contract
7620,2,peugeot workshop repair service manual,1985-1997-Peugeot-309-Workshop-Repair-Service-Manual
7621,2,day report of event criticality accident alarm system nrc,30-day-Report-of-Event---Criticality-Accident-Alarm-System----NRC
7622,2,motorola position statement on mhz frequency planning,Motorola-Position-Statement-on-700-MHz-Frequency-Planning
7623,2,marketing plan guide,Marketing-Plan-Guide
7624,2,nissan rogue service repair manual,2010-Nissan-Rogue-Service-Repair-Manual-DOWNLOAD
7625,2,general terms and conditions of purchase allit ag kunststofftechnik,General-terms-and-conditions-of-purchase-Allit-AG-Kunststofftechnik
7626,2,fiat uno service and repair manual,Fiat-Uno-Service-and-Repair-Manual-1983-1996
7627,2,suzuki gsx rk motorcycle workshop service repair manual,Suzuki-GSX-R1000K3-Motorcycle-Workshop-Service-Repair-Manual-2003
7628,2,pay per click advertising guide,pay-per-click-advertising-guide
7629,2,investment policy statement,INVESTMENT-POLICY-STATEMENT
7630,2,christmas gift ideas that are a gift to your christmas budget,Christmas-Gift-Ideas-That-Are-a-Gift-to-Your-Christmas-Budget
7631,2,for immediate release ohio department of commerce,FOR-IMMEDIATE-RELEASE---Ohio-Department-of-Commerce
7632,2,corporate sponsorship letter,Corporate-sponsorship-letter
7633,2,printer friendly version travis county district attorney,Printer-Friendly-Version---Travis-County-District-Attorney
7634,2,auto title loan los angeles,Auto-Title-Loan-Los-Angeles
7635,2,rtf kb file the allen consulting group review of the,rtf-_64kb-file_---The-Allen-Consulting-Group---Review-of-the
7636,2,technology transfer and license option agreement,Technology-Transfer-And-License-Option-Agreement---MICRON-TECHNOLOGY-INC---4-8-2013
7637,2,bobcat t compact track loader service repair manual,Bobcat-T140-Compact-Track-Loader-Service-Repair-Manual-DOWNLOAD
7638,2,purchase and sale agreement for equipment johns hopkins,Purchase-and-Sale-Agreement-for-Equipment---Johns-Hopkins
7639,2,press release full,Press-release-_full_
7640,2,kobelco sk v crawler excavator service repair manual,Kobelco-SK60-V-Crawler-Excavator-Service-Repair-Manual-DOWNLOAD
7641,2,eros sampoornam noida extension,Eros-Sampoornam-Noida-Extension
7642,2,kawasaki z service repair manual,2004-2006-Kawasaki-Z750-Service-Repair-Manual-DOWNLOAD
7643,2,event planner contract,2013-Event-Planner-Contract
7644,2,market research report : medical devices market in india,Market-Research-Report-:-Medical-Devices-Market-in-India-2013
7645,2,budget calculator,Budget-Calculator
7646,2,mortoza konok cv,Mortoza-KONOK-CV
7647,2,phonathon survival guide,Phonathon-Survival-Guide
7648,2,plan of work,Plan-of-Work
7649,2,philips power semiconductor applications,Philips---Power-Semiconductor-Applications
7650,2,cooperative extension,Cooperative-Extension
7651,2,directorio de medicos plan seguro,0Directorio-de-medicos-Plan-Seguro
7652,2,price quote request,Price-Quote-Request
7653,2,erp qapp,ERP-QAPP-template
7654,2,explanatory statement,EXPLANATORY-STATEMENT
7655,2,press release format kuka roboter,Press-release-format-KUKA-Roboter
7656,2,daftar peserta seminar proposal penelitian pnbp,Daftar_Peserta_Seminar_Proposal_Penelitian_PNBP_2012
7657,2,group policy object settings,Group-Policy-Object-Settings
7658,2,heres a checklist by practice area for your american society of,Heres-a-checklist-by-practice-area-for-your---American-Society-of
7659,2,ilkeyb keyboard guide malayalam mrmalay,ILKEYB-Keyboard-Guide-Malayalam---MrMalay
7660,2,nonemployee director retirement plan,1990-Nonemployee-Director-Retirement-Plan---COMPUTER-SCIENCES-CORP---2-10-1997
7661,2,deferred compensation plan deferred compensation plan,Deferred-Compensation-Plan-Deferred-Compensation-Plan---COMPUTER-SCIENCES-CORP---2-9-1998
7662,2,dsu grant agreement,Dsu-Grant-Agreement---MCDERMOTT-INTERNATIONAL-INC---3-2-2009
7663,2,performance grant agreement,Performance-Grant-Agreement---MCDERMOTT-INTERNATIONAL-INC---3-2-2009
7664,2,stock grant agreement,Stock-Grant-Agreement---MCDERMOTT-INTERNATIONAL-INC---3-2-2009
7665,2,restricted stock unit grant agreement,Restricted-Stock-Unit-Grant-Agreement---MCDERMOTT-INTERNATIONAL-INC---5-11-2009
7666,2,takeuchi tw wheel loader parts manual download sn e and up,Takeuchi-TW50-Wheel-Loader-Parts-Manual-DOWNLOAD-_SN-E105833-and-up_
7667,2,"death, disability","Death,-Disability--Retirement-Benefits-Plan---MCGRAW-HILL-COMPANIES-INC---2-25-2005"
7668,2,director deferred stock ownership plan,Director-Deferred-Stock-Ownership-Plan---MCGRAW-HILL-COMPANIES-INC---2-25-2005
7669,2,restated certificate,Restated-Certificate---MCGRAW-HILL-COMPANIES-INC---7-29-2005
7670,2,employee stock incentive plan,1993-Employee-Stock-Incentive-Plan---MCGRAW-HILL-COMPANIES-INC---2-28-2007
7671,2,mobile cooler container rental,Mobile-Cooler-Container-Rental
7672,2,fee settlement agreement,Fee-Settlement-Agreement---SEAFARER-EXPLORATION-CORP---4-15-2013
7673,2,immigration attorney,Immigration-Attorney
7674,2,akshar handicrafts jaipur supplier manufacturer of paper photo,Akshar-Handicrafts_-Jaipur---Supplier-_-Manufacturer-of-Paper-Photo
7675,2,doe fundamental handbook mathematic,DOE-Fundamental-Handbook-Mathematic
7676,2,audit,AUDIT-EXAMPLE
7677,2,daewoo dsd digital satellite receiver repair manual,Daewoo-DSD-9420-Digital-Satellite-Receiver----Repair-manual
7678,2,consumer report,Consumer-Report
7679,2,family office report,The-Family-Office-Report-2013
7680,2,centrelink information a guide to payments and services,Centrelink-Information---A-guide-to-payments-and-services
7681,2,web design guide,Web-Design-Guide
7682,2,shipping containers,Shipping-Containers
7683,2,memphis taxi permit application,Memphis-Taxi--Permit-Application
7684,2,consent form to pre employment drug screening,Consent-Form-to-Pre-Employment-Drug-Screening
7685,2,large scale builders to offer more lucrative properties than ever before,Large-Scale-builders-to-offer-more-lucrative-properties-than-ever-before
7686,2,collection of evidence,Collection-of-Evidence
7687,2,template mass gov,Template-Mass-Gov
7688,2,wz board minutes grand union village,WZ-BOARD-MINUTES---Grand-Union-Village
7689,2,toyota mr workshop service manual,1988-Toyota-MR2-Workshop-Service-Manual
7690,2,nissan quest workshop service manual,2009-Nissan-Quest-Workshop-Service-Manual
7691,2,for pro rata entitlement offer to complete refinancing,1-for-8-Pro-Rata-Entitlement-Offer-to-complete-refinancing
7692,2,ecu australia concise annual report,ECU-Australia-Concise-Annual-Report-2006-2007
7693,2,wedding handbook,WEDDING-HANDBOOK
7694,2,forex magnates q industrt report preview,Forex-Magnates-Q1-2013-Industrt-Report-Preview
7695,2,detailed proposal,Detailed-Proposal
7696,2,letter of invitation to,Letter-of-Invitation-to
7697,2,software test plan,Software-Test-Plan-Template
7698,2,honda prelude workshop service manual,1997-2000-Honda-Prelude-WORKSHOP-SERVICE-MANUAL
7699,2,skg plc annual report smurfit kappa group,SKG-plc-Annual-Report-Smurfit-Kappa-Group
7700,2,market research report business intelligence and analytics market india,Market-Research-Report--Business-Intelligence-and-Analytics-Market-India-2013
7701,2,products services guide ecu australia,Products-_-Services-Guide-Ecu-australia
7702,2,foresight report mobile point of sale technology,2020-Foresight-Report-Mobile-Point-of-Sale-Technology
7703,2,omnibus equity plan,2010-Omnibus-Equity-Plan---RITE-AID-CORP---4-23-2013
7704,2,surrogate parenting agreement,Surrogate-Parenting-Agreement
7705,2,fingerhut,Fingerhut-Template
7706,2,calculation of current stock price,Calculation-of-Current-Stock-Price
7707,2,price schedule government of western australia,Price-Schedule---Government-of-Western-Australia
7708,2,mobile kitchen for lease,Mobile-Kitchen-For-Lease
7709,2,laptop agreement,LAPTOP-AGREEMENT
7710,2,laptop buying guide laptop guide buying guide to laptop,Laptop-Buying-Guide_-Laptop-Guide_-Buying-Guide-to-Laptop
7711,2,leather chemicals a global strategic business report,Leather-Chemicals---A-Global-Strategic-Business-Report
7712,2,arrest report greenville police department city of greenville,Arrest-Report-Greenville-Police-Department---City-of-Greenville
7713,2,addendum to lease,Addendum-to-Lease
7714,2,starting a business the great big checklist of everything,Starting-a-Business---The-Great-Big-Checklist-of-Everything
7715,2,report of the institutional forum,Report-of-the-Institutional-Forum
7716,2,talent hunt form,talent_hunt_form_-2013
7717,2,alcohol policy,Alcohol-Policy
7718,2,contract leads,Contract-Leads
7719,2,pricing analysis,Pricing-Analysis-Template
7720,2,slac report,SLAC-REPORT
7721,2,vendor information,Vendor-Information
7722,2,thirty day notice,THIRTY-DAY-NOTICE
7723,2,sixty day notice to quit,SIXTY--DAY-NOTICE-TO-QUIT
7724,2,tenants day notice of intent to vacate,TENANTS-30-DAY-NOTICE-OF-INTENT-TO-VACATE
7725,2,three day notice to tenant demand for payment or poss,THREE-DAY-NOTICE-TO-TENANT-Demand-for-Payment-or-Poss
7726,2,day notice to pay or quit,3-DAY-NOTICE-TO-PAY-OR-QUIT
7727,2,current paratransit bases sorted by tlc license number nycgov,Current-Paratransit-Bases---sorted-by-TLC-License-Number---NYCgov
7728,2,equity weekly reports rr financial consultants,Equity-Weekly-Reports---RR-Financial-Consultants
7729,2,tender cover letter,Tender-Cover-Letter
7730,2,login typoscript,Login-TypoScript-Template
7731,2,roche,Roche-Template
7732,2,press release company contacts ir agency contact,Press-Release-Company-Contacts-Ir-Agency-Contact---AUDIOCODES---4-29-2013
7733,2,slide,Slide-Template
7734,2,job description person specification,Job-Description-Person-Specification-Template
7735,2,guidelines for completing grant proposal,Guidelines-for-Completing-Grant-Proposal-Template
7736,2,letter to sponsor (template),Letter-to-Sponsor-(template)
7737,2,publishing,Publishing-Template
7738,2,detailed job description,DETAILED-JOB-DESCRIPTION---TEMPLATE
7739,2,workcentre letter,WorkCentre-Letter-Template
7740,2,whitepaper,Whitepaper-template
7741,2,new hanover county schools intervention plan,New-Hanover-County-Schools-Intervention-Plan
7742,2,nissan sx service and repair manual,1989-1994-Nissan-240SX-Service-and-Repair-Manual
7743,2,best collection of web design tips,The-Best-Collection-of-Web-Design-Tips
7744,2,laundry policy,Laundry-policy
7745,2,lot number cross reference guide goindustry dovebid global,Lot-Number-Cross-reference-Guide---GoIndustry-DoveBid-Global
7746,2,toyota rav workshop service repair manual ( pages searchable printable pdf),Toyota-RAV4-Workshop-Service-Repair-Manual-2006-(12000--pages-Searchable-Printable-PDF)
7747,2,stock unit award agreement,Stock-Unit-Award-Agreement---LIFEPOINT-HOSPITALS----4-30-2013
7748,2,severance and change of control agreement,Severance-And-Change-Of-Control-Agreement---SYNTA-PHARMACEUTICALS-CORP---4-30-2013
7749,2,share purchase agreement share purchase agreement,Share-Purchase-Agreement-Share-Purchase-Agreement---GIGAMEDIA---4-30-2013
7750,2,hr best practices report,HR-Best-Practices-Report
7751,2,problem solving worksheet d,Problem-Solving-Worksheet-8D
7752,2,resume creation workshee ume creation worksheet,Resume-Creation-Workshee-ume-Creation-Worksheet
7753,2,five themes of geography worksheet,Five-Themes-of-Geography-Worksheet
7754,2,seo worksheet,SEO-Worksheet
7755,2,account balance worksheet,Account-Balance-Worksheet
7756,2,medical history and physical examination worksheet,MEDICAL-HISTORY-AND-PHYSICAL-EXAMINATION-WORKSHEET
7757,2,cost estimation worksheet,COST-ESTIMATION-WORKSHEET
7758,2,calling class constructors and methods worksheet,Calling-Class-Constructors-and-Methods-Worksheet
7759,2,answers to derivative worksheet,Answers-to-Derivative-Worksheet
7760,2,risk assessment worksheet,RISK-ASSESSMENT-WORKSHEET
7761,2,stoichiometry worksheet,Stoichiometry-Worksheet---DOC
7762,2,wheel of life worksheet,Wheel-of-Life-Worksheet
7763,2,fy annual report iwcc state of illinois,FY03-Annual-Report---IWCC---State-of-Illinois
7764,2,property checklist,PROPERTY-CHECKLIST
7765,2,concentrating solar power solar energy technologies program (setp,Concentrating-Solar-Power-Solar-Energy-Technologies-Program-(SETP
7766,2,equity participation plan,The-2008-Equity-Participation-Plan---LTC-PROPERTIES-INC---4-30-2013
7767,2,request for proposal for website redesign and hosting with,Request-for-Proposal-For-Website-Redesign-and-Hosting-with
7768,2,contract terms conditions ppt esi,Contract-Terms-_-Conditions-_ppt_---ESI
7769,2,college of agriculture exit checklist,College-of-Agriculture_-Exit-Checklist
7770,2,proposal questionnaire,Proposal-Questionnaire
7771,2,proposal penawaran pembuatan website sekolah online http,PROPOSAL-PENAWARAN-PEMBUATAN-WEBSITE-Sekolah-Online-http
7772,2,proposal penawaran pembuatan website sekolah online httpwww,PROPOSAL-PENAWARAN-PEMBUATAN-WEBSITE-Sekolah-Online-httpwww
7773,2,mcca meeting schedule,2012-MCCA-Meeting-Schedule
7774,2,application property and facilities management,Application---Property-and-Facilities-Management
7775,2,excel spreadsheet format,Excel-Spreadsheet-format
7776,2,finger print based driving license management systemdocx,Finger-Print-Based-Driving-License-Management-Systemdocx
7777,2,ferguson trade show schedule,Ferguson_Trade_Show_Schedule
7778,2,pergo installation essentials guide for laminate flooring,Pergo-Installation-Essentials-Guide-For-Laminate-Flooring
7779,2,caps executive committee meeting agenda,CAPS-EXECUTIVE-COMMITTEE-MEETING-AGENDA
7780,2,lease agreements,Lease-Agreements
7781,2,cover fi ware,Cover---FI-WARE
7782,2,printable fax cover sheet template camo,Free-Printable-Fax-Cover-Sheet-Template-Camo
7783,2,printable fax cover sheet template space,Free-Printable-Fax-Cover-Sheet-Template-Space
7784,2,crawfish boil free printable party invitations,Crawfish-Boil-Free-Printable-Party-Invitations-Template
7785,2,dry type transformer for pole mounted application,Dry-type-Transformer-for-Pole-Mounted-Application
7786,2,qa plan,QA-Plan-Template
7787,2,blank qa plan,Blank-QA-Plan-Template
7788,2,statewide rfp,Statewide-RFP-Template
7789,2,daily,Daily-template
7790,2,amazon,Amazon-Template
7791,2,bill tracking report,Bill-Tracking-Report-Template
7792,2,saiif financial model,SAIIF-Financial-Model-Template
7793,2,attendance,attendance-template
7794,2,camp meeting application form,camp-meeting-application-form
7795,2,strategic plan report,Strategic-Plan-Report-Template
7796,2,it sector,IT-Sector-Template
7797,2,monthly status report template ii,Monthly-Status-Report-Template-II
7798,2,enrollment verification template sample letter,Enrollment-Verification-Template-Sample-Letter
7799,2,cv rachel zuercher,CV_Rachel-Zuercher
7800,2,meeting,Sample-Meeting-Template
7801,2,pink rose blossoms printable wedding invitation,Pink-Rose-Blossoms-Printable-Wedding-Invitation-Template
7802,2,certificate of award printable,Certificate-Of-Award-Printable-Template
7803,2,statement of work template long form,Statement-of-Work-Template---Long-Form
7804,2,dining room schedule,Dining-Room-Schedule-Template
7805,2,form canton fair,Form-11---Canton-Fair
7806,2,senior executive officer severance agreement,Senior-Executive-Officer-Severance-Agreement---TELEFLEX-INC---4-29-2008
7807,2,draper university press release,Draper-University-Press-Release_031213
7808,2,employment agreement wolverine world wide inc,Employment-Agreement---WOLVERINE-WORLD-WIDE-INC-
7809,2,new fortune leads tiger consulting,new---fortune-500---Leads-Tiger-Consulting
7810,2,class settlement agreement,Class-Settlement-Agreement---VECTOR-GROUP-LTD---8-19-1997
7811,2,press release templates,PRESS-RELEASE-TEMPLATES
7812,2,fitness guide,fitness_guide_2012
7813,2,outbound day in a life template predictable revenue,Outbound-Day-In-A-Life-Template---Predictable-Revenue
7814,2,gap year application,Gap-year-Application-2013
7815,2,[finance]refinance your mortgage at a lower rate where to refinance my mortgage[],[finance]Refinance-Your-Mortgage-At-A-Lower-Rate-Where-To-Refinance-My-Mortgage[1382]
7816,2,settlement and release agreement,Settlement-And-Release-Agreement---ARMSTRONG-WORLD-INDUSTRIES-INC---3-4-2004
7817,2,restricted share award agreement,Restricted-Share-Award-Agreement---GENESCO-INC---9-10-2009
7818,2,instructions for usaid standard form rti international,Instructions-for-USAID-Standard-Form-1420----RTI-International
7819,2,form surat setoran pajak lembar,Form-Surat-setoran-Pajak-Lembar-2
7820,2,certificate of amendment certificate of incorporation emulex corp,Certificate-Of-Amendment-Certificate-Of-Incorporation---EMULEX-CORP-
7821,2,executive severance agreement,Executive-Severance-Agreement---BJ-SERVICES-CO---12-20-1999
7822,2,long term employee incentive plan,1999-Long-term-Employee-Incentive-Plan---CHEMED-CORP---3-29-2000
7823,2,executive long term incentive plan,2002-Executive-Long-term-Incentive-Plan---CHEMED-CORP---3-28-2003
7824,2,home maintenance schedule caliber inspection services llc,Home-maintenance-schedule---Caliber-Inspection-Services_-LLC
7825,2,bulk order form,Bulk-Order-Form
7826,2,nonemployee directors stock option agreement,Nonemployee-Directors-Stock-Option-Agreement---CHICOS-FAS-INC---9-5-1997
7827,2,freelance web designer,Freelance-Web-Designer
7828,2,pricing worksheet,Pricing-Worksheet
7829,2,vegetable garden project worksheet,Vegetable-Garden-Project-Worksheet
7830,2,polarity practice worksheet,Polarity-Practice-Worksheet
7831,2,travis raila resume,Travis-Raila-Resume
7832,2,revenue worksheet,REVENUE-WORKSHEET
7833,2,client profile worksheet,Client-Profile-Worksheet
7834,2,event budget worksheet,Event-Budget-Worksheet
7835,2,wedding contract wedding contract wedding contract wedding contract,Wedding-Contract-Wedding-Contract-Wedding-Contract-Wedding-Contract
7836,2,capital assets detail template the california state university,Capital-Assets-Detail-Template---The-California-State-University
7837,2,professionalofficesuites commercial lease perth,Professionalofficesuites---Commercial-Lease-Perth
7838,2,plan personal trainer programs,Download-Plan---Personal-Trainer-Programs
7839,2,order form sitara music india powered by cubecart,ORDER-FORM---Sitara-Music-India---_Powered-by-CubeCart_
7840,2,emt course report by latest course number,EMT-Course-Report-by-Latest-Course-Number
7841,2,home renovation guide,Home-Renovation-Guide
7842,2,cover letter for judge,COVER-LETTER-FOR-JUDGE-SAMPLE
7843,2,generic cover letter,Generic-Cover-Letter
7844,2,[temp] front cover letterindd,[TEMP]-Front-cover-Letterindd
7845,2,ncci test audit cover letter,NCCI-Test-Audit-Cover-Letter
7846,2,customer service spec cover letter,Customer-Service-Spec-Cover-Letter
7847,2,cover letter customer service,Sample-Cover-Letter---Customer-Service
7848,2,oscars cover letter xmas,oscars-cover-letter-xmas09
7849,2,patient satisfaction survey without cover letter,020608-Patient-Satisfaction-Survey-without-Cover-Letter
7850,2,draft cover letter central pa physician satisfaction survey,Draft-Cover-Letter-Central-PA-Physician-Satisfaction-Survey
7851,2,cover letter tips and samples,Cover-Letter-Tips-and-Samples
7852,2,cover letter model,Cover-Letter-Model
7853,2,cover letter analyst position environmental consulting,Sample-Cover-Letter-Analyst-Position-Environmental-Consulting
7854,2,cold cover letter,Sample-Cold-Cover-Letter
7855,2,writing a good cover letter and resume,Writing-A-Good-Cover-Letter-And-Resume
7856,2,exceptional html,exceptional-html-template
7857,2,cover letter to jar ops amdt with logo,cover-letter-to-JAR-OPS-1-Amdt-6-_with-logo_
7858,2,r%c%asum%c%a and cover letter writing guide,R%C3%A9sum%C3%A9-and-Cover-Letter-Writing-Guide
7859,2,donation request form and cover letter,Donation-Request-form-and-cover-letter
7860,2,cv and cover letter,CV-and-Cover-Letter
7861,2,todmorden town hall design and feasibility study cover letter,Todmorden-Town-Hall-Design-and-feasibility-study-cover-letter
7862,2,cover letter work experience dates details,Cover-Letter-Work-Experience-Dates-Details
7863,2,nursing sample cover letter indd,Nursing-Sample-Cover-Letter-2indd
7864,2,zoltan szonyi %e%%a cover letter cv,Zoltan-Szonyi-%E2%80%A2-cover-letter-CV
7865,2,summer eng portfolio score sheet cv cover letter,2009-Summer-ENG311-PORTFOLIO-SCORE-SHEET-CV-COVER-LETTER
7866,2,cover letter using full block style,COVER-LETTER-USING-FULL-BLOCK-STYLE
7867,2,cover letter for internship,Cover-letter-for-internship
7868,2,idaho millennium fund proposal from idaho drug free youth,Idaho-Millennium-Fund-Proposal-from-Idaho-Drug-Free-Youth
7869,2,pengumuman perbaikan pemberitahuan perjanjian credit agreement,PENGUMUMAN-PERBAIKAN-PEMBERITAHUAN-PERJANJIAN-CREDIT-AGREEMENT
7870,2,short form credit agreement,Short-Form-Credit-Agreement
7871,2,n peterbilt of bristol credit application applicant address city,N-PETERBILT-OF-BRISTOL-CREDIT-APPLICATION-APPLICANT-ADDRESS-CITY
7872,2,new customer credit application account setup form,New-Customer-Credit-Application-Account-Setup-Form
7873,2,ideal motor group llc credit application,IDEAL-MOTOR-GROUP-LLC-CREDIT-APPLICATION
7874,2,fpt credit application,FPT-Credit-Application
7875,2,motor vehicle credit application for purchase or lease,MOTOR-VEHICLE-CREDIT-APPLICATION-FOR-PURCHASE-OR-LEASE
7876,2,olin supplemental contributing employee ownership plan,Olin-Supplemental-Contributing-Employee-Ownership-Plan---OLIN-CORP---3-10-1995
7877,2,daftar judul proposal penelitian badan litbangkes tahun anggaran,DAFTAR-JUDUL-PROPOSAL-PENELITIAN-BADAN-LITBANGKES-TAHUN-ANGGARAN-2004
7878,2,recurring credit card authorization form,Recurring-Credit-Card-Authorization-Form
7879,2,transition services agreement medicis pharmaceutical corp,Transition-Services-Agreement---MEDICIS-PHARMACEUTICAL-CORP---5-9-1997---DOC
7880,2,credit report no credit card,Free-Credit-Report-No-Credit-Card
7881,2,cancellation of membership subscription to credit cardbank,Cancellation-of-Membership-Subscription-to-Credit-CardBank
7882,2,credit card billing authorization,CREDIT-CARD-BILLING-AUTHORIZATION
7883,2,letter of authorization to charge credit card,Letter-of-Authorization-to-Charge-Credit-Card
7884,2,extended sales order processing with sales support and dynamic,Extended-Sales-Order-Processing-with-Sales-Support-and-Dynamic
7885,2,card conversion request form from citibank credit card to,CARD-CONVERSION-REQUEST-FORM-From-Citibank-Credit-Card-to
7886,2,abn amro credit card application,ABN-AMRO-CREDIT-CARD-APPLICATION
7887,2,fourth amendment to lease guarantee pier imports inc,Fourth-Amendment-To-Lease-Guarantee---PIER-1-IMPORTS-INC
7888,2,proposal budgets,Proposal-Budgets
7889,2,website structure proposal,Website-structure-proposal
7890,2,restricted share unit agreement,Restricted-Share-Unit-Agreement---ARCH-CAPITAL-GROUP-LTD---11-10-2008
7891,2,sub sublease agreement,Sub-sublease-Agreement---ARCH-CAPITAL-GROUP-LTD---8-14-1998
7892,2,supplemental retirement plan agreement,Supplemental-Retirement-Plan-Agreement---COMMUNITY-BANK-SYSTEM-INC---3-12-2004
7893,2,first amendment to executive employment agreement,First-Amendment-To-Executive-Employment-Agreement---CIRCOR-INTERNATIONAL-INC---3-15-2002
7894,2,compensation policy,Compensation-Policy---KING-PHARMACEUTICALS-INC---8-9-2005
7895,2,incentive plan restricted unit certificate,Incentive-Plan-Restricted-Unit-Certificate---KING-PHARMACEUTICALS-INC---8-9-2006
7896,2,aircraft general terms agreement,Aircraft-General-Terms-Agreement---ALASKA-AIR-GROUP-INC---8-5-2005
7897,2,master purchase agreement,Master-Purchase-Agreement---ALASKA-AIR-GROUP-INC---11-9-2005
7898,2,supplementary retirement plan,Supplementary-Retirement-Plan---ALASKA-AIR-GROUP-INC---2-10-1998
7899,2,deferred compensation and excess savings plan,Deferred-Compensation-And-Excess-Savings-Plan---SEMPRA-ENERGY---3-13-2001
7900,2,retirement plan for directors,Retirement-Plan-For-Directors---SEMPRA-ENERGY---2-26-2003
7901,2,severance pay agreement,Severance-Pay-Agreement---SEMPRA-ENERGY---11-4-2004
7902,2,cash balance restoration plan,Cash-Balance-Restoration-Plan---SEMPRA-ENERGY---8-7-2008
7903,2,deferred compensation plan for directors,Deferred-Compensation-Plan-For-Directors---SEMPRA-ENERGY---3-9-1999
7904,2,indemnification agreement quantum corp,Indemnification-Agreement---QUANTUM-CORP-
7905,2,employee stock purchase plan quantum corp,Employee-Stock-Purchase-Plan---QUANTUM-CORP-
7906,2,certificate of amendment quantum corp,Certificate-Of-Amendment---QUANTUM-CORP-
7907,2,salary deferral plan,Salary-Deferral-Plan---RUBY-TUESDAY-INC---8-31-2001
7908,2,revolving credit and term loan agreement,Revolving-Credit-And-Term-Loan-Agreement---RUBY-TUESDAY-INC---8-29-2002
7909,2,loan facility agreement,Loan-Facility-Agreement---RUBY-TUESDAY-INC---8-15-2003
7910,2,restricted share plan,Restricted-Share-Plan---PENNSYLVANIA-REAL-ESTATE-INVESTMENT-TRUST---3-28-2002
7911,2,by laws,By-laws---PENNSYLVANIA-REAL-ESTATE-INVESTMENT-TRUST---8-6-2004
7912,2,amendment no to agreement,Amendment-No-1-To-Agreement---HEALTH-NET-INC---11-14-1997
7913,2,starting your business checklist,Starting-Your-Business-Checklist
7914,2,share purchase agreement,Share-Purchase-Agreement---CULP-INC---3-15-1995
7915,2,amendment to lease agreement,Amendment-To-Lease-Agreement---CULP-INC---12-12-1995
7916,2,belo savings plan,Belo-Savings-Plan---BELO-CORP---8-11-2000
7917,2,deferred compensation agreement,Deferred-Compensation-Agreement---AFLAC-INC---3-26-1998
7918,2,vehicle purchase agreement,Vehicle-Purchase-Agreement
7919,2,modification agreement,Modification-Agreement---SAUL-CENTERS-INC---8-10-2009
7920,2,this loan agreement,This-Loan-Agreement---SAUL-CENTERS-INC---5-14-1997
7921,2,senior long term incentive compensation plan,Senior-Long-term-Incentive-Compensation-Plan---NACCO-INDUSTRIES-INC---3-27-2003
7922,2,arlington mobile food truck permit application,Arlington-Mobile-Food-Truck-Permit-Application
7923,2,"$,, revolving credit facility credit agreement","$325,000,000-Revolving-Credit-Facility-Credit-Agreement---CHAMPION-ENTERPRISES-INC---5-15-1998"
7924,2,management stock option plan,1993-Management-Stock-Option-Plan---CHAMPION-ENTERPRISES-INC---3-24-1999
7925,2,purchase and manufacturing services agreement,Purchase-And-Manufacturing-Services-Agreement---NCR-CORP---3-1-2007
7926,2,to the ncr officer plan,To-The-Ncr-Officer-Plan---NCR-CORP---3-1-2007
7927,2,certificate of amendment stock corporation,Certificate-Of-Amendment-Stock-Corporation---PRIMEDIA-INC---3-30-1998
7928,2,certificate of ownership and merger,Certificate-Of-Ownership-And-Merger---PRIMEDIA-INC---3-30-1998
7929,2,management incentive stock option plan,Management-Incentive-Stock-Option-Plan---SPRINT-NEXTEL-CORP---3-13-2001
7930,2,eastman chemical company bylaws,Eastman-Chemical-Company-Bylaws---EASTMAN-CHEMICAL-CO---3-6-1998
7931,2,mandatory disclosure format,Mandatory-Disclosure-Format
7932,2,amendment agreement,Amendment-Agreement---FERRELLGAS-PARTNERS-L-P---3-14-2001
7933,2,confidential separation agreement,Confidential-Separation-Agreement---FERRELLGAS-PARTNERS-L-P---3-10-2006
7934,2,certificate of correction,Certificate-Of-Correction---CHURCH-and-DWIGHT-CO-INC-DE---8-5-2003
7935,2,change of control employment agreement,Change-Of-Control-Employment-Agreement---BELDEN-INC---11-15-2004
7936,2,homeowner affordability and stability plan,Homeowner-Affordability-and-Stability-Plan
7937,2,option agreement schlumberger ltd,Option-Agreement---SCHLUMBERGER-LTD-
7938,2,directors stock option plan,Directors-Stock-Option-Plan---THERMO-FISHER-SCIENTIFIC-INC---8-7-2003
7939,2,stock option plan american tower corp,2000-Stock-Option-Plan---AMERICAN-TOWER-CORP-
7940,2,", a delaware limited partnership (% american tower corp",",-A-Delaware-Limited-Partnership-(%2522---AMERICAN-TOWER-CORP-"
7941,2,notice of grant of restricted stock units and rsu american tower corp,Notice-Of-Grant-Of-Restricted-Stock-Units-And-Rsu---AMERICAN-TOWER-CORP-
7942,2,stock purchase agreement american tower corp,Stock-Purchase-Agreement---AMERICAN-TOWER-CORP-
7943,2,movie rental industry drives home entertainment market,Movie-Rental-Industry-Drives-Home-Entertainment-Market
7944,2,director stock plan,Director-Stock-Plan---BORDERS-GROUP-INC---4-27-1998
7945,2,cellular interest transfer agreement,Cellular-Interest-Transfer-Agreement---UNITED-STATES-CELLULAR-CORP---8-13-1996
7946,2,overview of the indian stock,An-Overview-of-the-Indian-Stock
7947,2,compensation plan for cms energy corporation,Compensation-Plan-For-Cms-Energy-Corporation---CMS-ENERGY-CORP---2-21-2008
7948,2,devry inc stock incentive plan,Devry-Inc-1999-Stock-Incentive-Plan---DEVRY-INC---9-27-2000
7949,2,devry inc profit sharing retirement plan,Devry-Inc-Profit-Sharing-Retirement-Plan---DEVRY-INC---9-24-1996
7950,2,index to bylaws,Index-To-Bylaws---LOUISIANA-PACIFIC-CORP---5-14-1998
7951,2,brewing services agreement,Brewing-Services-Agreement---BOSTON-BEER-CO-INC---11-12-2002
7952,2,master covered picture purchase agreement lions gate entertainment corp,Master-Covered-Picture-Purchase-Agreement---LIONS-GATE-ENTERTAINMENT-CORP-
7953,2,amended and restated employment agreement lions gate entertainment corp,Amended-And-Restated-Employment-Agreement---LIONS-GATE-ENTERTAINMENT-CORP-
7954,2,loan and security agreement cypress semiconductor corp,Loan-And-Security-Agreement---CYPRESS-SEMICONDUCTOR-CORP-
7955,2,employee stock ownership plan,Employee-Stock-Ownership-Plan---KANSAS-CITY-SOUTHERN---2-15-2008
7956,2,supplemental executive retirement income plan,Supplemental-Executive-Retirement-Income-Plan---UNISYS-CORP---2-19-2002
7957,2,elected officer pension plan,Elected-Officer-Pension-Plan---UNISYS-CORP---2-19-2002
7958,2,vendor registration application welcome to the new jersey,Vendor-Registration-Application---Welcome-to-the-New-Jersey
7959,2,share exchange agreement,Share-Exchange-Agreement---HEADWATERS-INC---8-3-2001
7960,2,executive incentive plan,Executive-Incentive-Plan---DTE-ENERGY-CO---5-12-2000
7961,2,termination and consulting agreement,Termination-And-Consulting-Agreement---DTE-ENERGY-CO---3-29-2002
7962,2,design build budget,Design-Build-Budget
7963,2,certificate of secretary,Certificate-Of-Secretary---FORD-MOTOR-CO---3-1-2006
7964,2,incentive compensation plan metrics for,Incentive-Compensation-Plan-Metrics-For-2006---FORD-MOTOR-CO---11-14-2006
7965,2,stock unit final award agreement,Stock-Unit-Final-Award-Agreement---FORD-MOTOR-CO---2-27-2008
7966,2,credit agreement railamerica inc,Credit-Agreement---RAILAMERICA-INC-
7967,2,ims health incorporated replacement plan,1998-Ims-Health-Incorporated-Replacement-Plan---IMS-HEALTH-INC---3-1-1999
7968,2,restricted stock units agreement,Restricted-Stock-Units-Agreement---IMS-HEALTH-INC---3-1-1999
7969,2,executive annual incentive plan,Executive-Annual-Incentive-Plan---IMS-HEALTH-INC---3-1-1999
7970,2,savings equalization plan,Savings-Equalization-Plan---IMS-HEALTH-INC---3-1-1999
7971,2,ims health incorporated savings plan,Ims-Health-Incorporated-Savings-Plan---IMS-HEALTH-INC---11-15-1999
7972,2,change in control and severance agreement,Change-In-Control-And-Severance-Agreement---TEREX-CORP---3-28-2003
7973,2,terex corporation employee stock purchase plan,Terex-Corporation-Employee-Stock-Purchase-Plan---TEREX-CORP---3-15-2004
7974,2,manufacturing and supply and services agreement,Manufacturing-And-Supply-And-Services-Agreement---STARTEK-INC---3-8-2000
7975,2,first amendment to office lease,First-Amendment-To-Office-Lease---STARTEK-INC---8-9-2004
7976,2,stock option and restricted stock agreement,Stock-Option-And-Restricted-Stock-Agreement---HUMANA-INC---3-3-2006
7977,2,retirement and savings plan,Retirement-And-Savings-Plan---HUMANA-INC---2-25-2008
7978,2,incentive compensation plan restricted stock units agreement horace mann educators corp,2002-Incentive-Compensation-Plan-Restricted-Stock-Units-Agreement---HORACE-MANN-EDUCATORS-CORP-
7979,2,fifth amendment to credit agreement,Fifth-Amendment-To-Credit-Agreement---WILLIAMS-SONOMA-INC---12-13-1995
7980,2,director stock grant plan,2002-Director-Stock-Grant-Plan---BADGER-METER-INC---8-12-2002
7981,2,original plan approved by the corporate governance and nominating comerica inc,------Original-Plan-Approved-By-The-Corporate-Governance-And-Nominating---COMERICA-INC-
7982,2,key executive severance benefits plan,Key-Executive-Severance-Benefits-Plan---SCANA-CORP---11-14-2001
7983,2,calculations of preferred stock ratio,Calculations-Of-Preferred-Stock-Ratio---SCANA-CORP---3-9-1994
7984,2,amendment to stock option and equity accumulation agreement universal corp,Amendment-To-Stock-Option-And-Equity-Accumulation-Agreement---UNIVERSAL-CORP-
7985,2,employment agreement universal corp,Employment-Agreement---UNIVERSAL-CORP-
7986,2,bylaws universal corp,Bylaws---UNIVERSAL-CORP-
7987,2,non employee director restricted stock agreement universal corp,Non-employee-Director-Restricted-Stock-Agreement---UNIVERSAL-CORP-
7988,2,amendment no to employment agreement,Amendment-No-2-To-Employment-Agreement---MONSTER-WORLDWIDE-INC---5-17-1999
7989,2,guaranty agreement getty realty corp,Guaranty-Agreement---GETTY-REALTY-CORP-
7990,2,trademark license agreement getty realty corp,Trademark-License-Agreement---GETTY-REALTY-CORP-
7991,2,reinsurance agreement,Reinsurance-Agreement---ZENITH-NATIONAL-INSURANCE-CORP---4-9-1999
7992,2,credit report,Free-Credit-Report
7993,2,it department budget,IT-Department-Budget-Template
7994,2,growing use of mobile application development services,Growing-Use-of-Mobile-Application-Development-Services
7995,2,option contract for sale and purchase,Option-Contract-for-Sale-and-Purchase
7996,2,report of the town of wasaga beach public works,Report-of-the-Town-of-Wasaga-Beach-PUBLIC-WORKS
7997,2,joint report of the sec and the cftc,A-Joint-Report-of-the-SEC-and-the-CFTC
7998,2,commercial recycling offer free waste management audits,Commercial-Recycling-Offer-Free-Waste-Management-Audits
7999,2,amended and restated operating agreement,Amended-And-Restated-Operating-Agreement---AK-STEEL-HOLDING-CORP---5-3-2013
8000,2,amendment of consent order,Amendment-Of-Consent-Order---WELLS-FARGO-MN---5-8-2013
8001,2,consent of rating agency,Consent-Of-Rating-Agency---BLUE-SQUARE-ISRAEL----5-13-2013
8002,2,form of subscription agreement,Form-Of-Subscription-Agreement---SCORPIO-TANKERS----5-13-2013
8003,2,equity interest transfer agreement,Equity-Interest-Transfer-Agreement---TTM-TECHNOLOGIES-INC---5-7-2013
8004,2,management transition retention agreement,Management-Transition-Retention-Agreement---BLACKBAUD-INC---5-7-2013
8005,2,amendment no to license agreement,Amendment-No-2-To-License-Agreement---OMEROS-CORP---5-9-2013
8006,2,second amendment to forbearance agreement,Second-Amendment-To-Forbearance-Agreement---FRIENDFINDER-NETWORKS----5-15-2013
8007,2,revolving credit note,Revolving-Credit-Note---WARWICK-VALLEY-TELEPHONE-CO---5-10-2013
8008,2,to pricing side letter,To-Pricing-Side-Letter---IMPAC-MORTGAGE-HOLDINGS-INC---5-14-2013
8009,2,itemized receipt form,Itemized-Receipt-Form
8010,2,of receipt,of-Receipt
8011,2,acknowledgment of receipt ifb,ACKNOWLEDGMENT-OF-RECEIPT-IFB--2939-4
8012,2,mentalnotetm program set up and get started guide introduction,MentalNoteTM-Program-Set-up-and-Get-Started-Guide-Introduction
8013,2,schedule of classes,2009-Schedule-of-Classes
8014,2,finals schedule,FINALS-SCHEDULE-2010
8015,2,dodge caravan service repair manual,1998-Dodge-Caravan-Service-Repair-Manual-DOWNLOAD
8016,2,gainful employment final report docx florida,Gainful-Employment-Final-Report-2013-2014docx---Florida
8017,2,schedule of fees,2010-schedule-of-fees
8018,2,ptk jsc vacancy announcement job titles internal audit,PTK-JSC-VACANCY-ANNOUNCEMENT-Job-Titles-1-Internal-Audit
8019,2,insurance sales letter,Insurance-Sales-Letter
8020,2,outline for strategic alliance agreement i parties ii alliance,Outline-for-Strategic-Alliance-Agreement-I-Parties-II-Alliance
8021,2,letter of financial support,Letter-of-Financial-Support
8022,2,pptx phoenix center for advanced legal economic public policy,pptx---Phoenix-Center-for-Advanced-Legal-_-Economic-Public-Policy
8023,2,letter of medical necessity,EXAMPLE-LETTER-3-OF-MEDICAL-NECESSITY
8024,2,thank you letter templates,Thank-You-Letter-Templates
8025,2,parental consent activity letter,Parental-Consent-Activity-Letter
8026,2,contract approval letter,Contract-Approval-Letter
8027,2,market research report lead acid battery market in india,Market-Research-Report--Lead-acid-battery-market-in-india-2013
8028,2,high deductible health plan and health savings account,High-Deductible-Health-Plan-and-Health-Savings-Account--
8029,2,ti supplemental pension plan,Ti-Supplemental-Pension-Plan---TEXAS-INSTRUMENTS-INC---3-3-2000
8030,2,blue diamond swap agreement,Blue-Diamond-Swap-Agreement---PINNACLE-ENTERTAINMENT-INC---8-13-1996
8031,2,supplemental retirement income plan,Supplemental-Retirement-Income-Plan---ATandT-INC---3-11-2005
8032,2,annual management incentive plan ii,Annual-Management-Incentive-Plan-Ii---QUESTAR-CORP---3-8-2005
8033,2,annual management incentive plan,Annual-Management-Incentive-Plan---QUESTAR-CORP---2-27-2009
8034,2,common stock unit agreement,Common-Stock-Unit-Agreement---SUNOCO-INC---2-26-2007
8035,2,deferred compensaton plan for outside directors,Deferred-Compensaton-Plan-For-Outside-Directors---CINCINNATI-BELL-INC---8-14-2000
8036,2,change in control termination benefits agreement,Change-In-Control-Termination-Benefits-Agreement---HESS-CORP---11-12-1999
8037,2,revolving credit facility agreement,Revolving-Credit-Facility-Agreement---WEYERHAEUSER-CO---3-5-2004
8038,2,fee deferral plan for directors,Fee-Deferral-Plan-For-Directors---WEYERHAEUSER-CO---3-3-2005
8039,2,cash receipt no,Cash-Receipt-No
8040,2,icpqr program schedule,ICPQR-2005-Program-Schedule
8041,2,nov dec schedule,Nov-Dec-schedule_
8042,2,nz schedule,NZ-Schedule
8043,2,milestone schedule,Milestone-Schedule
8044,2,contents of schedule,Contents-of-Schedule
8045,2,viva schedule,VIVA-Schedule
8046,2,daily equity report may,Daily-Equity-REPORT-22MAY
8047,2,immunization schedule in shanghai,Immunization-Schedule-in-Shanghai
8048,2,work breakdown schedule,Work-Breakdown-Schedule
8049,2,session info summary xlsx pd conference,21-5_session_info_summary_1_xlsx---PD-Conference
8050,2,template announcement,Template-Announcement
8051,2,widespread fraud of medicare a report by a whistleblower attorney,Widespread-Fraud-of-Medicare---A-report-by-a-whistleblower-attorney
8052,2,rope electric hoist supplier in india,Rope-electric-hoist-supplier-in-india
8053,2,pharmaceutical sales cover letter pdf,A-PHARMACEUTICAL-SALES-COVER-LETTER---PDF
8054,2,cover letter resume,COVER-LETTER-RESUME
8055,2,letter of intent outline,Sample-Letter-of-Intent-Outline
8056,2,gunsafescom offers free shipping to customers,GunSafescom-Offers-Free-Shipping-to-Customers
8057,2,low income discount guide outline,Low-Income-Discount-Guide-Outline
8058,2,strategic plan indicator trends may update xlsx fsm,Strategic-Plan-Indicator-Trends_May-2012-Update_xlsx---FSM
8059,2,adobe photoshop master cv here,adobe-photoshop-master-cv-here
8060,2,authorization to release criminal record,AUTHORIZATION-TO-RELEASE-CRIMINAL-RECORD
8061,2,online gaming statement for students,Online-Gaming-Statement-for-Students
8062,2,business plan for an established business dec,06-Business-Plan-for-an-Established-Business_Dec
8063,2,bmw cover letter,BMW-Cover-Letter
8064,2,radian group inc pension plan,Radian-Group-Inc-Pension-Plan---RADIAN-GROUP-INC---3-21-2003
8065,2,joinder agreement,Joinder-Agreement---FELCOR-LODGING-TRUST-INC---3-1-2007
8066,2,spending plan,Spending-Plan
8067,2,employment agreement omega healthcare investors inc,Employment-Agreement---OMEGA-HEALTHCARE-INVESTORS-INC---7-31-2007---DOC
8068,2,stock unit award program,1998-Stock-Unit-Award-Program---INVESTMENT-TECHNOLOGY-GROUP-INC---3-1-2007
8069,2,grab the offer at mens leather jacket sale uk,Grab-the-offer-at-Mens-Leather-Jacket-Sale-UK
8070,2,first amendment to lease agreement,First-Amendment-To-Lease-Agreement---BENCHMARK-ELECTRONICS-INC---4-2-2001
8071,2,amended and restated certificate of incorporation,Amended-And-Restated-Certificate-Of-Incorporation---CBS-CORP---8-14-2003
8072,2,officer disability plan,Officer-Disability-Plan---ATandT-INC---3-1-2006
8073,2,stock savings plan,Stock-Savings-Plan---ATandT-INC---8-10-1994
8074,2,property rental agreement,Property-Rental-Agreement
8075,2,supplemental deferral plan,Supplemental-Deferral-Plan---KEITHLEY-INSTRUMENTS-INC---2-9-2009
8076,2,power of attorney indiana michigan power co,Power-Of-Attorney-INDIANA-MICHIGAN-POWER-CO-3-24-2000
8077,2,employee stock options,Employee-Stock-Options
8078,2,coaches manual,Coaches-Manual
8079,2,video production agreement,VIDEO-PRODUCTION-AGREEMENT
8080,2,staff appraisal form,Staff-Appraisal-Form
8081,2,prepac monterey collection reviews s,Prepac-Monterey-Collection-Reviews-S
8082,2,energy audit in new york for local law compliance,Energy-Audit-in-New-York-For-Local-Law-87-Compliance
8083,2,second quarter report to shareholders,Second-Quarter-2013-Report-To-Shareholders---BANK-OF-MONTREAL----5-29-2013
8084,2,low bed technology guide,Low-Bed-Technology-Guide
8085,2,chryslerdodge m concorde intrepid lhs workshop repair service manual,1999-ChryslerDodge-300M-Concorde-Intrepid-LHS-Workshop-Repair-Service-Manual
8086,2,complaint letter to landlord,Complaint-Letter-to-Landlord
8087,2,release x diagun up date on the web,Release-X431-Diagun-3-up-date-on-the-web
8088,2,ganesh cv,Ganesh_CV_291009
8089,2,cordlife india offers most advanced cord blood facility with cordlife quality guarantee,CordLife-India-Offers-Most-Advanced-Cord-Blood-Facility-with-CordLife-Quality-Guarantee
8090,2,tokyo consulting group,Tokyo-Consulting-Group
8091,2,pedoman penyusunan proposal usaha,PEDOMAN-PENYUSUNAN-PROPOSAL-USAHA
8092,2,certificate of results and proceeds,Certificate-of-Results-and-Proceeds
8093,2,college preparation guide after high school,College-Preparation-Guide---After-High-School
8094,2,sales receipt form,Sales-Receipt-Form
8095,2,durable power of attorney for healthcare decisions,Durable-Power-of-Attorney-for-Healthcare-Decisions
8096,2,irrevocable power of attorney,IRREVOCABLE-POWER-OF-ATTORNEY
8097,2,medical power of attorney,MEDICAL-POWER-OF-ATTORNEY
8098,2,powers of attorney brief definition a power of attorney is a,Powers-of-Attorney-Brief-Definition-A-power-of-attorney-is-a
8099,2,autism in the classroom preparing for employment,Autism-in-the-Classroom---Preparing-For-Employment
8100,2,approved vendors richardson independent school district,Approved-Vendors---Richardson-Independent-School-District
8101,2,application for change of name,APPLICATION-FOR-CHANGE-OF-NAME
8102,2,application for name change andor reassignment,Application-for-Name-Change-andor-Reassignment
8103,2,benefits summary tioga opportunities inc,Benefits-Summary---Tioga-Opportunities_-Inc
8104,2,gsa ic worksheet,GSA-IC-Worksheet
8105,2,booth selection schedule himss vendor center,Booth-Selection-Schedule---HIMSS-Vendor-Center
8106,2,contract award millennium challenge corporation,Contract-Award---Millennium-Challenge-Corporation
8107,2,consulting services swift,Consulting-Services---Swift
8108,2,file dr umar azam s reference site weebly,Download-File---Dr-Umar-Azam-s-Reference-Site---Weebly
8109,2,manualsmania lego lego creator town plan building instr,ManualsMania---Lego---LEGO-Creator-Town-Plan-BUILDING-INSTR300610184-12
8110,2,legal culture book review inside the law a note on fiona,LEGAL-CULTURE-Book-Review---Inside-the-Law-A-note-on-Fiona
8111,2,nazi economic policy,Nazi-Economic-Policy-1933-1939
8112,2,phonegap application development india %c buisness app development sptechnolabcom,Phonegap-Application-Development-India-%7C-Buisness-App-Development---Sptechnolabcom
8113,2,real estate advantage when investing in trust deeds,Real-Estate-Advantage-When-Investing-In-Trust-Deeds
8114,2,cleaning services agreement,Cleaning-Services-Agreement
8115,2,guide meridian bellingham apartments,guide-meridian-bellingham-apartments
8116,2,guilford baltimore furnished apartments quick check guide from apartmenthomeliving,guilford-baltimore-furnished-apartments-quick-check-guide-from-ApartmentHomeLiving
8117,2,intellectual property management guide,Intellectual-Property-Management-Guide
8118,2,apparel browse tree guide,apparel_browse_tree_guide
8119,2,cellphone accessories browse tree guide,cellphone-accessories_browse_tree_guide
8120,2,jpmorgan india fmp ser application form,JPMorgan-India-FMP-Ser-21-Application-form
8121,2,commission statement,Sample-Commission-Statement
8122,2,statement of financial guarantee letter (sample),STATEMENT-OF-FINANCIAL-GUARANTEE-LETTER-(SAMPLE)
8123,2,statement of earnings (pay stub),Sample---Statement-of-Earnings-(Pay-Stub)
8124,2,content provider agreement bundesarchiv,Content-Provider-Agreement-Bundesarchiv
8125,2,how firpta reform can fill commercial real estate equity gap,How-FIRPTA-Reform-Can-Fill-Commercial-Real-Estate-Equity-Gap
8126,2,exclusive songwriter agreement,Exclusive-Songwriter-Agreement
8127,2,direct debit request service agreement perpetual,Direct-Debit-Request-Service-Agreement-Perpetual
8128,2,financial statement fraud,Financial-Statement-Fraud
8129,2,form ppd sd,Form-PPD-SD-2013
8130,2,car rental limassol car hire limassol cheap car hire in limassol,car-rental-limassol-car-hire-limassol-cheap-car-hire-in-limassol-
8131,2,career guide india,career-guide-india
8132,2,poc form,poc-form
8133,2,green audit a boom to human civilization,Green-Audit---A-Boom-to-Human-Civilization
8134,2,catering services agreement,Catering-Services-Agreement
8135,2,magicaltie responsive multipurpose html,MagicalTie-Responsive-Multipurpose-HTML-Template
8136,2,omics group incorporation announces acquisition of journal oral health and dental management,OMICS-Group-Incorporation-Announces-Acquisition-of-Journal-Oral-Health-and-Dental-Management
8137,2,proposal pensi,PROPOSAL-pensi
8138,2,fashion image consultant,fashion-image-consultant
8139,2,lease amendment,LEASE-AMENDMENT
8140,2,franchise letting process agreement gov uk,Franchise-letting-process-agreement-Gov-uk
8141,2,franchise proposal,Franchise-Proposal
8142,2,kontron and rutronik sign franchise agreement,Kontron-and-RUTRONIK-sign-franchise-agreement
8143,2,eth week assignment historical report on race,ETH-125-Week-5-Assignment-Historical-Report-on-Race
8144,2,job initiation form,JOB-INITIATION-FORM
8145,2,idc report worldwide big data technology and services,IDC-Report-Worldwide-Big-Data-Technology-and-Services
8146,2,facebook web and application development skills to learn in,Facebook-Web-and-Application-Development-Skills-to-Learn-in-2013
8147,2,bshs week individual assignment foundations of human services worksheet,BSHS-305-Week-1-Individual-Assignment-Foundations-of-Human-Services-Worksheet
8148,2,global crop protection (pesticides) market report editionindustry forecast report,Global-Crop-Protection-(Pesticides)-Market-Report---2013-EditionIndustry-Forecast-Report
8149,2,amendment two to sponsored research agreement,Amendment-Two-To-Sponsored-Research-Agreement---OMNI-BIO-PHARMACEUTICAL----6-28-2013
8150,2,deed of agreement,Deed-of-Agreement
8151,2,with report of independent auditors,With-Report-Of-Independent-Auditors---UNITED-MORTGAGE-TRUST---6-28-2013
8152,2,bus week individual assignment strategic plan part ii swott analysis,BUS-475-Week-3-Individual-Assignment-Strategic-Plan-Part-II-SWOTT-Analysis
8153,2,dubai corporate attorney,Dubai-Corporate-Attorney
8154,2,it week assignment application level requirements,IT-210-Week-2-Assignment-Application-Level-Requirements
8155,2,equity stock tips daily,Equity-stock-tips-daily
8156,2,php resume format,Php-Resume-Format-1
8157,2,com week individual assignment synergetic solutions report,COM-530-Week-4-Individual-Assignment-Synergetic-Solutions-Report
8158,2,daily equity report by july,daily-equity-report-by-4-july-2013
8159,2,rental properties south delhi,Rental-Properties-South-Delhi
8160,2,internship report on mcb,Internship-Report-on-MCB
8161,2,apptha announces magento power pack to boost ecommerce sales,Apptha-Announces-Magento-Power-Pack-to-Boost-eCommerce-Sales
8162,2,thermadyne european warranty claim procedure for welding,Thermadyne-European-Warranty-Claim-Procedure-for-Welding
8163,2,cv template outline,CV-template_outline
8164,2,employment termination letter,Employment-Termination-Letter-Template
8165,2,stock tips provider,Stock-Tips-Provider
8166,2,up to date and high caliver press release distribution service by prnewswire,Up-to-Date-and-High-Caliver-Press-Release-Distribution-Service-by-PRNewswire
8167,2,cordlife india provides quality guarantee on its cord blood banking,CordLife-India-Provides-Quality-Guarantee-on-Its-Cord-Blood-Banking
8168,2,pinellas county home child care summary requirements,Pinellas-County-Home-Child-Care-Summary-Requirements
8169,2,best immigration attorney,Best-Immigration-Attorney
8170,2,security agreement security agreement,Security-Agreement-Security-Agreement---ADCARE-HEALTH-SYSTEMS-INC---7-8-2013
8171,2,fin week assignment loan scenarios,FIN-200-Week-7-Assignment-Loan-Scenarios
8172,2,world will be shocked over next nsa leaked bombshell video,The-World-Will-Be-Shocked-Over-Next-NSA-Leaked-Bombshell-_Video_
8173,2,blast energy services,BLAST-ENERGY-SERVICES--Form-D---7-10-2013
8174,2,ultimate world order as pictured in the jewish utopia,The-Ultimate-World-Order-_as-pictured-in-The-Jewish-Utopia_-_1957_
8175,2,ebook collection part,EBOOK-COLLECTION-_PART4_
8176,2,program manager tampa based resume steve stallings pmp mcts,Program-Manager-Tampa-based-Resume-Steve-Stallings-PMP-MCTS
8177,2,naperville liquor license pre application form,Naperville-Liquor-License-Pre-Application-Form
8178,2,fundamental accounting principles e wild shaw chiappetta solutions manual and test bank,Fundamental-Accounting-Principles-21e-Wild-Shaw-Chiappetta-SOLUTIONS-MANUAL-and-test-bank
8179,2,office leave application form for indian professionals,Office-Leave-Application-Form-for-Indian-Professionals
8180,2,responsive wedding html,Responsive-Wedding-HTML-Template
8181,2,trust in relief india trust,Trust-in-Relief-India-Trust
8182,2,form of exchange agreement,Form-Of-Exchange-Agreement---ATTITUDE-DRINKS----7-15-2013
8183,2,instructions for form (pr) self employment tax return (puerto,Instructions-for-Form-1040-(PR)-Self-Employment-Tax-Return-(Puerto
8184,2,main differences between power and control cables a primer,The-Main-Differences-between-Power-and-Control-Cables---A-Primer
8185,2,apptha introduces group email web part application for sharepoint,Apptha-Introduces-Group-Email-Web-Part-Application-for-Sharepoint
8186,2,loan for your financial needs,A_Loan_For_Your_Financial_Needs
8187,2,weneedtoknow transparency letter,weneedtoknow-transparency-letter
8188,2,vivek sharma resume new,Vivek_Sharma_Resume_NEW
8189,2,credit card use and your credit report,Credit_Card_Use_and_Your_Credit_Report
8190,2,credit counseling services checklist,Credit_Counseling_Services_Checklist
8191,2,credit myths mistakes that will make your debts worse part,Credit_Myths_-_Mistakes_That_Will_Make_Your_Debts_Worse_-_Part_1
8192,2,cover letters resumes and the job hunter what s it all about,Cover_Letters__Resumes_and_the_Job_Hunter_What_s_it_All_About_
8193,2,dumpster rental,Dumpster-Rental
8194,2,catamaran power boats,Catamaran-Power-Boats
8195,2,tough insurance summary legal and lit,Tough-Insurance-Summary-Legal-and-Lit
8196,2,engineering project report school of computer science,Engineering-Project-Report-School-of-Computer-Science
8197,2,return notes template new version,Return-Notes-Template--New-Version
8198,2,digital angel corp form d,DIGITAL-ANGEL-CORP-Form-D---7-22-2013
8199,2,report of independent registered chartered,Report-Of-Independent-Registered-Chartered---CANALASKA-URANIUM---7-23-2013
8200,2,online stores are convenient options to purchase riflescopes,Online-Stores-are-Convenient-Options-to-Purchase-Riflescopes
8201,2,this time management technique will double your productivity,This-Time-Management-Technique-Will-Double-Your-Productivity
8202,2,stock equity daily news,STOCK-EQUITY-DAILY-NEWS
8203,2,work for hire contract,Work-For-Hire-Contract
8204,2,mgt week individual assignment business plan evaluation,MGT-401-Week-3-Individual-Assignment-Business-Plan-Evaluation
8205,2,important employment and labor law provisions in los angeles,Important-Employment-and-Labor-Law-Provisions-in-Los-Angeles
8206,2,mens quick start guide to dating women,Mens-Quick-Start-Guide-to-Dating-Women
8207,2,resumes cover letters,resumes-cover-letters
8208,2,financial and strategic swot analysis report of laredo petroleum holdings inc,Financial-and-Strategic-SWOT-Analysis-Report-of-Laredo-Petroleum-Holdings-Inc
8209,2,dis plan leaflet,DIS-PLAN-leaflet
8210,2,omics publishing group agreement with la prensa medica,OMICS-Publishing-Group-Agreement-with-La-Prensa-Medica
8211,2,what makes a successful rental home owner,What-Makes-a-Successful-Rental-Home-Owner
8212,2,rental mobil,Rental-Mobil
8213,2,things does a milwaukee concrete contractor implement,The-things-Does-a-Milwaukee-concrete-contractor-Implement
8214,2,solar power for homes,Solar-Power-For-Homes
8215,2,str week individual assignment environmental scan and summary,STR-581-Week-2-Individual-Assignment-Environmental-Scan-and-Summary
8216,2,tips for selecting the perfect costa rica vacation rental,10_tips_for_selecting_the_perfect_Costa_Rica_vacation_rental
8217,2,ecommerce consultant,The-Ecommerce-Consultant
8218,2,license and collaboration agreement,License-And-Collaboration-Agreement---REGENERON-PHARMACEUTICALS-INC---8-6-2013
8219,2,how to plan a honeymoon in seychelles,How-to-Plan-a-Honeymoon-in-Seychelles
8220,2,rush university student handbook,Rush-University-2013---2014-Student-Handbook
8221,2,yacht charter in the northern ionian sea,Yacht_Charter_in_the_Northern_Ionian_Sea
8222,2,quality personal statement for residency available at personalstatementforresidencycom,Quality-Personal-Statement-for-Residency-Available-at-PersonalStatementForResidencycom
8223,2,hdfc fmp d august application form,HDFC-FMP-1846D-August-2013-_1_-Application-form
8224,2,cornerstone ondemand commission plan plan type,Cornerstone-Ondemand-Commission-Plan-Plan-Type---RNERSTONE-ONDEMAND----8-7-2013
8225,2,first amended and restated security agreement,First-Amended-And-Restated-Security-Agreement---CARDINAL-ETHANOL-LLC---8-7-2013
8226,2,click to lawyers is riverside%e%%s premiere workers compensation attorney,Click-To-Lawyers-is-Riverside%E2%80%99s-Premiere-Workers-Compensation-Attorney
8227,2,severance and general release agreement,Severance-And-General-Release-Agreement---ALLERGAN-INC---8-7-2013
8228,2,reinsurance contract,Reinsurance-Contract---UNITED-INSURANCE-HOLDINGS----8-8-2013
8229,2,branch purchase and assumption agreement,Branch-Purchase-And-Assumption-Agreement---CECIL-BANCORP-INC---8-8-2013
8230,2,amended and restated member control agreement,Amended-And-Restated-Member-Control-Agreement---MCT-HOLDING-CORP---8-8-2013
8231,2,notice of stock option grant,Notice-Of-Stock-Option-Grant---YAHOO-INC---8-8-2013
8232,2,third amendment to lease,Third-Amendment-To-Lease---AEGERION-PHARMACEUTICALS----8-9-2013
8233,2,executive management incentive plan,2013-Executive-Management-Incentive-Plan---MRV-COMMUNICATIONS-INC---8-9-2013
8234,2,macroeconomics by williamson th solutions manual and test bank,Macroeconomics-by-williamson-4th---solutions-manual-and-test-bank
8235,2,pennymac master repurchase agreement,Pennymac-Master-Repurchase-Agreement---PENNYMAC-MORTGAGE-INVESTMENT-TRUST---8-9-2013
8236,2,easy cash loan convenient finances for emergency needs,Easy-Cash-Loan---Convenient-Finances-For-Emergency-Needs
8237,2,get cheap online insurance policy,Get-Cheap-Online-Insurance-Policy
8238,2,copier lease or purchase ideal option,Copier-Lease-Or-Purchase---Ideal-Option
8239,2,home insurance policy for flood prone areas,Home-Insurance-Policy-For-Flood-Prone-Areas
8240,2,refinance your car loan,Refinance-Your-Car-Loan
8241,2,settlement structured options for structured settlement annuity owners,Settlement---Structured-Options-For-Structured-Settlement-Annuity-Owners
8242,2,to purchase for cash,To-Purchase-For-Cash---THAI-FUND----8-12-2013
8243,2,get your google adsense application approved,Get-Your-Google-AdSense-Application-Approved
8244,2,york pa mortgage lender provides first time mortgage solutions,York-PA-Mortgage-Lender-Provides-First-Time-Mortgage-Solutions
8245,2,vps contract,VPS-Contract-2011
8246,2,weekly equity market q corporate results,Weekly-Equity-Market---Q1-corporate-results
8247,2,amended and restated security agreement,Amended-And-Restated-Security-Agreement---NUTRACEA---8-14-2013
8248,2,cerulean private jet rental,Cerulean-Private-Jet-Rental
8249,2,private jet on rent and lease,Private-Jet-on-Rent-and-Lease
8250,2,stock plan notice of stock option grant,2005-Stock-Plan-Notice-Of-Stock-Option-Grant---TRANZYME----8-14-2013
8251,2,consent to credit agreement,Consent-To-Credit-Agreement---VERAZ-NETWORKS----8-14-2013
8252,2,aadhaar enrolment form,AADHAAR-ENROLMENT-FORM
8253,2,quick glance over international auto shipping,Quick-glance-over-international-auto-shipping
8254,2,graduation party planning checklist,Graduation-Party-Planning-Checklist
8255,2,daily equity report aug capitalparamount,daily-equity-report-19-aug-capitalparamount
8256,2,amendment to stock purchase agreement,Amendment-To-Stock-Purchase-Agreement---WESTERN-DIGITAL-CORP---8-19-2013
8257,2,calypso media services group form d,CALYPSO-MEDIA-SERVICES-GROUP-Form-D---8-19-2013
8258,2,gen week summary,GEN-480-Week-2-Summary
8259,2,improving grid power quality with fuzzy controller on wind energy system,IMPROVING-GRID-POWER-QUALITY-WITH-FUZZY-CONTROLLER-ON-WIND-ENERGY-SYSTEM
8260,2,modeling of bank collection using microcontroller,Modeling-of-Bank-Collection-using-Microcontroller
8261,2,black cats will they bring you good luck,Black-Cats---Will-They-Bring-You-Good-Luck
8262,2,my lease with option to purchase,My-Lease-with-Option-to-Purchase
8263,2,equity morning note august mansukh investment and trading solution,Equity-Morning-Note-22-August-2013-Mansukh-Investment-and-Trading-Solution
8264,2,catamaran charter all you need to know,Catamaran-Charter---All-You-Need-to-Know
8265,2,auditors report thereon,Auditors-Report-Thereon---AMARC-RESOURCES---8-22-2013
8266,2,confidential memo at the heart of the global financial crisis,The-Confidential-Memo-at-the-Heart-of-the-Global-Financial-Crisis
8267,2,incident accident report form,Incident-Accident-Report-Form
8268,2,fando report august mansukh investment and trading solution,FandO-Report-23-August-2013-Mansukh-Investment-and-Trading-Solution
8269,2,how to choose the best family health care plan,How-to-Choose-the-Best-Family-Health-Care-Plan
8270,2,special offer,SPECIAL-OFFER
8271,2,summer vacation hotel or vacation rental,Summer-Vacation---Hotel-Or-Vacation-Rental
8272,2,relief from debt with the help of debt relief attorney,Relief-from-debt-with-the-help-of-debt-relief-attorney
8273,2,personal injury attorney,personal-injury-attorney
8274,2,and agreement,And-Agreement---JAMES-HARDIE-INDUSTRIES-NV---8-26-2013
8275,2,small business loan%ef%bf%bdin mississippi,Small-business-loan%EF%BF%BDin-Mississippi
8276,2,market research report smart grid market in india,Market-Research-Report--Smart-grid-market-in-india-2013
8277,2,market research report roofing market in india,Market-Research-Report--Roofing-market-in-india-2013
8278,2,manual of the warrior of light paulo coelho,Manual-of-the-Warrior-of-Light---Paulo-Coelho
8279,2,report documentation page,REPORT-DOCUMENTATION-PAGE
8280,2,daily equity report sep capitalparamount,daily-equity-report-2sep-capitalparamount
8281,2,jeep wrangler tj workshop repair service manual best,2000-Jeep-Wrangler-TJ-Workshop-Repair-Service-Manual-BEST-DOWNLOAD
8282,2,jeep cherokee xj workshop repair service manual,1993-Jeep-Cherokee-XJ-Workshop-Repair-Service-Manual
8283,2,noida extension panchsheel greens,Noida-Extension-Panchsheel-Greens-2-09999684905
8284,2,human hair extensions online purchase,Human-Hair-Extensions---Online-Purchase
8285,2,equity market news,equity-market-news
8286,2,annual report english,Annual-Report-2009-English
8287,2,quarterly cash flow report,Quarterly-Cash-Flow-Report
8288,2,national policy,The-National-Policy_1_
8289,2,fiscal sponsorship agreement,SAMPLE-FISCAL-SPONSORSHIP-AGREEMENT
8290,2,sequoyah nuclear power plant birdseye,Sequoyah-Nuclear-Power-Plant-Birdseye
8291,2,market research report bottled water market in india press release,Market-Research-Report---Bottled-water-market-in-india-2013---press-release
8292,2,princess cruises recommendation,Princess-Cruises-recommendation
8293,2,special report sep,SPECIAL-REPORT-18-SEP-2013
8294,2,acc week assignment partnership problems complete e,ACC-407-Week-1-Assignment-Partnership-Problems-Complete-E16-8
8295,2,online car insurance policy,Online-Car-Insurance-Policy
8296,2,contract termination language,Sample-Contract-Termination-Language
8297,2,foreign exchange market is different from the stock market,Foreign-exchange-market-is-different-from-the-stock-market
8298,2,rate contract for supply of computer hardware peripherals,Rate-Contract-for-Supply-of-Computer-Hardware-Peripherals
8299,2,promotional contract,Promotional-contract
8300,2,client contract,Client-Contract
8301,2,termination of contract,Termination-Of-Contract
8302,2,stud dog contract,stud-dog-contract
8303,2,payday loan lenders to help youin urgent finanicial needs,payday-loan-lenders-to-help-youin-urgent-finanicial-needs
8304,2,rental inquiry form,RENTAL-INQUIRY-FORM
8305,2,eastern europe bc e commerce report,Eastern-Europe-B2C-E-Commerce-Report-2013
8306,2,western and central europe bc e commerce report,Western-and-Central-Europe-B2C-E-Commerce-Report-2013
8307,2,hartley bernstein attorney,Hartley-Bernstein-Attorney
8308,2,student loan consolidation,Student-Loan-Consolidation
8309,2,for all types of fashionable leather jacket requirements trust only ideal jackets,For-all-types-of-fashionable-leather-jacket-requirements_-trust-only-Ideal-Jackets
8310,2,sticker template x,sticker-template-2x4
8311,2,sticker template .x.,sticker-template-5.5x2.125
8312,2,incentive stock option plan,1985-Incentive-Stock-Option-Plan---VERIZON-COMMUNICATIONS-INC---3-25-1997
8313,2,incentive compensation plan portfolio grant,1998-Incentive-Compensation-Plan-Portfolio-Grant-___---AMERICAN-EXPRESS-CO---5-3-2005
8314,2,performance based incentive plan,Performance-based-Incentive-Plan---MDU-RESOURCES-GROUP-INC---5-5-2006
8315,2,supplemental deferred compensation agreement,Supplemental-Deferred-Compensation-Agreement---M&T-BANK-CORP---11-3-2006
8316,2,pension benefit equalization plan,Pension-Benefit-Equalization-Plan---MOODYS-CORP-DE---2-16-2000
8317,2,non employee director deferred compensation plan,Non-employee-Director-Deferred-Compensation-Plan---WESTERN-UNION-CO---11-3-2008
8318,2,professional corporation shareholder agreement,Professional-Corporation-Shareholder-Agreement
8319,2,website guide,Website-guide
8320,2,simple guide for waste water treatment process,A-Simple-Guide-For-Waste-Water-Treatment-Process
8321,2,landscaping contract,Landscaping-Contract
8322,2,irdu guide to public health informatics structured evaluation,irdu-guide-to-public-health-informatics-structured-evaluation
8323,2,auto repair waiver of liability,Auto-Repair-Waiver-of-Liability
8324,2,worksheet mutations practice sharpschool,Worksheet-Mutations-Practice---SharpSchool
8325,2,domain name sales agreement,Domain-Name-Sales-Agreement
8326,2,business plan software,Free-Business-Plan-Software
8327,2,hall rental agreement,Hall-Rental-Agreement
8328,2,swimming pool service agreement,Swimming-Pool-Service-Agreement
8329,2,benefits of organic produce delivery,Benefits-of-Organic-Produce-Delivery
8330,2,psychological disability certification form,Psychological-disability-certification-form
8331,2,swimming pool construction agreement,Swimming-Pool-Construction-Agreement
8332,2,website affiliate agreement,Website-Affiliate-Agreement
8333,2,venture capital valuation spreadsheet,Venture-Capital-Valuation-Spreadsheet
8334,2,in control agreement,In-Control-Agreement---KAMAN-CORP---3-1-2007
8335,2,certificate of amendment of bylaws of,Certificate-Of-Amendment-Of-Bylaws-Of---COPART-INC---12-15-2003
8336,2,third amendment agreement,Third-Amendment-Agreement---PHOTRONICS-INC---6-14-2001
8337,2,non disclosure contract,Non-Disclosure-Contract
8338,2,note extension agreement,Note-Extension-Agreement---AMERICAN-INDEPENDENCE-CORP---12-29-1995
8339,2,executive revenue neutral retirement agreement,Executive-Revenue-Neutral-Retirement-Agreement---UNITED-COMMUNITY-BANKS-INC---3-20-2003
8340,2,work experience certificate format,WORK-EXPERIENCE-CERTIFICATE-FORMAT
8341,2,business proposal samples,Free-Business-Proposal-Samples
8342,2,credit facility agreement,Credit-Facility-Agreement---CHINA-BAK-BATTERY-INC---12-8-2006
8343,2,summary of loan agreement,Summary-Of-Loan-Agreement---CHINA-BAK-BATTERY-INC---2-9-2007
8344,2,loan certificate (),Loan-Certificate-(1)---CHINA-BAK-BATTERY-INC---8-7-2007
8345,2,contractor (gc) performance description,Contractor-(gc)-Performance-Description---ON-TRACK-INNOVATIONS-LTD---7-13-2006
8346,2,resignation agreement,Resignation-Agreement---CENTER-FINANCIAL-CORP---4-27-2007
8347,2,executive cash incentive plan,Executive-Cash-Incentive-Plan---GUARANTY-BANCORP---3-31-2006
8348,2,sequoia venture capital warning to ceos,Sequoia-Venture-Capital-Warning-to-CEOs
8349,2,lease with option to purchase,Lease-with-option-to-purchase
8350,2,charles lonon resume,Charles-Lonon-Resume
8351,2,snow and ice management plan,Snow-and-Ice-Management-Plan
8352,2,turkish food machines market research report,TURKISH-FOOD-MACHINES-MARKET-RESEARCH-REPORT
8353,2,form written warning employee,Form-Written-Warning-Employee
8354,2,how not to write a credit repair inquiry letter,How-Not-to-Write-a-Credit-Repair-Inquiry-Letter
8355,2,manhattan mortgage refinance and purchase rates,12-8-2009-Manhattan-Mortgage-Refinance-and-Purchase-Rates
8356,2,assignment of promissory note,Assignment-of-Promissory-Note
8357,2,job rejection letter,Job-Rejection-Letter
8358,2,stock quotes,Stock-Quotes
8359,2,interview thank you letter,Interview-Thank-you-Letter
8360,2,college of business strategic plan,College-of-Business-Strategic-Plan
8361,2,rental agreement forms,rental-agreement-forms
8362,2,notice of trespass,Notice-of-Trespass
8363,2,producer contract,SAMPLE-PRODUCER-CONTRACT
8364,2,eviction flow chart and checklist non payment of rent,EVICTION-FLOW-CHART-AND-CHECKLIST---NON-PAYMENT-OF-RENT
8365,2,executive summary executive summary,EXECUTIVE-SUMMARY-Executive-Summary
8366,2,irs w form,IRS-W4-Form
8367,2,character reference letter format,Character-Reference-Letter-Format
8368,2,annual policy statement (credit monetary policy) of rbi for,Annual-Policy-Statement-(Credit-Monetary-Policy)-of-RBI-for
8369,2,employment employee management career developmentnon management,Employment-Employee-Management-Career-DevelopmentNon-Management_1_
8370,2,blank w form,Blank-W9-Form
8371,2,letter amendment,Letter-Amendment---LEAP-WIRELESS-INTERNATIONAL-INC---11-9-2006
8372,2,business loan and security agreement,Business-Loan-And-Security-Agreement---MANTECH-INTERNATIONAL-CORP---11-14-2002
8373,2,exchange and registration rights agreement,Exchange-And-Registration-Rights-Agreement---ABRAXAS-PETROLEUM-CORP---11-12-2004
8374,2,e business hosting agreement,E-business-Hosting-Agreement---BLUEFLY-INC---3-27-2002
8375,2,this will confirm our agreement biofield corp de,This-Will-Confirm-Our-Agreement-BIOFIELD-CORP-DE-9-14-2004---DOC
8376,2,ecommerce branding affiliate agreement,Ecommerce-Branding-Affiliate-Agreement---CHINA-GREEN-MATERIAL-TECHNOLOGIES-INC---8-23-2000
8377,2,lease with option to buy,lease-with-option-to-buy
8378,2,certificate of amendment certificate of incorporation of,Certificate-Of-Amendment-Certificate-Of-Incorporation-Of---OPTIONABLE-INC---12-22-2004
8379,2,moral character reference letter,moral-character-reference-letter
8380,2,distribution agreement senetek plc,Distribution-Agreement---SENETEK-PLC-
8381,2,licence agreement senetek plc,Licence-Agreement---SENETEK-PLC-
8382,2,option relinquishment and release agreement,Option-Relinquishment-And-Release-Agreement---VALIDIAN-CORP---8-17-2007
8383,2,restatement and exchange agreement,Restatement-And-Exchange-Agreement---PENFORD-CORP---11-24-1998
8384,2,incentive deferred compensation agreement,Incentive-Deferred-Compensation-Agreement---POMEROY-IT-SOLUTIONS-INC---8-12-1997
8385,2,subordinated promissory note,Subordinated-Promissory-Note---POMEROY-IT-SOLUTIONS-INC---8-12-1997
8386,2,scientific notation worksheet,Scientific-Notation-Worksheet
8387,2,custom claim form,-Custom-Claim-Form_2_
8388,2,world war ii filipino veterans equity compensation fund,WORLD-WAR-II-FILIPINO-VETERANS-EQUITY-COMPENSATION-FUND
8389,2,resume cover letter samples,resume-cover-letter-samples
8390,2,facebook business guide,Facebook-Business-Guide
8391,2,offer letter of employment,OFFER-LETTER-OF-EMPLOYMENT
8392,2,irrevocable trust agreement[],IRREVOCABLE-TRUST-AGREEMENT[1]
8393,2,prospectus vornado realty trust,Prospectus---VORNADO-REALTY-TRUST---11
8394,2,lewis dot structures worksheet of,Lewis-Dot-Structures-Worksheet-1-of-5
8395,2,proposal to create website,proposal-to-create-website
8396,2,examples of reference letters,examples-of-reference-letters
8397,2,auto lease agreement,Auto-Lease-Agreement
8398,2,formal invitation letter,formal-invitation-letter
8399,2,invitation letter for conference,invitation-letter-for-conference
8400,2,recommendation letter samples,recommendation-letter-samples
8401,2,freelance invoice,sample-freelance-invoice
8402,2,prospectus gmh communities trust,Prospectus---GMH-COMMUNITIES-TRUST---2
8403,2,maple quick reference card,Maple-12-Quick-Reference-Card
8404,2,prospectus niagara mohawk power corp,Prospectus---NIAGARA-MOHAWK-POWER-CORP-
8405,2,second amendment to employment agreement avatex corp,Second-Amendment-To-Employment-Agreement-AVATEX-CORP-5-26-2000
8406,2,third amendment to employment agreement,Third-Amendment-To-Employment-Agreement---AVATEX-CORP---11-14-2001
8407,2,form of subscription agreement avitar inc,Form-Of-Subscription-Agreement---AVITAR-INC-
8408,2,mutual release,Mutual-Release---CONCORDE-GAMING-CORP---5-22-2000
8409,2,information systems services agreement,Information-Systems-Services-Agreement---FUTURELINK-CORP---2-11-2000
8410,2,series a convertible preferred stock purchase agreement,Series-A-Convertible-Preferred-Stock-Purchase-Agreement---FUTURELINK-CORP---9-28-2000
8411,2,allergen ingredient certificate,ALLERGEN-INGREDIENT-CERTIFICATE
8412,2,amendment no to rights agreement,Amendment-No-2-To-Rights-Agreement---VASAMED-INC---8-14-2000
8413,2,form of trustees certificate of authentication,Form-Of-Trustees-Certificate-Of-Authentication---ALLIANCE-BANCSHARES-CALIFORNIA---5-16-2005
8414,2,sale certificate,FREE-SALE-CERTIFICATE
8415,2,electric power generation[],Electric-Power-Generation1[1]
8416,2,template cricket newsletter,Template-Cricket-Newsletter
8417,2,delivery agreement,Delivery-Agreement
8418,2,electric power generation transmission and distribution ch[],Electric-Power-Generation_-Transmission_-and-Distribution-CH24[1]
8419,2,of resume,sample-of-resume
8420,2,summary of the manual of animal welfare inspection at the,The-summary-of-the-Manual-of-Animal-Welfare-Inspection-at-the
8421,2,hong kong disneyland resort hotel reservation form,Hong-Kong-Disneyland-Resort-Hotel-Reservation-Form
8422,2,dependency worksheet,Dependency-Worksheet
8423,2,delivery plan,Delivery-Plan
8424,2,how to write a personal statement for medical school,how-to-write-a-personal-statement-for-medical-school
8425,2,credit note,Credit-Note
8426,2,c concept note,C-4-13-Concept-note
8427,2,notice against trespass,NOTICE-AGAINST-TRESPASS
8428,2,lease renewal,LEASE-RENEWAL
8429,2,credit card payment authorization,CREDIT-CARD-PAYMENT-AUTHORIZATION
8430,2,us mens clothing stores industry report,2010-US-Mens-Clothing-Stores-Industry-Report
8431,2,character reference letter court,character-reference-letter-court
8432,2,status of tax refund federal,status-of-tax-refund-federal
8433,2,quick claim deed,quick-claim-deed
8434,2,licensing handbook,THE-LICENSING-HANDBOOK
8435,2,form misc miscellaneous income info copy only,2007-Form-1099-MISC-Miscellaneous-Income-_Info-Copy-Only_
8436,2,form oid original issue discount info copy only,2007-Form-1099-OID-Original-Issue-Discount-_Info-Copy-Only_
8437,2,authorization and release,AUTHORIZATION-AND-RELEASE
8438,2,mwm business proposal,MwM-Business-Proposal
8439,2,resume sample waiter,Free-Resume-Sample-Waiter
8440,2,step by step guide to creating a camtasia video,A-Step-by-Step-Guide-to-Creating-a-Camtasia-Video
8441,2,subject social media proposal,SUBJECT-Social-media-proposal
8442,2,for immediate release news release pacific north west capital corp,For-Immediate-Release-News-Release---PACIFIC-NORTH-WEST-CAPITAL-CORP-
8443,2,pmp form template with,PMP_form_template-with-sample
8444,2,w tax form,Free-W4-Tax-Form
8445,2,cullen funds trust,CULLEN-FUNDS-TRUST---Notes-to-Mutual-Funds-Financial-Statements---7-24-2000
8446,2,modelo plan de trabajo,MODELO-Plan-de-Trabajo
8447,2,advertisement form,Advertisement-form
8448,2,vendor form,Vendor-Form
8449,2,payment collection,payment-collection
8450,2,letter to the consulate for visitors visa,Sample-letter-to-the-consulate-for-Visitors-Visa
8451,2,business plan restaurant,Business-Plan---Restaurant
8452,2,real estate mortgage finance,Real-Estate---Mortgage-_-Finance
8453,2,standard operating procedure title receipt of incoming goods,Standard-Operating-Procedure-Title-Receipt-of-Incoming-Goods
8454,2,how do i apply how much will it cost,How-Do-I-Apply-How-Much-Will-it-Cost
8455,2,step by step guide to moodle course creation,Step-by-step-guide-to-Moodle-course-creation
8456,2,step by step guide to integrating openauth into your rails application,Step-by-Step-Guide-to-Integrating-OpenAuth-into-Your-Rails-Application
8457,2,enrolling for the medicare drug benefit a step by step guide,Enrolling-for-the-Medicare-Drug-Benefit-A-Step-by-Step-Guide
8458,2,proposal writing strategies,PROPOSAL-WRITING-STRATEGIES
8459,2,internal audit plan,Internal-Audit-Plan-Template
8460,2,project plan template dec,Project-Plan-Template-22-Dec-03
8461,2,template user documentation plan,Template---User-Documentation-Plan
8462,2,registration form templatexls,Registration-Form-Templatexls
8463,2,corporate plan,Corporate-Plan-2004-2005-Template
8464,2,template proposal cover letter,TEMPLATE-PROPOSAL-COVER-LETTER
8465,2,social business plan,Social-Business-Plan-Template
8466,2,resignation letter template no specific notice period,Resignation-Letter-Template---No-specific-notice-period
8467,2,grievance letter,Grievance-Letter---Template
8468,2,creating templates using the kodak cts template generator,Creating-Templates-Using-the-KODAK-CTS-Template-Generator-10
8469,2,b cover letter templates docdoc,3B-cover-letter-Templates-220205-docdoc
8470,2,case john jones v asbestos company summary of deposition of,Case-John-Jones-v-Asbestos-Company-Summary-of-Deposition-of
8471,2,kpi,KPI-Template
8472,2,strategy,Strategy-Template
8473,2,non conformance report,Non-conformance-Report---Template
8474,2,service level agreement (sla),Service-Level-Agreement-(SLA)-Template
8475,2,change order,Change-Order-Template
8476,2,nasa letterhead,NASA-Letterhead-Template
8477,2,template examples disclaimer,Template-Examples-Disclaimer
8478,2,security policy,SECURITY-POLICY-TEMPLATE
8479,2,template drawing,TEMPLATE-DRAWING
8480,2,operating budget,Operating-Budget-Template
8481,2,feasibility study monitoring of alternative construction,Feasibility-Study-Monitoring-of-Alternative-Construction-Template-
8482,2,us fiber yarn and thread mills industry report,2010-US-Fiber-Yarn-and-Thread-Mills-Industry-Report
8483,2,create video audio photo resume resume sourcing,Create-Video-Audio-Photo-Resume-Resume-Sourcing
8484,2,convertible promissory note[],Convertible_Promissory_Note[1]
8485,2,sales and marketing resume,Sales-and-Marketing-Resume
8486,2,due diligence accounting checklist,Sample-Due-Diligence-Accounting-checklist
8487,2,employee self evaluation plan,Employee-Self-Evaluation-Plan
8488,2,notice of private sale of collateral,Notice-Of-Private-Sale-Of-Collateral
8489,2,referral of account to collection agency,Referral-Of-Account-To-Collection-Agency
8490,2,overtime policy guidance,Overtime-Policy-Guidance
8491,2,introduction to shareholder agreements,Introduction-to-Shareholder-Agreements
8492,2,cv ben nunn senior web producer,CV-Ben-Nunn---Senior-Web-Producer
8493,2,notice of cod terms[],Notice-Of-COD-Terms[1]
8494,2,promissory note long form,Promissory-Note-_Long-Form_
8495,2,restraining order after hearing,Restraining-Order-After-Hearing
8496,2,revocation of trust,Revocation-Of-Trust
8497,2,wml manual,WML-Manual
8498,2,house sitting instruction form,House-Sitting-Instruction-Form-Template
8499,2,collection dispute letter,Collection-Dispute-Letter-Template
8500,2,assignment of promissory note[],ASSIGNMENT-OF-PROMISSORY-NOTE[1]
8501,2,job termination benefits agreement and general release[],JOB-TERMINATION-BENEFITS-AGREEMENT-AND-GENERAL-RELEASE[1]
8502,2,fidic nace guide,FIDIC-NACE-Guide
8503,2,commercial lease agreement[],Commercial-Lease-Agreement[2]
8504,2,real estate agent business plan,real-estate-agent-business-plan
8505,2,guide to usa,a-guide-to-usa
8506,2,fiscal year us small business administration budget request and performance plan,2005-Fiscal-Year-US-Small-Business-Administration-Budget-Request-and-Performance-Plan
8507,2,independent contractor contract,Independent-Contractor-contract
8508,2,apology proposal on overshipped merchandise[],Apology-_-Proposal-on-Overshipped-Merchandise[1]
8509,2,assignment of deed of trust[],Assignment-of-Deed-of-Trust[1]
8510,2,day notice quit,3-Day-Notice-Quit
8511,2,packing order,packing-order
8512,2,search engine optimization and internet marketing worksheet,Search-Engine-Optimization-and-Internet-Marketing-Worksheet
8513,2,it service level requirements worksheet,IT-Service-Level-Requirements-Worksheet
8514,2,worksheet for critical appraisal of articles on treatment or,Worksheet-for-Critical-Appraisal-of-Articles-on-TREATMENT-OR-
8515,2,chinese character worksheet,Chinese-Character-WorkSheet
8516,2,polarity mapping worksheet,Polarity-Mapping-Worksheet-1
8517,2,extending the scone collection descriptions database for cc interop,Extending-the-SCONE-collection-descriptions-database-for-cc-interop
8518,2,coehs web design proposal,COEHS-Web-Design-Proposal
8519,2,stock certificate preferred stock,Stock-Certificate-Preferred-Stock
8520,2,rearranging into slope y intercept form y = mx b,Rearranging-into-slope-y-intercept-form-y-=-mx--b
8521,2,letter of resignation[],Letter-Of-Resignation[2]
8522,2,open listing realty agreement,open-listing-realty-agreement
8523,2,demand of delivery,demand-of-delivery
8524,2,premarital agreement,premarital-agreement
8525,2,authorization for temporary guardianship of minor,Authorization-for-temporary-guardianship-of-minor
8526,2,monthly spending plan,Monthly-Spending-Plan
8527,2,daily cash report,Daily-Cash-Report
8528,2,franchise comparison worksheet,Franchise-Comparison-Worksheet
8529,2,employment application short,Employment-Application---Short
8530,2,receiving order,Receiving-Order
8531,2,request for letter of commitment or support,Request-for-letter-of-commitment-or-support-template
8532,2,letter of project completion,Letter-of-Project-Completion
8533,2,wireless application protocol,Wireless-Application-Protocol
8534,2,letter of sponsorship of a secondary participant,Letter-of-Sponsorship-of-a-Secondary-Participant
8535,2,loan application bank review form,Loan-application-bank-review-form
8536,2,noncompete agreement,Noncompete-Agreement
8537,2,franchise agreement checklist,Franchise-Agreement-Checklist
8538,2,start up checklist,Start-up-Checklist
8539,2,acceptance of counter proposal,Acceptance-of-Counter-Proposal
8540,2,department of health and human services form,Department-of-Health-and-Human-Services-Form-3500
8541,2,barter agreement,barter-agreement
8542,2,conditional sales contract,CONDITIONAL-SALES-CONTRACT
8543,2,business proposal letter,business-proposal-letter-sample
8544,2,accord and satisfaction agreement,ACCORD-AND-SATISFACTION-AGREEMENT
8545,2,budget cuts,BUDGET-CUTS
8546,2,form an llc,form-an-llc
8547,2,budget template for building website,Budget-Template-for-Building-Website
8548,2,private equity part,Private-Equity---Part-2
8549,2,ice cream business plan,ice-cream-business-plan
8550,2,application to pay filing fee in installments,Application-To-Pay-Filing-Fee-In-Installments
8551,2,business letter proposal,business-letter-proposal
8552,2,business partnership agreement,business-partnership-agreement
8553,2,promissory note for open account debt,Promissory-Note-for-Open-account-debt
8554,2,certificate of installation,Certificate-of-Installation
8555,2,quotation evaluation,Quotation-Evaluation
8556,2,receipt for goods,Receipt-For-Goods
8557,2,vendor cost analysis,Vendor-Cost-Analysis
8558,2,community bankers guide to social network marketing,The-Community-Bankers-Guide-to-Social-Network-Marketing
8559,2,liquidation preference spreadsheet,Sample-Liquidation-Preference-Spreadsheet
8560,2,contract management plan template[],Contract-Management-Plan-Template[1]
8561,2,business plan real estate agent,sample-business-plan-real-estate-agent
8562,2,release individual,RELEASE-INDIVIDUAL
8563,2,risk management plan template[],Risk-Management-Plan-Template[1]
8564,2,risk response plan template[],Risk-Response-Plan-Template[1]
8565,2,exclusive license,Exclusive-license
8566,2,finding a good cover letter,Finding-a-Good-Cover-Letter-Example
8567,2,format of a cover letter,Format-of-a-Cover-Letter
8568,2,quick guide to developing your own psychic abilities,A_Quick_Guide_To_Developing_Your_Own_Psychic_Abilities
8569,2,certificate of authorship,Certificate-of-Authorship
8570,2,basic marketing plan,Basic-Marketing-Plan
8571,2,financial history ratios,FINANCIAL-HISTORY-_-RATIOS-TEMPLATE
8572,2,proposal plan meeting,Proposal-Plan-Meeting
8573,2,trade mark license agreement,TRADE-MARK-LICENSE-AGREEMENT
8574,2,trade name license agreement,TRADE-NAME-LICENSE-AGREEMENT
8575,2,ca edd annual reconciliation statement,CA-EDD-2000-ANNUAL-RECONCILIATION-STATEMENT
8576,2,manual testing interview questions,manual-testing-interview-questions
8577,2,packing slip excel,Packing-Slip-Excel-Template
8578,2,service contract agreement,Service-Contract-Agreement
8579,2,underwriting agreement pursuant to reorganization[],Underwriting-agreement-pursuant-to-reorganization[1]
8580,2,accountants letter,Accountants-Letter
8581,2,flexible mortgage,flexible-mortgage
8582,2,mortgage payoff,mortgage-payoff
8583,2,bank financing worksheet for filmmaking,Bank-Financing-Worksheet-for-Filmmaking
8584,2,saskatchewan mortgage,SASKATCHEWAN-MORTGAGE
8585,2,application for property tax exemption,Application-for-Property-Tax-Exemption
8586,2,exclusive authorization and right to sell[],Exclusive-authorization-and-right-to-sell[1]
8587,2,wheat organic enterprise budget,wheat-ORGANIC-ENTERPRISE-BUDGET
8588,2,roommate contract,Sample-Roommate-Contract
8589,2,notice of appearance,Notice-of-Appearance
8590,2,exit interview form,Exit-Interview-Form
8591,2,day notice to vacate name of tenant mailing address,DAY-NOTICE-TO-VACATE-Name-of-Tenant-Mailing-Address-______________________________________________________
8592,2,letter of enquiry letter of application letter of apology,LETTER-OF-ENQUIRY-LETTER-OF-APPLICATION-LETTER-OF-APOLOGY
8593,2,business insurance planning worksheet,Business-Insurance-Planning-Worksheet
8594,2,acceptance test plan,Acceptance-Test-Plan-Template
8595,2,rental agreement month to month,Rental-Agreement-Month-To-Month
8596,2,highland rim camper rental contract,Highland-Rim-Camper--Rental-Contract
8597,2,ground lease,SAMPLE-GROUND-LEASE
8598,2,move in inspection and lease addendum,MOVE-IN-INSPECTION-AND-LEASE-ADDENDUM
8599,2,generic accupril online order accupril discount without prescription,Generic-Accupril-Online-Order-Accupril-Discount-Without-Prescription
8600,2,generic aceon online order aceon discount without prescription,Generic-Aceon-Online-Order-Aceon-Discount-Without-Prescription
8601,2,guide to biotechnology,Guide-to-biotechnology
8602,2,h animal project agreement a bill of sale seller name,H-Animal-Project-Agreement-A-Bill-of-Sale-Seller-Name
8603,2,first amendment to supply agreement,First-Amendment-To-Supply-Agreement---EVERGREEN-SOLAR-INC---3-9-2010
8604,2,revolving promissory note,Revolving-Promissory-Note---CC-MEDIA-HOLDINGS-INC---3-16-2010
8605,2,general employment contract,General-Employment-Contract-2
8606,2,month cash flow,12-MONTH-CASH-FLOW-Template
8607,2,how to write a mission statement,How-to-Write-a-Mission-Statement
8608,2,belt clamping guide loop pdf,Belt-Clamping-Guide-Loop---PDF
8609,2,manual de procesos y procedimientos proceso de gesti%fn de recursos,MANUAL-DE-PROCESOS-Y-PROCEDIMIENTOS-Proceso-de-Gesti%F3n-de-Recursos
8610,2,dba form,DBA-FORM
8611,2,of collection letter,example-of-collection-letter
8612,2,sales proposal letter,sample-sales-proposal-letter
8613,2,osi website management plan tailoring guide,OSI-Website-Management-Plan-Tailoring-Guide
8614,2,tooth fairy certificate printable,Tooth-Fairy-Certificate-Printable
8615,2,first right of refusal agreement,first-right-of-refusal-agreement
8616,2,operating agreement llc,operating-agreement-llc
8617,2,university of colorado health sciences center fiscal policy for cash,University-of-Colorado-Health-Sciences-Center-Fiscal-Policy-for-Cash
8618,2,letter for work experience,Sample-letter-for-work-experience
8619,2,api guide,API-Guide
8620,2,contoh memo,CONTOH-MEMO
8621,2,asset adjustment transfer form,ASSET-ADJUSTMENT-TRANSFER-FORM
8622,2,debt settlement letter from debtor,Debt-Settlement-Letter-from-Debtor
8623,2,demand letter for purchase,Sample-Demand-letter-for-Purchase
8624,2,payment demand letter,Payment-Demand-Letter
8625,2,msu career center how to write a resume objective a,MSU-Career-Center-How-to-write-a-resume-Objective-a
8626,2,business model designer from sticky note to screen interaction,Business-Model-Designer-From-Sticky-Note-To-Screen-Interaction
8627,2,business model designer from sticky note to screen interaction presentation,Business-Model-Designer-From-Sticky-Note-To-Screen-Interaction-Presentation
8628,2,starting a business checklist,starting-a-business-checklist
8629,2,cis implementation project proposal,CIS-690---Implementation-Project-Proposal
8630,2,medical expense and disability benefits plan,Medical_Expense_and_Disability_Benefits_Plan
8631,2,application and letter of intent,Application-and-Letter-of-Intent
8632,2,break even analysis,Break-Even-Analysis-Template
8633,2,employee timesheet,Employee-TimeSheet
8634,2,assignment of inventions nondisclosure and nonsolicitation,Assignment_of_Inventions_Nondisclosure_and_Nonsolicitation
8635,2,mcs network enhancement project proposal,MCS-Network-Enhancement-Project-Proposal
8636,2,administration manager resume,Administration-Manager-Resume-Sample
8637,2,cover letter and certificate of indemnity,SAMPLE-COVER-LETTER-AND-CERTIFICATE-OF-INDEMNITY
8638,2,barker clive collection books of blood volume,Barker_-Clive---collection---Books-of-Blood-Volume-01
8639,2,form letters,sample-form-letters
8640,2,of letter of inquiry,example-of-letter-of-inquiry
8641,2,probability worksheet,Probability-Worksheet-1
8642,2,amendment to sales contract,Amendment-To-Sales-Contract
8643,2,online video game rental service review,Online_Video_Game_Rental_Service_Review
8644,2,marriott corporate letterhead,Marriott-Corporate-Letterhead-Template
8645,2,wikimedia foundation inc financial statement,Wikimedia-Foundation-Inc-2007-Financial-Statement
8646,2,business objects annual report,Business-Objects-2006-Annual-Report
8647,2,quarterly payroll record,Quarterly-payroll-Record-template
8648,2,time management log,Time-Management-Log-template
8649,2,irs form instructions for form,IRS-Form--1098--Instructions-for-Form-1098
8650,2,price trends and policy,Price-Trends-and-Policy
8651,2,attorney forms,attorney-forms
8652,2,checklist of white house press releases,Checklist-of-White-House-Press-Releases
8653,2,small business budget,small-business-budget
8654,2,promotional budget worksheet,Promotional-Budget-Worksheet
8655,2,home office worksheet,Home-Office-Worksheet
8656,2,self assessment worksheet,Self-Assessment-Worksheet
8657,2,virginia resident form web individual income tax,2007-Virginia-Resident-Form-760-WEB-Individual-Income-Tax
8658,2,microsoft flight simulator x tips tweaks and config guide,Microsoft-Flight-Simulator-X-Tips_-Tweaks_-and-Config-Guide
8659,2,credit terms reminder letter[],CREDIT-TERMS-REMINDER-LETTER[2]
8660,2,proposal for the centralization of anaerobic digestors,A-Proposal-for-the-Centralization-of-Anaerobic-Digestors
8661,2,vision and scope document,Vision-and-Scope-Document---Template
8662,2,research proposal outline writing a proposal in a,Sample-Research-Proposal-Outline-Writing-a-proposal-in-a
8663,2,treatmentsynopsis for a reality tv show proposal [the,Sample-TreatmentSynopsis-For-A-Reality-TV-Show-Proposal-[the
8664,2,cafe proposal,Cafe-Proposal
8665,2,threat report,Threat-Report
8666,2,letter from the editor,LETTER-FROM-THE-EDITOR
8667,2,customer service representative resume,Customer-Service-Representative-Resume-Sample
8668,2,aall form and financial statments,AALL-2004-Form-990-and-Financial-Statments
8669,2,letter confirming attendance,Sample-Letter-Confirming-Attendance
8670,2,request for proposals for the kelowna and vernon hospitals,REQUEST-FOR-PROPOSALS-For-The-Kelowna-and-Vernon-Hospitals
8671,2,sergey ivanov cv old,sergey-ivanov-cv-old-3
8672,2,lisette lee deed christian navarro deed,lisette-lee-deed-christian-navarro-deed
8673,2,sales and marketing analyst resume,Sales-and-Marketing-Analyst-Resume-Sample
8674,2,guide to doing business in hawaii,Guide-to-Doing-Business-in-Hawaii
8675,2,letter to your hr department,SAMPLE-LETTER-TO-YOUR-HR-DEPARTMENT
8676,2,battle of the bands registration form,Battle-of-the-Bands-Registration-Form
8677,2,policy on privacy and employee monitoring,Policy-on-Privacy-and-Employee-Monitoring
8678,2,managerial accounting garrison th edition solutions manual,Managerial-Accounting-Garrison-13th-Edition-Solutions-Manual
8679,2,pleading form with lines,Pleading-Form-with-25-Lines-Template
8680,2,affidavit form pdf,Free-Affidavit-Form---PDF
8681,2,downloadable lease agreement,Free-Downloadable-Lease-Agreement
8682,2,personal reference letter,Personal-Reference-Letter-Sample
8683,2,restaurant business proposal,Restaurant-Business-Proposal
8684,2,bod meeting minutes,2008_05_BOD---Meeting-Minutes
8685,2,liger et al v new orleans hornets nba limited partnership,Liger-et-al-v-New-Orleans-Hornets-NBA-Limited-Partnership---74
8686,2,summary of award entries and recipients (pdf),Summary-of-2007-Award-Entries-and-Recipients-(PDF)
8687,2,due dilligence checklist,Due-Dilligence-Checklist
8688,2,contract addendum,Sample-Contract-Addendum
8689,2,afsa student loan,Afsa-Student-Loan
8690,2,letter for,Sample-Letter-for
8691,2,return to work letter date employee any street,SAMPLE-RETURN-TO-WORK-LETTER-Date-Employee-Any-Street
8692,2,usa v deloitte consulting llp,USA-v-Deloitte-Consulting-LLP---7
8693,2,boutique manager resume,Boutique-Manager-Resume-Sample
8694,2,auto bill of sale,Auto-Bill-of-Sale-Template
8695,2,invoice templates for mac,Invoice-Templates-for-Mac
8696,2,florida contractor license sample application,Florida-Contractor-License-Sample-Application
8697,2,financial advisor business plan templates,Financial-Advisor-Business-Plan-Templates
8698,2,formal research vs business proposal,Formal-Research-Vs-Business-Proposal
8699,2,certificate border templates,Certificate-Border-Templates---DOC
8700,2,medicaid subcontractor agreement florida,Medicaid-Subcontractor-Agreement-Florida
8701,2,pro forma business proposal,Free-Pro-Forma-Business-Proposal-Template
8702,2,conference planning budget,Conference-Planning-Budget-Template
8703,2,california state franchise tax board tax refund,California-State-Franchise-Tax-Board-Tax-Refund
8704,2,personal training sample contract,Personal-Training-Sample-Contract
8705,2,statistics for business and economics newbold th edition solutions manual,Statistics-for-Business-and-Economics-Newbold-7th-Edition-Solutions-Manual
8706,2,family loan agreement,Family-Loan-Agreement-Template
8707,2,business meeting agenda format,Sample-Business-Meeting-Agenda-Format
8708,2,business receipt,Business-Receipt-Template
8709,2,home renovation budget excel spreadsheet,Home-Renovation-Budget-Excel-Spreadsheet
8710,2,career counseling intake form,Sample-Career-Counseling-Intake-Form
8711,2,business model,Business-Model-Template
8712,2,equity sharing agreement,Equity-Sharing-Agreement
8713,2,progress note,Progress-Note---DOC
8714,2,enrollment management certificate programs,Enrollment-Management-Certificate-Programs
8715,2,progress note pain,PROGRESS-NOTE-pain
8716,2,deed of sale type,Deed-of-Sale-Type-1
8717,2,generic employment application form,Free-Generic-Employment-Application-Form
8718,2,sales rep contract,Sales-Rep-Contract
8719,2,downloadable lease agreement form,Free-Downloadable-Lease-Agreement-Form
8720,2,first job resume,First-Job-Resume-Sample
8721,2,product purchase agreement,Product-Purchase-Agreement---BROCADE-COMMUNICATIONS-SYSTEMS-INC---6-2-2010
8722,2,purchase for cash a common stock,Purchase-For-Cash-A-Common-Stock---EMMIS-COMMUNICATIONS-CORP---6-2-2010
8723,2,transcat inc post retirement benefit plan,Transcat-Inc-Post-retirement-Benefit-Plan---TRANSCAT-INC---6-24-2010
8724,2,fictitious or assumed name certificate,FICTITIOUS-OR-ASSUMED-NAME-CERTIFICATE
8725,2,terra science writer guide,Terra-Science-Writer-Guide
8726,2,phd exams policy feb,PhD-Exams-policy-19Feb2008-2
8727,2,sales executive resume,Sales-executive-resume-sample
8728,2,stock fraud attorney texas,Stock-Fraud-Attorney-Texas
8729,2,prospectus columbia funds series trust i,Prospectus-COLUMBIA-FUNDS-SERIES-TRUST-I---9-30-2010
8730,2,office,Office-Template
8731,2,letter agreement cazador acquisition,Letter-Agreement---CAZADOR-ACQUISITION----10-6-2010---DOC
8732,2,oil products sales contract contract purchaser,Oil-Products-Sales-Contract-Contract-Purchaser---CHINA-INTEGRATED-ENERGY----3-31-2010
8733,2,memorandum of understanding mou,Memorandum-of-Understanding-MOU
8734,2,retailers business plan,retailers_business_plan-example
8735,2,quarter,Quarter-2007--Report-To-Sha---TORONTO-DOMINION-BANK---5-24-2007
8736,2,executive salary continuation agreement,Executive-Salary-Continuation-Agreement---CENTRA-FINANCIAL-HOLDINGS-INC---3-30-2007
8737,2,bridge loan promissory note,Bridge-Loan-Promissory-Note---REMOTE-KNOWLEDGE-INC---3-30-2007
8738,2,certificate certificate,Certificate-Certificate---XECHEM-INTERNATIONAL-INC---4-16-2007
8739,2,share purchase agreement%d purchase agreement,Share-Purchase-Agreement%255D-Purchase-Agreement---LORUS-THERAPEUTICS-INC---9-4-2007
8740,2,termination and release agreement,Termination-And-Release-Agreement---FIRST-AMERICAN-CORP---3-1-2010
8741,2,hospital services agreement molina healthcare inc,Hospital-Services-Agreement-MOLINA-HEALTHCARE-INC-3-16-2010
8742,2,report on number of listed shares,Report-On-Number-Of-Listed-Shares---TOYOTA-MOTOR-CORP---2-28-2006
8743,2,consent of independent registered public,Consent-Of-Independent-Registered-Public---DANONE---4-20-2006
8744,2,"global employment holdings, s","GLOBAL-EMPLOYMENT-HOLDINGS,--S-1"
8745,2,contract agreement dayton power & light co,Contract-Agreement---DAYTON-POWER-&-LIGHT-CO---3-15-2005---DOC
8746,2,for purchase of receivables magna entertainment corp,For-Purchase-Of-Receivables---MAGNA-ENTERTAINMENT-CORP---3-15-2005---DOC
8747,2,employment agreement innkeepers usa trust,Employment-Agreement-INNKEEPERS-USA-TRUST-3-11-2004
8748,2,public relations agreement,Public-Relations-Agreement---ETERNAL-TECHNOLOGIES-GROUP-INC---3-30-2004
8749,2,icr microbial laboratory manual,ICR-Microbial-Laboratory-Manual
8750,2,travel agent cover,travel-agent-2_cover
8751,2,demand for payment,DEMAND-FOR-PAYMENT
8752,2,drug delivery in cancer technologies markets and,drug-delivery-in-cancer-technologies-markets-and
8753,2,sponsored research and license agreement cornerstone therapeutics inc,Sponsored-Research-And-License-Agreement---CORNERSTONE-THERAPEUTICS-INC---11-4-2010---DOC
8754,2,legal and business form l row,Free-Legal-and-Business-Form-L365-ROW
8755,2,formal debt demand letter,Formal-Debt-Demand-Letter
8756,2,india power of attorney import,India-Power-of-Attorney-Import
8757,2,letter sample request for corporate hotel room rates,Letter-Sample-Request-for-Corporate-Hotel-Room-Rates
8758,2,employee discipline form,Free-Employee-Discipline-Form
8759,2,of breach contract in nursing service pdf,Example-of-Breach-Contract-in-Nursing-Service---PDF
8760,2,disciplinary policy,Disciplinary_Policy
8761,2,summer training confirmation letter format,Summer-Training-Confirmation-Letter-Format
8762,2,online stock trading training,Online-Stock-Trading-Training
8763,2,plea agreement,Plea-Agreement
8764,2,freelance marketplace review q,Freelance-Marketplace-Review-Q3-2010
8765,2,bosch spark plug application guide,Bosch-Spark-Plug-Application-Guide
8766,2,tracy fish collection facility studies california vol,Tracy-Fish-Collection-Facility-Studies-California---Vol-5
8767,2,business partnership inquiry letter,Business-Partnership-Inquiry-Letter-Sample
8768,2,business proposal seo,Business-Proposal-Seo
8769,2,buy like rent contract,Buy-Like-Rent-Contract
8770,2,california irrevocable income only trust,California-Irrevocable-Income-Only-Trust
8771,2,accountant resume fresh,Accountant-Resume-Fresh
8772,2,contract offer letter,1099-Contract-Offer-Letter
8773,2,cara membuat invoice,Cara-Membuat-Invoice
8774,2,certificate of english as medium of instruction,Certificate-of-English-as-Medium-of-Instruction
8775,2,amusement park contract,Amusement-Park-Contract
8776,2,angel investments,Angel-Investments-Template
8777,2,stock ledger and capitalization summary,Stock-Ledger-and-Capitalization-Summary
8778,2,certificate de urbanism ilfov,Certificate-De-Urbanism-Ilfov-2007
8779,2,dhl proforma invoice,DHL-PROFORMA-INVOICE---DOC
8780,2,cease and desist form letter credit defamation,Cease-and-Desist-Form-Letter-Credit-Defamation
8781,2,courtesy reminder of late payment,Courtesy-Reminder-of-Late-Payment
8782,2,automation execution guide,Automation-Execution-Guide-Template
8783,2,avery template table of contents,Avery-Template-Table-of-Contents
8784,2,commercial property investment spreadsheet,Commercial-Property-Investment-Spreadsheet
8785,2,behavior bucks behavior plan,Behavior-Bucks-Behavior-Plan-Template
8786,2,blank ohio residential lease agreement,Blank-Ohio-Residential-Lease-Agreement
8787,2,brand audit,Brand-Audit-Template
8788,2,british airways financial statement,British-Airways-Financial-Statement
8789,2,contract for transportation services,Contract-for-Transportation-Services
8790,2,discovery answers,Discovery-Answers-Template
8791,2,domain power of attorney,Domain-Power-of-Attorney
8792,2,doctor receipt templates,Doctor-Receipt-Templates
8793,2,employee attendance register,Employee-Attendance-Register-Template
8794,2,employment application for carl jr,Employment-Application-for-Carl-Jr
8795,2,poster template landscape,a2-poster-template---landscape
8796,2,of salary payment certificate,Example-of-Salary-Payment-Certificate
8797,2,exclusive media representation agreement,Exclusive-Media-Representation-Agreement
8798,2,controlled foreign corporation certificate,Controlled-Foreign-Corporation-Certificate
8799,2,corporate sponsorship sales proposal,Corporate-Sponsorship-Sales-Proposal
8800,2,california rental agreement form,Free-California-Rental-Agreement-Form
8801,2,corporate value based management ppt form pdf,Corporate-Value-Based-Management-Ppt-Form---PDF
8802,2,creative concepts presentation guide,Creative-Concepts-Presentation-Guide
8803,2,invoice net,Invoice-Net-14
8804,2,guide to survival,A-Guide-To-Survival
8805,2,internet marketing branding report,Internet-Marketing-Branding-Report
8806,2,scca board of directors meeting minutes,SCCA-Board-of-Directors-meeting-minutes
8807,2,invoice sewa alat,Invoice-Sewa-Alat
8808,2,industrial training report for btech,Industrial-Training-Report-for-BTech
8809,2,informed consent dan hukum medis,Informed-Consent-Dan-Hukum-Medis
8810,2,job offer leter format,Job-Offer-Leter-Format
8811,2,membership credit card recurring billing authorization form,Membership-Credit-Card-Recurring-Billing-Authorization-Form
8812,2,memorandum of agreement tagalog version,Memorandum-of-Agreement-Tagalog-Version
8813,2,market sizing proposal,Market-Sizing-Proposal
8814,2,waiver of liability form jet ski,Free-Waiver-of-Liability-Form-Jet-Ski
8815,2,hair salon chair rental agreement,Hair-Salon-Chair-Rental-Agreement
8816,2,hair salon liability agreement,Hair-Salon-Liability-Agreement---DOC
8817,2,hair station booth rental contract,Hair-Station-Booth-Rental-Contract
8818,2,documentary proposal,Documentary-Proposal
8819,2,motivational letter requesting tour proposal to perform,Motivational-Letter-Requesting-Tour-Proposal-to-Perform
8820,2,india power of attorney to recruit employees,India-Power-of-Attorney-to-Recruit-Employees
8821,2,intranet and rfp and,Intranet-and-Rfp-and-Template
8822,2,lllp company agreement,Lllp-Company-Agreement
8823,2,format stock opname barang,Format-Stock-Opname-Barang
8824,2,general waiver of liability template makeup,General-Waiver-of-Liability-Template-Makeup
8825,2,logistic business market report,Logistic-Business-Market-Report
8826,2,how to fill out legal form gc,How-to-Fill-Out-Legal-Form-Gc-020
8827,2,letter request project sponsor interview,Letter-Request-Project-Sponsor-Interview
8828,2,idiots guide to private investigation,Idiots-Guide-to-Private-Investigation
8829,2,printable blank calendar,Printable-Blank-Calendar-Template
8830,2,reply to a inquiry for purchase,Reply-to-a-Inquiry-for-Purchase
8831,2,partnership purchase agreement,Partnership-purchase-agreement
8832,2,residential lease agreement for ohio,Residential-Lease-Agreement-for-Ohio
8833,2,project report on upcoming changes in insurance sector pdf,Project-Report-on-Upcoming-Changes-in-Insurance-Sector---PDF
8834,2,china third party payment industry report,China-Third-party-Payment-Industry-Report_-2010-2013_1_
8835,2,questions answer,Questions-Answer-Template
8836,2,business plan ecommerce,Sample-Business-Plan-Ecommerce
8837,2,sales lead form contractor,Sales-Lead-Form-Contractor
8838,2,internet marketing action plan,Sample-Internet-Marketing-Action-Plan
8839,2,ubuntu server guide,Ubuntu-Server-Guide
8840,2,seo services contract,SEO-Services-Contract
8841,2,samples of business memorandum of agreement for business partnership,Samples-of-Business-Memorandum-of-Agreement-for-Business-Partnership
8842,2,accounts receivable resume,accounts-receivable-resume-21
8843,2,contractor contract termination letter,Contractor-Contract-Termination-Letter
8844,2,simple lease contract agreement,Simple-Lease-Contract-Agreement
8845,2,day diet plan part,The-7-Day-Diet-Plan---Part-2
8846,2,visteon corp confidentiality agreement,VISTEON-CORP-Confidentiality-Agreement
8847,2,subcontractor agreement forms,free-subcontractor-agreement-forms
8848,2,spcb equal opportunities report,SPCB-Equal-Opportunities-Report-2003
8849,2,th amendment to the us constitution federal income tax,16th-Amendment-to-the-US-Constitution-----Federal-Income-Tax-_1913_--1
